[{"input": [[7, 7, 7], [0, 7, 0], [0, 7, 7]], "output": [[7, 7, 7, 7, 7, 7, 7, 7, 7], [0, 7, 0, 0, 7, 0, 0, 7, 0], [0, 7, 7, 0, 7, 7, 0, 7, 7], [0, 0, 0, 7, 7, 7, 0, 0, 0], [0, 0, 0, 0, 7, 0, 0, 0, 0], [0, 0, 0, 0, 7, 7, 0, 0, 0], [0, 0, 0, 7, 7, 7, 7, 7, 7], [0, 0, 0, 0, 7, 0, 0, 7, 0], [0, 0, 0, 0, 7, 7, 0, 7, 7]]}, {"input": [[0, 4, 0], [0, 0, 4], [0, 0, 0]], "output": [[0, 0, 0, 0, 4, 0, 0, 0, 0], [0, 0, 0, 0, 0, 4, 0, 0, 0], [0, 0, 0, 0, 0, 0, 0, 0, 0], [0, 0, 0, 0, 0, 0, 0, 4, 0], [0, 0, 0, 0, 0, 0, 0, 0, 4], [0, 0, 0, 0, 0, 0, 0, 0, 0], [0, 0, 0, 0, 0, 0, 0, 0, 0], [0, 0, 0, 0, 0, 0, 0, 0, 0], [0, 0, 0, 0, 0, 0, 0, 0, 0]]}, {"input": [[0, 1, 0], [0, 0, 0], [0, 1, 0]], "output": [[0, 0, 0, 0, 1, 0, 0, 0, 0], [0, 0, 0, 0, 0, 0, 0, 0, 0], [0, 0, 0, 0, 1, 0, 0, 0, 0], [0, 0, 0, 0, 0, 0, 0, 0, 0], [0, 0, 0, 0, 0, 0, 0, 0, 0], [0, 0, 0, 0, 0, 0, 0, 0, 0], [0, 0, 0, 0, 1, 0, 0, 0, 0], [0, 0, 0, 0, 0, 0, 0, 0, 0], [0, 0, 0, 0, 1, 0, 0, 0, 0]]}, {"input": [[5, 0, 5], [0, 0, 0], [5, 0, 5]], "output": [[5, 0, 5, 0, 0, 0, 5, 0, 5], [0, 0, 0, 0, 0, 0, 0, 0, 0], [5, 0, 5, 0, 0, 0, 5, 0, 5], [0, 0, 0, 0, 0, 0, 0, 0, 0], [0, 0, 0, 0, 0, 0, 0, 0, 0], [0, 0, 0, 0, 0, 0, 0, 0, 0], [5, 0, 5, 0, 0, 0, 5, 0, 5], [0, 0, 0, 0, 0, 0, 0, 0, 0], [5, 0, 5, 0, 0, 0, 5, 0, 5]]}, {"input": [[0, 9, 9], [9, 0, 9], [9, 9, 9]], "output": [[0, 0, 0, 0, 9, 9, 0, 9, 9], [0, 0, 0, 9, 0, 9, 9, 0, 9], [0, 0, 0, 9, 9, 9, 9, 9, 9], [0, 9, 9, 0, 0, 0, 0, 9, 9], [9, 0, 9, 0, 0, 0, 9, 0, 9], [9, 9, 9, 0, 0, 0, 9, 9, 9], [0, 9, 9, 0, 9, 9, 0, 9, 9], [9, 0, 9, 9, 0, 9, 9, 0, 9], [9, 9, 9, 9, 9, 9, 9, 9, 9]]}, {"input": [[8, 0, 0], [0, 8, 8], [8, 0, 0]], "output": [[8, 0, 0, 0, 0, 0, 0, 0, 0], [0, 8, 8, 0, 0, 0, 0, 0, 0], [8, 0, 0, 0, 0, 0, 0, 0, 0], [0, 0, 0, 8, 0, 0, 8, 0, 0], [0, 0, 0, 0, 8, 8, 0, 8, 8], [0, 0, 0, 8, 0, 0, 8, 0, 0], [8, 0, 0, 0, 0, 0, 0, 0, 0], [0, 8, 8, 0, 0, 0, 0, 0, 0], [8, 0, 0, 0, 0, 0, 0, 0, 0]]}, {"input": [[0, 0, 4], [4, 4, 4], [4, 4, 4]], "output": [[0, 0, 0, 0, 0, 0, 0, 0, 4], [0, 0, 0, 0, 0, 0, 4, 4, 4], [0, 0, 0, 0, 0, 0, 4, 4, 4], [0, 0, 4, 0, 0, 4, 0, 0, 4], [4, 4, 4, 4, 4, 4, 4, 4, 4], [4, 4, 4, 4, 4, 4, 4, 4, 4], [0, 0, 4, 0, 0, 4, 0, 0, 4], [4, 4, 4, 4, 4, 4, 4, 4, 4], [4, 4, 4, 4, 4, 4, 4, 4, 4]]}, {"input": [[6, 6, 6], [6, 6, 0], [6, 6, 6]], "output": [[6, 6, 6, 6, 6, 6, 6, 6, 6], [6, 6, 0, 6, 6, 0, 6, 6, 0], [6, 6, 6, 6, 6, 6, 6, 6, 6], [6, 6, 6, 6, 6, 6, 0, 0, 0], [6, 6, 0, 6, 6, 0, 0, 0, 0], [6, 6, 6, 6, 6, 6, 0, 0, 0], [6, 6, 6, 6, 6, 6, 6, 6, 6], [6, 6, 0, 6, 6, 0, 6, 6, 0], [6, 6, 6, 6, 6, 6, 6, 6, 6]]}, {"input": [[0, 4, 4], [4, 4, 4], [0, 0, 0]], "output": [[0, 0, 0, 0, 4, 4, 0, 4, 4], [0, 0, 0, 4, 4, 4, 4, 4, 4], [0, 0, 0, 0, 0, 0, 0, 0, 0], [0, 4, 4, 0, 4, 4, 0, 4, 4], [4, 4, 4, 4, 4, 4, 4, 4, 4], [0, 0, 0, 0, 0, 0, 0, 0, 0], [0, 0, 0, 0, 0, 0, 0, 0, 0], [0, 0, 0, 0, 0, 0, 0, 0, 0], [0, 0, 0, 0, 0, 0, 0, 0, 0]]}, {"input": [[0, 0, 0], [0, 0, 9], [0, 0, 9]], "output": [[0, 0, 0, 0, 0, 0, 0, 0, 0], [0, 0, 0, 0, 0, 0, 0, 0, 0], [0, 0, 0, 0, 0, 0, 0, 0, 0], [0, 0, 0, 0, 0, 0, 0, 0, 0], [0, 0, 0, 0, 0, 0, 0, 0, 9], [0, 0, 0, 0, 0, 0, 0, 0, 9], [0, 0, 0, 0, 0, 0, 0, 0, 0], [0, 0, 0, 0, 0, 0, 0, 0, 9], [0, 0, 0, 0, 0, 0, 0, 0, 9]]}, {"input": [[6, 0, 6], [6, 6, 6], [6, 6, 6]], "output": [[6, 0, 6, 0, 0, 0, 6, 0, 6], [6, 6, 6, 0, 0, 0, 6, 6, 6], [6, 6, 6, 0, 0, 0, 6, 6, 6], [6, 0, 6, 6, 0, 6, 6, 0, 6], [6, 6, 6, 6, 6, 6, 6, 6, 6], [6, 6, 6, 6, 6, 6, 6, 6, 6], [6, 0, 6, 6, 0, 6, 6, 0, 6], [6, 6, 6, 6, 6, 6, 6, 6, 6], [6, 6, 6, 6, 6, 6, 6, 6, 6]]}, {"input": [[3, 0, 0], [0, 0, 0], [3, 0, 0]], "output": [[3, 0, 0, 0, 0, 0, 0, 0, 0], [0, 0, 0, 0, 0, 0, 0, 0, 0], [3, 0, 0, 0, 0, 0, 0, 0, 0], [0, 0, 0, 0, 0, 0, 0, 0, 0], [0, 0, 0, 0, 0, 0, 0, 0, 0], [0, 0, 0, 0, 0, 0, 0, 0, 0], [3, 0, 0, 0, 0, 0, 0, 0, 0], [0, 0, 0, 0, 0, 0, 0, 0, 0], [3, 0, 0, 0, 0, 0, 0, 0, 0]]}, {"input": [[3, 0, 3], [3, 0, 0], [0, 0, 3]], "output": [[3, 0, 3, 0, 0, 0, 3, 0, 3], [3, 0, 0, 0, 0, 0, 3, 0, 0], [0, 0, 3, 0, 0, 0, 0, 0, 3], [3, 0, 3, 0, 0, 0, 0, 0, 0], [3, 0, 0, 0, 0, 0, 0, 0, 0], [0, 0, 3, 0, 0, 0, 0, 0, 0], [0, 0, 0, 0, 0, 0, 3, 0, 3], [0, 0, 0, 0, 0, 0, 3, 0, 0], [0, 0, 0, 0, 0, 0, 0, 0, 3]]}, {"input": [[0, 2, 0], [0, 0, 0], [0, 2, 0]], "output": [[0, 0, 0, 0, 2, 0, 0, 0, 0], [0, 0, 0, 0, 0, 0, 0, 0, 0], [0, 0, 0, 0, 2, 0, 0, 0, 0], [0, 0, 0, 0, 0, 0, 0, 0, 0], [0, 0, 0, 0, 0, 0, 0, 0, 0], [0, 0, 0, 0, 0, 0, 0, 0, 0], [0, 0, 0, 0, 2, 0, 0, 0, 0], [0, 0, 0, 0, 0, 0, 0, 0, 0], [0, 0, 0, 0, 2, 0, 0, 0, 0]]}, {"input": [[6, 6, 6], [0, 6, 6], [6, 0, 6]], "output": [[6, 6, 6, 6, 6, 6, 6, 6, 6], [0, 6, 6, 0, 6, 6, 0, 6, 6], [6, 0, 6, 6, 0, 6, 6, 0, 6], [0, 0, 0, 6, 6, 6, 6, 6, 6], [0, 0, 0, 0, 6, 6, 0, 6, 6], [0, 0, 0, 6, 0, 6, 6, 0, 6], [6, 6, 6, 0, 0, 0, 6, 6, 6], [0, 6, 6, 0, 0, 0, 0, 6, 6], [6, 0, 6, 0, 0, 0, 6, 0, 6]]}, {"input": [[0, 0, 0], [7, 7, 7], [0, 7, 7]], "output": [[0, 0, 0, 0, 0, 0, 0, 0, 0], [0, 0, 0, 0, 0, 0, 0, 0, 0], [0, 0, 0, 0, 0, 0, 0, 0, 0], [0, 0, 0, 0, 0, 0, 0, 0, 0], [7, 7, 7, 7, 7, 7, 7, 7, 7], [0, 7, 7, 0, 7, 7, 0, 7, 7], [0, 0, 0, 0, 0, 0, 0, 0, 0], [0, 0, 0, 7, 7, 7, 7, 7, 7], [0, 0, 0, 0, 7, 7, 0, 7, 7]]}, {"input": [[0, 0, 0], [0, 3, 0], [0, 3, 0]], "output": [[0, 0, 0, 0, 0, 0, 0, 0, 0], [0, 0, 0, 0, 0, 0, 0, 0, 0], [0, 0, 0, 0, 0, 0, 0, 0, 0], [0, 0, 0, 0, 0, 0, 0, 0, 0], [0, 0, 0, 0, 3, 0, 0, 0, 0], [0, 0, 0, 0, 3, 0, 0, 0, 0], [0, 0, 0, 0, 0, 0, 0, 0, 0], [0, 0, 0, 0, 3, 0, 0, 0, 0], [0, 0, 0, 0, 3, 0, 0, 0, 0]]}, {"input": [[1, 1, 1], [1, 1, 1], [1, 0, 1]], "output": [[1, 1, 1, 1, 1, 1, 1, 1, 1], [1, 1, 1, 1, 1, 1, 1, 1, 1], [1, 0, 1, 1, 0, 1, 1, 0, 1], [1, 1, 1, 1, 1, 1, 1, 1, 1], [1, 1, 1, 1, 1, 1, 1, 1, 1], [1, 0, 1, 1, 0, 1, 1, 0, 1], [1, 1, 1, 0, 0, 0, 1, 1, 1], [1, 1, 1, 0, 0, 0, 1, 1, 1], [1, 0, 1, 0, 0, 0, 1, 0, 1]]}, {"input": [[0, 5, 0], [5, 0, 5], [5, 0, 5]], "output": [[0, 0, 0, 0, 5, 0, 0, 0, 0], [0, 0, 0, 5, 0, 5, 0, 0, 0], [0, 0, 0, 5, 0, 5, 0, 0, 0], [0, 5, 0, 0, 0, 0, 0, 5, 0], [5, 0, 5, 0, 0, 0, 5, 0, 5], [5, 0, 5, 0, 0, 0, 5, 0, 5], [0, 5, 0, 0, 0, 0, 0, 5, 0], [5, 0, 5, 0, 0, 0, 5, 0, 5], [5, 0, 5, 0, 0, 0, 5, 0, 5]]}, {"input": [[0, 9, 0], [0, 0, 9], [0, 0, 0]], "output": [[0, 0, 0, 0, 9, 0, 0, 0, 0], [0, 0, 0, 0, 0, 9, 0, 0, 0], [0, 0, 0, 0, 0, 0, 0, 0, 0], [0, 0, 0, 0, 0, 0, 0, 9, 0], [0, 0, 0, 0, 0, 0, 0, 0, 9], [0, 0, 0, 0, 0, 0, 0, 0, 0], [0, 0, 0, 0, 0, 0, 0, 0, 0], [0, 0, 0, 0, 0, 0, 0, 0, 0], [0, 0, 0, 0, 0, 0, 0, 0, 0]]}, {"input": [[4, 0, 0], [0, 0, 0], [4, 0, 4]], "output": [[4, 0, 0, 0, 0, 0, 0, 0, 0], [0, 0, 0, 0, 0, 0, 0, 0, 0], [4, 0, 4, 0, 0, 0, 0, 0, 0], [0, 0, 0, 0, 0, 0, 0, 0, 0], [0, 0, 0, 0, 0, 0, 0, 0, 0], [0, 0, 0, 0, 0, 0, 0, 0, 0], [4, 0, 0, 0, 0, 0, 4, 0, 0], [0, 0, 0, 0, 0, 0, 0, 0, 0], [4, 0, 4, 0, 0, 0, 4, 0, 4]]}, {"input": [[8, 8, 8], [8, 0, 8], [8, 0, 0]], "output": [[8, 8, 8, 8, 8, 8, 8, 8, 8], [8, 0, 8, 8, 0, 8, 8, 0, 8], [8, 0, 0, 8, 0, 0, 8, 0, 0], [8, 8, 8, 0, 0, 0, 8, 8, 8], [8, 0, 8, 0, 0, 0, 8, 0, 8], [8, 0, 0, 0, 0, 0, 8, 0, 0], [8, 8, 8, 0, 0, 0, 0, 0, 0], [8, 0, 8, 0, 0, 0, 0, 0, 0], [8, 0, 0, 0, 0, 0, 0, 0, 0]]}, {"input": [[1, 1, 0], [1, 0, 1], [1, 1, 1]], "output": [[1, 1, 0, 1, 1, 0, 0, 0, 0], [1, 0, 1, 1, 0, 1, 0, 0, 0], [1, 1, 1, 1, 1, 1, 0, 0, 0], [1, 1, 0, 0, 0, 0, 1, 1, 0], [1, 0, 1, 0, 0, 0, 1, 0, 1], [1, 1, 1, 0, 0, 0, 1, 1, 1], [1, 1, 0, 1, 1, 0, 1, 1, 0], [1, 0, 1, 1, 0, 1, 1, 0, 1], [1, 1, 1, 1, 1, 1, 1, 1, 1]]}, {"input": [[0, 0, 0], [0, 6, 6], [6, 6, 0]], "output": [[0, 0, 0, 0, 0, 0, 0, 0, 0], [0, 0, 0, 0, 0, 0, 0, 0, 0], [0, 0, 0, 0, 0, 0, 0, 0, 0], [0, 0, 0, 0, 0, 0, 0, 0, 0], [0, 0, 0, 0, 6, 6, 0, 6, 6], [0, 0, 0, 6, 6, 0, 6, 6, 0], [0, 0, 0, 0, 0, 0, 0, 0, 0], [0, 6, 6, 0, 6, 6, 0, 0, 0], [6, 6, 0, 6, 6, 0, 0, 0, 0]]}, {"input": [[0, 1, 0], [1, 1, 1], [1, 0, 1]], "output": [[0, 0, 0, 0, 1, 0, 0, 0, 0], [0, 0, 0, 1, 1, 1, 0, 0, 0], [0, 0, 0, 1, 0, 1, 0, 0, 0], [0, 1, 0, 0, 1, 0, 0, 1, 0], [1, 1, 1, 1, 1, 1, 1, 1, 1], [1, 0, 1, 1, 0, 1, 1, 0, 1], [0, 1, 0, 0, 0, 0, 0, 1, 0], [1, 1, 1, 0, 0, 0, 1, 1, 1], [1, 0, 1, 0, 0, 0, 1, 0, 1]]}, {"input": [[0, 0, 6], [6, 0, 6], [6, 6, 6]], "output": [[0, 0, 0, 0, 0, 0, 0, 0, 6], [0, 0, 0, 0, 0, 0, 6, 0, 6], [0, 0, 0, 0, 0, 0, 6, 6, 6], [0, 0, 6, 0, 0, 0, 0, 0, 6], [6, 0, 6, 0, 0, 0, 6, 0, 6], [6, 6, 6, 0, 0, 0, 6, 6, 6], [0, 0, 6, 0, 0, 6, 0, 0, 6], [6, 0, 6, 6, 0, 6, 6, 0, 6], [6, 6, 6, 6, 6, 6, 6, 6, 6]]}, {"input": [[0, 0, 2], [0, 0, 0], [2, 2, 0]], "output": [[0, 0, 0, 0, 0, 0, 0, 0, 2], [0, 0, 0, 0, 0, 0, 0, 0, 0], [0, 0, 0, 0, 0, 0, 2, 2, 0], [0, 0, 0, 0, 0, 0, 0, 0, 0], [0, 0, 0, 0, 0, 0, 0, 0, 0], [0, 0, 0, 0, 0, 0, 0, 0, 0], [0, 0, 2, 0, 0, 2, 0, 0, 0], [0, 0, 0, 0, 0, 0, 0, 0, 0], [2, 2, 0, 2, 2, 0, 0, 0, 0]]}, {"input": [[7, 7, 0], [0, 7, 7], [7, 7, 7]], "output": [[7, 7, 0, 7, 7, 0, 0, 0, 0], [0, 7, 7, 0, 7, 7, 0, 0, 0], [7, 7, 7, 7, 7, 7, 0, 0, 0], [0, 0, 0, 7, 7, 0, 7, 7, 0], [0, 0, 0, 0, 7, 7, 0, 7, 7], [0, 0, 0, 7, 7, 7, 7, 7, 7], [7, 7, 0, 7, 7, 0, 7, 7, 0], [0, 7, 7, 0, 7, 7, 0, 7, 7], [7, 7, 7, 7, 7, 7, 7, 7, 7]]}, {"input": [[8, 8, 0], [0, 8, 0], [8, 0, 0]], "output": [[8, 8, 0, 8, 8, 0, 0, 0, 0], [0, 8, 0, 0, 8, 0, 0, 0, 0], [8, 0, 0, 8, 0, 0, 0, 0, 0], [0, 0, 0, 8, 8, 0, 0, 0, 0], [0, 0, 0, 0, 8, 0, 0, 0, 0], [0, 0, 0, 8, 0, 0, 0, 0, 0], [8, 8, 0, 0, 0, 0, 0, 0, 0], [0, 8, 0, 0, 0, 0, 0, 0, 0], [8, 0, 0, 0, 0, 0, 0, 0, 0]]}, {"input": [[0, 5, 5], [0, 0, 0], [0, 0, 5]], "output": [[0, 0, 0, 0, 5, 5, 0, 5, 5], [0, 0, 0, 0, 0, 0, 0, 0, 0], [0, 0, 0, 0, 0, 5, 0, 0, 5], [0, 0, 0, 0, 0, 0, 0, 0, 0], [0, 0, 0, 0, 0, 0, 0, 0, 0], [0, 0, 0, 0, 0, 0, 0, 0, 0], [0, 0, 0, 0, 0, 0, 0, 5, 5], [0, 0, 0, 0, 0, 0, 0, 0, 0], [0, 0, 0, 0, 0, 0, 0, 0, 5]]}, {"input": [[0, 0, 2], [2, 2, 0], [0, 0, 0]], "output": [[0, 0, 0, 0, 0, 0, 0, 0, 2], [0, 0, 0, 0, 0, 0, 2, 2, 0], [0, 0, 0, 0, 0, 0, 0, 0, 0], [0, 0, 2, 0, 0, 2, 0, 0, 0], [2, 2, 0, 2, 2, 0, 0, 0, 0], [0, 0, 0, 0, 0, 0, 0, 0, 0], [0, 0, 0, 0, 0, 0, 0, 0, 0], [0, 0, 0, 0, 0, 0, 0, 0, 0], [0, 0, 0, 0, 0, 0, 0, 0, 0]]}, {"input": [[7, 7, 0], [0, 7, 0], [7, 7, 7]], "output": [[7, 7, 0, 7, 7, 0, 0, 0, 0], [0, 7, 0, 0, 7, 0, 0, 0, 0], [7, 7, 7, 7, 7, 7, 0, 0, 0], [0, 0, 0, 7, 7, 0, 0, 0, 0], [0, 0, 0, 0, 7, 0, 0, 0, 0], [0, 0, 0, 7, 7, 7, 0, 0, 0], [7, 7, 0, 7, 7, 0, 7, 7, 0], [0, 7, 0, 0, 7, 0, 0, 7, 0], [7, 7, 7, 7, 7, 7, 7, 7, 7]]}, {"input": [[2, 2, 2], [0, 2, 0], [2, 2, 2]], "output": [[2, 2, 2, 2, 2, 2, 2, 2, 2], [0, 2, 0, 0, 2, 0, 0, 2, 0], [2, 2, 2, 2, 2, 2, 2, 2, 2], [0, 0, 0, 2, 2, 2, 0, 0, 0], [0, 0, 0, 0, 2, 0, 0, 0, 0], [0, 0, 0, 2, 2, 2, 0, 0, 0], [2, 2, 2, 2, 2, 2, 2, 2, 2], [0, 2, 0, 0, 2, 0, 0, 2, 0], [2, 2, 2, 2, 2, 2, 2, 2, 2]]}, {"input": [[7, 7, 0], [0, 0, 7], [0, 0, 0]], "output": [[7, 7, 0, 7, 7, 0, 0, 0, 0], [0, 0, 7, 0, 0, 7, 0, 0, 0], [0, 0, 0, 0, 0, 0, 0, 0, 0], [0, 0, 0, 0, 0, 0, 7, 7, 0], [0, 0, 0, 0, 0, 0, 0, 0, 7], [0, 0, 0, 0, 0, 0, 0, 0, 0], [0, 0, 0, 0, 0, 0, 0, 0, 0], [0, 0, 0, 0, 0, 0, 0, 0, 0], [0, 0, 0, 0, 0, 0, 0, 0, 0]]}, {"input": [[0, 8, 8], [8, 8, 0], [0, 8, 0]], "output": [[0, 0, 0, 0, 8, 8, 0, 8, 8], [0, 0, 0, 8, 8, 0, 8, 8, 0], [0, 0, 0, 0, 8, 0, 0, 8, 0], [0, 8, 8, 0, 8, 8, 0, 0, 0], [8, 8, 0, 8, 8, 0, 0, 0, 0], [0, 8, 0, 0, 8, 0, 0, 0, 0], [0, 0, 0, 0, 8, 8, 0, 0, 0], [0, 0, 0, 8, 8, 0, 0, 0, 0], [0, 0, 0, 0, 8, 0, 0, 0, 0]]}, {"input": [[1, 0, 0], [1, 1, 1], [1, 0, 1]], "output": [[1, 0, 0, 0, 0, 0, 0, 0, 0], [1, 1, 1, 0, 0, 0, 0, 0, 0], [1, 0, 1, 0, 0, 0, 0, 0, 0], [1, 0, 0, 1, 0, 0, 1, 0, 0], [1, 1, 1, 1, 1, 1, 1, 1, 1], [1, 0, 1, 1, 0, 1, 1, 0, 1], [1, 0, 0, 0, 0, 0, 1, 0, 0], [1, 1, 1, 0, 0, 0, 1, 1, 1], [1, 0, 1, 0, 0, 0, 1, 0, 1]]}, {"input": [[2, 0, 2], [0, 2, 0], [0, 2, 0]], "output": [[2, 0, 2, 0, 0, 0, 2, 0, 2], [0, 2, 0, 0, 0, 0, 0, 2, 0], [0, 2, 0, 0, 0, 0, 0, 2, 0], [0, 0, 0, 2, 0, 2, 0, 0, 0], [0, 0, 0, 0, 2, 0, 0, 0, 0], [0, 0, 0, 0, 2, 0, 0, 0, 0], [0, 0, 0, 2, 0, 2, 0, 0, 0], [0, 0, 0, 0, 2, 0, 0, 0, 0], [0, 0, 0, 0, 2, 0, 0, 0, 0]]}, {"input": [[0, 0, 8], [0, 8, 0], [8, 8, 0]], "output": [[0, 0, 0, 0, 0, 0, 0, 0, 8], [0, 0, 0, 0, 0, 0, 0, 8, 0], [0, 0, 0, 0, 0, 0, 8, 8, 0], [0, 0, 0, 0, 0, 8, 0, 0, 0], [0, 0, 0, 0, 8, 0, 0, 0, 0], [0, 0, 0, 8, 8, 0, 0, 0, 0], [0, 0, 8, 0, 0, 8, 0, 0, 0], [0, 8, 0, 0, 8, 0, 0, 0, 0], [8, 8, 0, 8, 8, 0, 0, 0, 0]]}, {"input": [[8, 8, 8], [0, 8, 8], [8, 8, 8]], "output": [[8, 8, 8, 8, 8, 8, 8, 8, 8], [0, 8, 8, 0, 8, 8, 0, 8, 8], [8, 8, 8, 8, 8, 8, 8, 8, 8], [0, 0, 0, 8, 8, 8, 8, 8, 8], [0, 0, 0, 0, 8, 8, 0, 8, 8], [0, 0, 0, 8, 8, 8, 8, 8, 8], [8, 8, 8, 8, 8, 8, 8, 8, 8], [0, 8, 8, 0, 8, 8, 0, 8, 8], [8, 8, 8, 8, 8, 8, 8, 8, 8]]}, {"input": [[0, 8, 8], [8, 8, 0], [8, 8, 8]], "output": [[0, 0, 0, 0, 8, 8, 0, 8, 8], [0, 0, 0, 8, 8, 0, 8, 8, 0], [0, 0, 0, 8, 8, 8, 8, 8, 8], [0, 8, 8, 0, 8, 8, 0, 0, 0], [8, 8, 0, 8, 8, 0, 0, 0, 0], [8, 8, 8, 8, 8, 8, 0, 0, 0], [0, 8, 8, 0, 8, 8, 0, 8, 8], [8, 8, 0, 8, 8, 0, 8, 8, 0], [8, 8, 8, 8, 8, 8, 8, 8, 8]]}, {"input": [[1, 1, 0], [1, 1, 1], [1, 1, 0]], "output": [[1, 1, 0, 1, 1, 0, 0, 0, 0], [1, 1, 1, 1, 1, 1, 0, 0, 0], [1, 1, 0, 1, 1, 0, 0, 0, 0], [1, 1, 0, 1, 1, 0, 1, 1, 0], [1, 1, 1, 1, 1, 1, 1, 1, 1], [1, 1, 0, 1, 1, 0, 1, 1, 0], [1, 1, 0, 1, 1, 0, 0, 0, 0], [1, 1, 1, 1, 1, 1, 0, 0, 0], [1, 1, 0, 1, 1, 0, 0, 0, 0]]}, {"input": [[6, 6, 0], [6, 6, 6], [6, 0, 6]], "output": [[6, 6, 0, 6, 6, 0, 0, 0, 0], [6, 6, 6, 6, 6, 6, 0, 0, 0], [6, 0, 6, 6, 0, 6, 0, 0, 0], [6, 6, 0, 6, 6, 0, 6, 6, 0], [6, 6, 6, 6, 6, 6, 6, 6, 6], [6, 0, 6, 6, 0, 6, 6, 0, 6], [6, 6, 0, 0, 0, 0, 6, 6, 0], [6, 6, 6, 0, 0, 0, 6, 6, 6], [6, 0, 6, 0, 0, 0, 6, 0, 6]]}, {"input": [[0, 0, 0], [1, 0, 0], [0, 0, 1]], "output": [[0, 0, 0, 0, 0, 0, 0, 0, 0], [0, 0, 0, 0, 0, 0, 0, 0, 0], [0, 0, 0, 0, 0, 0, 0, 0, 0], [0, 0, 0, 0, 0, 0, 0, 0, 0], [1, 0, 0, 0, 0, 0, 0, 0, 0], [0, 0, 1, 0, 0, 0, 0, 0, 0], [0, 0, 0, 0, 0, 0, 0, 0, 0], [0, 0, 0, 0, 0, 0, 1, 0, 0], [0, 0, 0, 0, 0, 0, 0, 0, 1]]}, {"input": [[2, 2, 0], [2, 2, 2], [2, 2, 2]], "output": [[2, 2, 0, 2, 2, 0, 0, 0, 0], [2, 2, 2, 2, 2, 2, 0, 0, 0], [2, 2, 2, 2, 2, 2, 0, 0, 0], [2, 2, 0, 2, 2, 0, 2, 2, 0], [2, 2, 2, 2, 2, 2, 2, 2, 2], [2, 2, 2, 2, 2, 2, 2, 2, 2], [2, 2, 0, 2, 2, 0, 2, 2, 0], [2, 2, 2, 2, 2, 2, 2, 2, 2], [2, 2, 2, 2, 2, 2, 2, 2, 2]]}, {"input": [[4, 0, 4], [0, 4, 0], [0, 0, 4]], "output": [[4, 0, 4, 0, 0, 0, 4, 0, 4], [0, 4, 0, 0, 0, 0, 0, 4, 0], [0, 0, 4, 0, 0, 0, 0, 0, 4], [0, 0, 0, 4, 0, 4, 0, 0, 0], [0, 0, 0, 0, 4, 0, 0, 0, 0], [0, 0, 0, 0, 0, 4, 0, 0, 0], [0, 0, 0, 0, 0, 0, 4, 0, 4], [0, 0, 0, 0, 0, 0, 0, 4, 0], [0, 0, 0, 0, 0, 0, 0, 0, 4]]}, {"input": [[2, 2, 2], [0, 2, 0], [0, 0, 2]], "output": [[2, 2, 2, 2, 2, 2, 2, 2, 2], [0, 2, 0, 0, 2, 0, 0, 2, 0], [0, 0, 2, 0, 0, 2, 0, 0, 2], [0, 0, 0, 2, 2, 2, 0, 0, 0], [0, 0, 0, 0, 2, 0, 0, 0, 0], [0, 0, 0, 0, 0, 2, 0, 0, 0], [0, 0, 0, 0, 0, 0, 2, 2, 2], [0, 0, 0, 0, 0, 0, 0, 2, 0], [0, 0, 0, 0, 0, 0, 0, 0, 2]]}, {"input": [[0, 0, 2], [2, 0, 0], [0, 0, 0]], "output": [[0, 0, 0, 0, 0, 0, 0, 0, 2], [0, 0, 0, 0, 0, 0, 2, 0, 0], [0, 0, 0, 0, 0, 0, 0, 0, 0], [0, 0, 2, 0, 0, 0, 0, 0, 0], [2, 0, 0, 0, 0, 0, 0, 0, 0], [0, 0, 0, 0, 0, 0, 0, 0, 0], [0, 0, 0, 0, 0, 0, 0, 0, 0], [0, 0, 0, 0, 0, 0, 0, 0, 0], [0, 0, 0, 0, 0, 0, 0, 0, 0]]}, {"input": [[0, 0, 0], [7, 7, 0], [7, 7, 0]], "output": [[0, 0, 0, 0, 0, 0, 0, 0, 0], [0, 0, 0, 0, 0, 0, 0, 0, 0], [0, 0, 0, 0, 0, 0, 0, 0, 0], [0, 0, 0, 0, 0, 0, 0, 0, 0], [7, 7, 0, 7, 7, 0, 0, 0, 0], [7, 7, 0, 7, 7, 0, 0, 0, 0], [0, 0, 0, 0, 0, 0, 0, 0, 0], [7, 7, 0, 7, 7, 0, 0, 0, 0], [7, 7, 0, 7, 7, 0, 0, 0, 0]]}, {"input": [[2, 0, 0], [0, 0, 0], [0, 2, 2]], "output": [[2, 0, 0, 0, 0, 0, 0, 0, 0], [0, 0, 0, 0, 0, 0, 0, 0, 0], [0, 2, 2, 0, 0, 0, 0, 0, 0], [0, 0, 0, 0, 0, 0, 0, 0, 0], [0, 0, 0, 0, 0, 0, 0, 0, 0], [0, 0, 0, 0, 0, 0, 0, 0, 0], [0, 0, 0, 2, 0, 0, 2, 0, 0], [0, 0, 0, 0, 0, 0, 0, 0, 0], [0, 0, 0, 0, 2, 2, 0, 2, 2]]}, {"input": [[6, 6, 6], [6, 6, 0], [6, 0, 6]], "output": [[6, 6, 6, 6, 6, 6, 6, 6, 6], [6, 6, 0, 6, 6, 0, 6, 6, 0], [6, 0, 6, 6, 0, 6, 6, 0, 6], [6, 6, 6, 6, 6, 6, 0, 0, 0], [6, 6, 0, 6, 6, 0, 0, 0, 0], [6, 0, 6, 6, 0, 6, 0, 0, 0], [6, 6, 6, 0, 0, 0, 6, 6, 6], [6, 6, 0, 0, 0, 0, 6, 6, 0], [6, 0, 6, 0, 0, 0, 6, 0, 6]]}, {"input": [[0, 8, 0], [8, 8, 8], [8, 0, 8]], "output": [[0, 0, 0, 0, 8, 0, 0, 0, 0], [0, 0, 0, 8, 8, 8, 0, 0, 0], [0, 0, 0, 8, 0, 8, 0, 0, 0], [0, 8, 0, 0, 8, 0, 0, 8, 0], [8, 8, 8, 8, 8, 8, 8, 8, 8], [8, 0, 8, 8, 0, 8, 8, 0, 8], [0, 8, 0, 0, 0, 0, 0, 8, 0], [8, 8, 8, 0, 0, 0, 8, 8, 8], [8, 0, 8, 0, 0, 0, 8, 0, 8]]}, {"input": [[0, 5, 0], [0, 0, 0], [5, 0, 5]], "output": [[0, 0, 0, 0, 5, 0, 0, 0, 0], [0, 0, 0, 0, 0, 0, 0, 0, 0], [0, 0, 0, 5, 0, 5, 0, 0, 0], [0, 0, 0, 0, 0, 0, 0, 0, 0], [0, 0, 0, 0, 0, 0, 0, 0, 0], [0, 0, 0, 0, 0, 0, 0, 0, 0], [0, 5, 0, 0, 0, 0, 0, 5, 0], [0, 0, 0, 0, 0, 0, 0, 0, 0], [5, 0, 5, 0, 0, 0, 5, 0, 5]]}, {"input": [[5, 5, 0], [0, 5, 0], [5, 0, 0]], "output": [[5, 5, 0, 5, 5, 0, 0, 0, 0], [0, 5, 0, 0, 5, 0, 0, 0, 0], [5, 0, 0, 5, 0, 0, 0, 0, 0], [0, 0, 0, 5, 5, 0, 0, 0, 0], [0, 0, 0, 0, 5, 0, 0, 0, 0], [0, 0, 0, 5, 0, 0, 0, 0, 0], [5, 5, 0, 0, 0, 0, 0, 0, 0], [0, 5, 0, 0, 0, 0, 0, 0, 0], [5, 0, 0, 0, 0, 0, 0, 0, 0]]}, {"input": [[8, 0, 0], [8, 0, 0], [0, 0, 0]], "output": [[8, 0, 0, 0, 0, 0, 0, 0, 0], [8, 0, 0, 0, 0, 0, 0, 0, 0], [0, 0, 0, 0, 0, 0, 0, 0, 0], [8, 0, 0, 0, 0, 0, 0, 0, 0], [8, 0, 0, 0, 0, 0, 0, 0, 0], [0, 0, 0, 0, 0, 0, 0, 0, 0], [0, 0, 0, 0, 0, 0, 0, 0, 0], [0, 0, 0, 0, 0, 0, 0, 0, 0], [0, 0, 0, 0, 0, 0, 0, 0, 0]]}, {"input": [[0, 9, 0], [9, 0, 0], [9, 9, 9]], "output": [[0, 0, 0, 0, 9, 0, 0, 0, 0], [0, 0, 0, 9, 0, 0, 0, 0, 0], [0, 0, 0, 9, 9, 9, 0, 0, 0], [0, 9, 0, 0, 0, 0, 0, 0, 0], [9, 0, 0, 0, 0, 0, 0, 0, 0], [9, 9, 9, 0, 0, 0, 0, 0, 0], [0, 9, 0, 0, 9, 0, 0, 9, 0], [9, 0, 0, 9, 0, 0, 9, 0, 0], [9, 9, 9, 9, 9, 9, 9, 9, 9]]}, {"input": [[0, 0, 0], [0, 0, 0], [8, 0, 8]], "output": [[0, 0, 0, 0, 0, 0, 0, 0, 0], [0, 0, 0, 0, 0, 0, 0, 0, 0], [0, 0, 0, 0, 0, 0, 0, 0, 0], [0, 0, 0, 0, 0, 0, 0, 0, 0], [0, 0, 0, 0, 0, 0, 0, 0, 0], [0, 0, 0, 0, 0, 0, 0, 0, 0], [0, 0, 0, 0, 0, 0, 0, 0, 0], [0, 0, 0, 0, 0, 0, 0, 0, 0], [8, 0, 8, 0, 0, 0, 8, 0, 8]]}, {"input": [[9, 0, 0], [9, 0, 0], [9, 9, 9]], "output": [[9, 0, 0, 0, 0, 0, 0, 0, 0], [9, 0, 0, 0, 0, 0, 0, 0, 0], [9, 9, 9, 0, 0, 0, 0, 0, 0], [9, 0, 0, 0, 0, 0, 0, 0, 0], [9, 0, 0, 0, 0, 0, 0, 0, 0], [9, 9, 9, 0, 0, 0, 0, 0, 0], [9, 0, 0, 9, 0, 0, 9, 0, 0], [9, 0, 0, 9, 0, 0, 9, 0, 0], [9, 9, 9, 9, 9, 9, 9, 9, 9]]}, {"input": [[4, 4, 4], [4, 4, 0], [0, 4, 4]], "output": [[4, 4, 4, 4, 4, 4, 4, 4, 4], [4, 4, 0, 4, 4, 0, 4, 4, 0], [0, 4, 4, 0, 4, 4, 0, 4, 4], [4, 4, 4, 4, 4, 4, 0, 0, 0], [4, 4, 0, 4, 4, 0, 0, 0, 0], [0, 4, 4, 0, 4, 4, 0, 0, 0], [0, 0, 0, 4, 4, 4, 4, 4, 4], [0, 0, 0, 4, 4, 0, 4, 4, 0], [0, 0, 0, 0, 4, 4, 0, 4, 4]]}, {"input": [[5, 5, 0], [0, 0, 0], [0, 0, 0]], "output": [[5, 5, 0, 5, 5, 0, 0, 0, 0], [0, 0, 0, 0, 0, 0, 0, 0, 0], [0, 0, 0, 0, 0, 0, 0, 0, 0], [0, 0, 0, 0, 0, 0, 0, 0, 0], [0, 0, 0, 0, 0, 0, 0, 0, 0], [0, 0, 0, 0, 0, 0, 0, 0, 0], [0, 0, 0, 0, 0, 0, 0, 0, 0], [0, 0, 0, 0, 0, 0, 0, 0, 0], [0, 0, 0, 0, 0, 0, 0, 0, 0]]}, {"input": [[0, 8, 8], [8, 8, 8], [0, 0, 0]], "output": [[0, 0, 0, 0, 8, 8, 0, 8, 8], [0, 0, 0, 8, 8, 8, 8, 8, 8], [0, 0, 0, 0, 0, 0, 0, 0, 0], [0, 8, 8, 0, 8, 8, 0, 8, 8], [8, 8, 8, 8, 8, 8, 8, 8, 8], [0, 0, 0, 0, 0, 0, 0, 0, 0], [0, 0, 0, 0, 0, 0, 0, 0, 0], [0, 0, 0, 0, 0, 0, 0, 0, 0], [0, 0, 0, 0, 0, 0, 0, 0, 0]]}, {"input": [[0, 0, 4], [4, 0, 0], [0, 0, 0]], "output": [[0, 0, 0, 0, 0, 0, 0, 0, 4], [0, 0, 0, 0, 0, 0, 4, 0, 0], [0, 0, 0, 0, 0, 0, 0, 0, 0], [0, 0, 4, 0, 0, 0, 0, 0, 0], [4, 0, 0, 0, 0, 0, 0, 0, 0], [0, 0, 0, 0, 0, 0, 0, 0, 0], [0, 0, 0, 0, 0, 0, 0, 0, 0], [0, 0, 0, 0, 0, 0, 0, 0, 0], [0, 0, 0, 0, 0, 0, 0, 0, 0]]}, {"input": [[3, 0, 3], [3, 3, 0], [3, 3, 3]], "output": [[3, 0, 3, 0, 0, 0, 3, 0, 3], [3, 3, 0, 0, 0, 0, 3, 3, 0], [3, 3, 3, 0, 0, 0, 3, 3, 3], [3, 0, 3, 3, 0, 3, 0, 0, 0], [3, 3, 0, 3, 3, 0, 0, 0, 0], [3, 3, 3, 3, 3, 3, 0, 0, 0], [3, 0, 3, 3, 0, 3, 3, 0, 3], [3, 3, 0, 3, 3, 0, 3, 3, 0], [3, 3, 3, 3, 3, 3, 3, 3, 3]]}, {"input": [[0, 0, 8], [8, 0, 8], [0, 0, 0]], "output": [[0, 0, 0, 0, 0, 0, 0, 0, 8], [0, 0, 0, 0, 0, 0, 8, 0, 8], [0, 0, 0, 0, 0, 0, 0, 0, 0], [0, 0, 8, 0, 0, 0, 0, 0, 8], [8, 0, 8, 0, 0, 0, 8, 0, 8], [0, 0, 0, 0, 0, 0, 0, 0, 0], [0, 0, 0, 0, 0, 0, 0, 0, 0], [0, 0, 0, 0, 0, 0, 0, 0, 0], [0, 0, 0, 0, 0, 0, 0, 0, 0]]}, {"input": [[7, 7, 0], [7, 0, 0], [7, 7, 7]], "output": [[7, 7, 0, 7, 7, 0, 0, 0, 0], [7, 0, 0, 7, 0, 0, 0, 0, 0], [7, 7, 7, 7, 7, 7, 0, 0, 0], [7, 7, 0, 0, 0, 0, 0, 0, 0], [7, 0, 0, 0, 0, 0, 0, 0, 0], [7, 7, 7, 0, 0, 0, 0, 0, 0], [7, 7, 0, 7, 7, 0, 7, 7, 0], [7, 0, 0, 7, 0, 0, 7, 0, 0], [7, 7, 7, 7, 7, 7, 7, 7, 7]]}, {"input": [[5, 5, 5], [5, 5, 0], [5, 5, 5]], "output": [[5, 5, 5, 5, 5, 5, 5, 5, 5], [5, 5, 0, 5, 5, 0, 5, 5, 0], [5, 5, 5, 5, 5, 5, 5, 5, 5], [5, 5, 5, 5, 5, 5, 0, 0, 0], [5, 5, 0, 5, 5, 0, 0, 0, 0], [5, 5, 5, 5, 5, 5, 0, 0, 0], [5, 5, 5, 5, 5, 5, 5, 5, 5], [5, 5, 0, 5, 5, 0, 5, 5, 0], [5, 5, 5, 5, 5, 5, 5, 5, 5]]}, {"input": [[0, 0, 0], [0, 1, 1], [0, 1, 0]], "output": [[0, 0, 0, 0, 0, 0, 0, 0, 0], [0, 0, 0, 0, 0, 0, 0, 0, 0], [0, 0, 0, 0, 0, 0, 0, 0, 0], [0, 0, 0, 0, 0, 0, 0, 0, 0], [0, 0, 0, 0, 1, 1, 0, 1, 1], [0, 0, 0, 0, 1, 0, 0, 1, 0], [0, 0, 0, 0, 0, 0, 0, 0, 0], [0, 0, 0, 0, 1, 1, 0, 0, 0], [0, 0, 0, 0, 1, 0, 0, 0, 0]]}, {"input": [[6, 6, 0], [0, 0, 0], [6, 6, 0]], "output": [[6, 6, 0, 6, 6, 0, 0, 0, 0], [0, 0, 0, 0, 0, 0, 0, 0, 0], [6, 6, 0, 6, 6, 0, 0, 0, 0], [0, 0, 0, 0, 0, 0, 0, 0, 0], [0, 0, 0, 0, 0, 0, 0, 0, 0], [0, 0, 0, 0, 0, 0, 0, 0, 0], [6, 6, 0, 6, 6, 0, 0, 0, 0], [0, 0, 0, 0, 0, 0, 0, 0, 0], [6, 6, 0, 6, 6, 0, 0, 0, 0]]}, {"input": [[2, 2, 2], [0, 2, 2], [2, 2, 2]], "output": [[2, 2, 2, 2, 2, 2, 2, 2, 2], [0, 2, 2, 0, 2, 2, 0, 2, 2], [2, 2, 2, 2, 2, 2, 2, 2, 2], [0, 0, 0, 2, 2, 2, 2, 2, 2], [0, 0, 0, 0, 2, 2, 0, 2, 2], [0, 0, 0, 2, 2, 2, 2, 2, 2], [2, 2, 2, 2, 2, 2, 2, 2, 2], [0, 2, 2, 0, 2, 2, 0, 2, 2], [2, 2, 2, 2, 2, 2, 2, 2, 2]]}, {"input": [[4, 4, 0], [4, 0, 4], [0, 0, 4]], "output": [[4, 4, 0, 4, 4, 0, 0, 0, 0], [4, 0, 4, 4, 0, 4, 0, 0, 0], [0, 0, 4, 0, 0, 4, 0, 0, 0], [4, 4, 0, 0, 0, 0, 4, 4, 0], [4, 0, 4, 0, 0, 0, 4, 0, 4], [0, 0, 4, 0, 0, 0, 0, 0, 4], [0, 0, 0, 0, 0, 0, 4, 4, 0], [0, 0, 0, 0, 0, 0, 4, 0, 4], [0, 0, 0, 0, 0, 0, 0, 0, 4]]}, {"input": [[7, 0, 0], [0, 7, 0], [0, 0, 0]], "output": [[7, 0, 0, 0, 0, 0, 0, 0, 0], [0, 7, 0, 0, 0, 0, 0, 0, 0], [0, 0, 0, 0, 0, 0, 0, 0, 0], [0, 0, 0, 7, 0, 0, 0, 0, 0], [0, 0, 0, 0, 7, 0, 0, 0, 0], [0, 0, 0, 0, 0, 0, 0, 0, 0], [0, 0, 0, 0, 0, 0, 0, 0, 0], [0, 0, 0, 0, 0, 0, 0, 0, 0], [0, 0, 0, 0, 0, 0, 0, 0, 0]]}, {"input": [[9, 9, 9], [0, 9, 0], [9, 9, 0]], "output": [[9, 9, 9, 9, 9, 9, 9, 9, 9], [0, 9, 0, 0, 9, 0, 0, 9, 0], [9, 9, 0, 9, 9, 0, 9, 9, 0], [0, 0, 0, 9, 9, 9, 0, 0, 0], [0, 0, 0, 0, 9, 0, 0, 0, 0], [0, 0, 0, 9, 9, 0, 0, 0, 0], [9, 9, 9, 9, 9, 9, 0, 0, 0], [0, 9, 0, 0, 9, 0, 0, 0, 0], [9, 9, 0, 9, 9, 0, 0, 0, 0]]}, {"input": [[0, 5, 0], [0, 5, 0], [0, 0, 0]], "output": [[0, 0, 0, 0, 5, 0, 0, 0, 0], [0, 0, 0, 0, 5, 0, 0, 0, 0], [0, 0, 0, 0, 0, 0, 0, 0, 0], [0, 0, 0, 0, 5, 0, 0, 0, 0], [0, 0, 0, 0, 5, 0, 0, 0, 0], [0, 0, 0, 0, 0, 0, 0, 0, 0], [0, 0, 0, 0, 0, 0, 0, 0, 0], [0, 0, 0, 0, 0, 0, 0, 0, 0], [0, 0, 0, 0, 0, 0, 0, 0, 0]]}, {"input": [[0, 5, 0], [0, 0, 0], [5, 0, 0]], "output": [[0, 0, 0, 0, 5, 0, 0, 0, 0], [0, 0, 0, 0, 0, 0, 0, 0, 0], [0, 0, 0, 5, 0, 0, 0, 0, 0], [0, 0, 0, 0, 0, 0, 0, 0, 0], [0, 0, 0, 0, 0, 0, 0, 0, 0], [0, 0, 0, 0, 0, 0, 0, 0, 0], [0, 5, 0, 0, 0, 0, 0, 0, 0], [0, 0, 0, 0, 0, 0, 0, 0, 0], [5, 0, 0, 0, 0, 0, 0, 0, 0]]}, {"input": [[4, 4, 0], [0, 0, 0], [0, 0, 4]], "output": [[4, 4, 0, 4, 4, 0, 0, 0, 0], [0, 0, 0, 0, 0, 0, 0, 0, 0], [0, 0, 4, 0, 0, 4, 0, 0, 0], [0, 0, 0, 0, 0, 0, 0, 0, 0], [0, 0, 0, 0, 0, 0, 0, 0, 0], [0, 0, 0, 0, 0, 0, 0, 0, 0], [0, 0, 0, 0, 0, 0, 4, 4, 0], [0, 0, 0, 0, 0, 0, 0, 0, 0], [0, 0, 0, 0, 0, 0, 0, 0, 4]]}, {"input": [[7, 0, 7], [7, 7, 7], [7, 7, 7]], "output": [[7, 0, 7, 0, 0, 0, 7, 0, 7], [7, 7, 7, 0, 0, 0, 7, 7, 7], [7, 7, 7, 0, 0, 0, 7, 7, 7], [7, 0, 7, 7, 0, 7, 7, 0, 7], [7, 7, 7, 7, 7, 7, 7, 7, 7], [7, 7, 7, 7, 7, 7, 7, 7, 7], [7, 0, 7, 7, 0, 7, 7, 0, 7], [7, 7, 7, 7, 7, 7, 7, 7, 7], [7, 7, 7, 7, 7, 7, 7, 7, 7]]}, {"input": [[3, 3, 3], [0, 3, 3], [0, 3, 3]], "output": [[3, 3, 3, 3, 3, 3, 3, 3, 3], [0, 3, 3, 0, 3, 3, 0, 3, 3], [0, 3, 3, 0, 3, 3, 0, 3, 3], [0, 0, 0, 3, 3, 3, 3, 3, 3], [0, 0, 0, 0, 3, 3, 0, 3, 3], [0, 0, 0, 0, 3, 3, 0, 3, 3], [0, 0, 0, 3, 3, 3, 3, 3, 3], [0, 0, 0, 0, 3, 3, 0, 3, 3], [0, 0, 0, 0, 3, 3, 0, 3, 3]]}, {"input": [[0, 9, 9], [9, 0, 0], [0, 0, 9]], "output": [[0, 0, 0, 0, 9, 9, 0, 9, 9], [0, 0, 0, 9, 0, 0, 9, 0, 0], [0, 0, 0, 0, 0, 9, 0, 0, 9], [0, 9, 9, 0, 0, 0, 0, 0, 0], [9, 0, 0, 0, 0, 0, 0, 0, 0], [0, 0, 9, 0, 0, 0, 0, 0, 0], [0, 0, 0, 0, 0, 0, 0, 9, 9], [0, 0, 0, 0, 0, 0, 9, 0, 0], [0, 0, 0, 0, 0, 0, 0, 0, 9]]}, {"input": [[7, 7, 7], [7, 0, 7], [7, 7, 7]], "output": [[7, 7, 7, 7, 7, 7, 7, 7, 7], [7, 0, 7, 7, 0, 7, 7, 0, 7], [7, 7, 7, 7, 7, 7, 7, 7, 7], [7, 7, 7, 0, 0, 0, 7, 7, 7], [7, 0, 7, 0, 0, 0, 7, 0, 7], [7, 7, 7, 0, 0, 0, 7, 7, 7], [7, 7, 7, 7, 7, 7, 7, 7, 7], [7, 0, 7, 7, 0, 7, 7, 0, 7], [7, 7, 7, 7, 7, 7, 7, 7, 7]]}, {"input": [[0, 0, 0], [7, 0, 0], [0, 7, 7]], "output": [[0, 0, 0, 0, 0, 0, 0, 0, 0], [0, 0, 0, 0, 0, 0, 0, 0, 0], [0, 0, 0, 0, 0, 0, 0, 0, 0], [0, 0, 0, 0, 0, 0, 0, 0, 0], [7, 0, 0, 0, 0, 0, 0, 0, 0], [0, 7, 7, 0, 0, 0, 0, 0, 0], [0, 0, 0, 0, 0, 0, 0, 0, 0], [0, 0, 0, 7, 0, 0, 7, 0, 0], [0, 0, 0, 0, 7, 7, 0, 7, 7]]}, {"input": [[8, 0, 0], [8, 0, 0], [8, 0, 0]], "output": [[8, 0, 0, 0, 0, 0, 0, 0, 0], [8, 0, 0, 0, 0, 0, 0, 0, 0], [8, 0, 0, 0, 0, 0, 0, 0, 0], [8, 0, 0, 0, 0, 0, 0, 0, 0], [8, 0, 0, 0, 0, 0, 0, 0, 0], [8, 0, 0, 0, 0, 0, 0, 0, 0], [8, 0, 0, 0, 0, 0, 0, 0, 0], [8, 0, 0, 0, 0, 0, 0, 0, 0], [8, 0, 0, 0, 0, 0, 0, 0, 0]]}, {"input": [[4, 0, 4], [4, 4, 0], [0, 0, 4]], "output": [[4, 0, 4, 0, 0, 0, 4, 0, 4], [4, 4, 0, 0, 0, 0, 4, 4, 0], [0, 0, 4, 0, 0, 0, 0, 0, 4], [4, 0, 4, 4, 0, 4, 0, 0, 0], [4, 4, 0, 4, 4, 0, 0, 0, 0], [0, 0, 4, 0, 0, 4, 0, 0, 0], [0, 0, 0, 0, 0, 0, 4, 0, 4], [0, 0, 0, 0, 0, 0, 4, 4, 0], [0, 0, 0, 0, 0, 0, 0, 0, 4]]}, {"input": [[0, 4, 4], [4, 4, 4], [4, 4, 4]], "output": [[0, 0, 0, 0, 4, 4, 0, 4, 4], [0, 0, 0, 4, 4, 4, 4, 4, 4], [0, 0, 0, 4, 4, 4, 4, 4, 4], [0, 4, 4, 0, 4, 4, 0, 4, 4], [4, 4, 4, 4, 4, 4, 4, 4, 4], [4, 4, 4, 4, 4, 4, 4, 4, 4], [0, 4, 4, 0, 4, 4, 0, 4, 4], [4, 4, 4, 4, 4, 4, 4, 4, 4], [4, 4, 4, 4, 4, 4, 4, 4, 4]]}, {"input": [[6, 0, 6], [0, 0, 6], [6, 0, 6]], "output": [[6, 0, 6, 0, 0, 0, 6, 0, 6], [0, 0, 6, 0, 0, 0, 0, 0, 6], [6, 0, 6, 0, 0, 0, 6, 0, 6], [0, 0, 0, 0, 0, 0, 6, 0, 6], [0, 0, 0, 0, 0, 0, 0, 0, 6], [0, 0, 0, 0, 0, 0, 6, 0, 6], [6, 0, 6, 0, 0, 0, 6, 0, 6], [0, 0, 6, 0, 0, 0, 0, 0, 6], [6, 0, 6, 0, 0, 0, 6, 0, 6]]}, {"input": [[0, 0, 0], [8, 0, 0], [0, 8, 0]], "output": [[0, 0, 0, 0, 0, 0, 0, 0, 0], [0, 0, 0, 0, 0, 0, 0, 0, 0], [0, 0, 0, 0, 0, 0, 0, 0, 0], [0, 0, 0, 0, 0, 0, 0, 0, 0], [8, 0, 0, 0, 0, 0, 0, 0, 0], [0, 8, 0, 0, 0, 0, 0, 0, 0], [0, 0, 0, 0, 0, 0, 0, 0, 0], [0, 0, 0, 8, 0, 0, 0, 0, 0], [0, 0, 0, 0, 8, 0, 0, 0, 0]]}, {"input": [[0, 0, 0], [2, 2, 2], [0, 2, 0]], "output": [[0, 0, 0, 0, 0, 0, 0, 0, 0], [0, 0, 0, 0, 0, 0, 0, 0, 0], [0, 0, 0, 0, 0, 0, 0, 0, 0], [0, 0, 0, 0, 0, 0, 0, 0, 0], [2, 2, 2, 2, 2, 2, 2, 2, 2], [0, 2, 0, 0, 2, 0, 0, 2, 0], [0, 0, 0, 0, 0, 0, 0, 0, 0], [0, 0, 0, 2, 2, 2, 0, 0, 0], [0, 0, 0, 0, 2, 0, 0, 0, 0]]}, {"input": [[0, 0, 0], [0, 5, 0], [0, 5, 0]], "output": [[0, 0, 0, 0, 0, 0, 0, 0, 0], [0, 0, 0, 0, 0, 0, 0, 0, 0], [0, 0, 0, 0, 0, 0, 0, 0, 0], [0, 0, 0, 0, 0, 0, 0, 0, 0], [0, 0, 0, 0, 5, 0, 0, 0, 0], [0, 0, 0, 0, 5, 0, 0, 0, 0], [0, 0, 0, 0, 0, 0, 0, 0, 0], [0, 0, 0, 0, 5, 0, 0, 0, 0], [0, 0, 0, 0, 5, 0, 0, 0, 0]]}, {"input": [[0, 0, 0], [0, 9, 0], [0, 0, 9]], "output": [[0, 0, 0, 0, 0, 0, 0, 0, 0], [0, 0, 0, 0, 0, 0, 0, 0, 0], [0, 0, 0, 0, 0, 0, 0, 0, 0], [0, 0, 0, 0, 0, 0, 0, 0, 0], [0, 0, 0, 0, 9, 0, 0, 0, 0], [0, 0, 0, 0, 0, 9, 0, 0, 0], [0, 0, 0, 0, 0, 0, 0, 0, 0], [0, 0, 0, 0, 0, 0, 0, 9, 0], [0, 0, 0, 0, 0, 0, 0, 0, 9]]}, {"input": [[0, 9, 0], [9, 0, 0], [0, 9, 0]], "output": [[0, 0, 0, 0, 9, 0, 0, 0, 0], [0, 0, 0, 9, 0, 0, 0, 0, 0], [0, 0, 0, 0, 9, 0, 0, 0, 0], [0, 9, 0, 0, 0, 0, 0, 0, 0], [9, 0, 0, 0, 0, 0, 0, 0, 0], [0, 9, 0, 0, 0, 0, 0, 0, 0], [0, 0, 0, 0, 9, 0, 0, 0, 0], [0, 0, 0, 9, 0, 0, 0, 0, 0], [0, 0, 0, 0, 9, 0, 0, 0, 0]]}, {"input": [[0, 4, 0], [0, 0, 4], [0, 4, 4]], "output": [[0, 0, 0, 0, 4, 0, 0, 0, 0], [0, 0, 0, 0, 0, 4, 0, 0, 0], [0, 0, 0, 0, 4, 4, 0, 0, 0], [0, 0, 0, 0, 0, 0, 0, 4, 0], [0, 0, 0, 0, 0, 0, 0, 0, 4], [0, 0, 0, 0, 0, 0, 0, 4, 4], [0, 0, 0, 0, 4, 0, 0, 4, 0], [0, 0, 0, 0, 0, 4, 0, 0, 4], [0, 0, 0, 0, 4, 4, 0, 4, 4]]}, {"input": [[0, 3, 3], [3, 3, 0], [0, 3, 3]], "output": [[0, 0, 0, 0, 3, 3, 0, 3, 3], [0, 0, 0, 3, 3, 0, 3, 3, 0], [0, 0, 0, 0, 3, 3, 0, 3, 3], [0, 3, 3, 0, 3, 3, 0, 0, 0], [3, 3, 0, 3, 3, 0, 0, 0, 0], [0, 3, 3, 0, 3, 3, 0, 0, 0], [0, 0, 0, 0, 3, 3, 0, 3, 3], [0, 0, 0, 3, 3, 0, 3, 3, 0], [0, 0, 0, 0, 3, 3, 0, 3, 3]]}, {"input": [[0, 6, 0], [0, 0, 0], [0, 6, 6]], "output": [[0, 0, 0, 0, 6, 0, 0, 0, 0], [0, 0, 0, 0, 0, 0, 0, 0, 0], [0, 0, 0, 0, 6, 6, 0, 0, 0], [0, 0, 0, 0, 0, 0, 0, 0, 0], [0, 0, 0, 0, 0, 0, 0, 0, 0], [0, 0, 0, 0, 0, 0, 0, 0, 0], [0, 0, 0, 0, 6, 0, 0, 6, 0], [0, 0, 0, 0, 0, 0, 0, 0, 0], [0, 0, 0, 0, 6, 6, 0, 6, 6]]}, {"input": [[9, 0, 9], [0, 9, 9], [9, 0, 0]], "output": [[9, 0, 9, 0, 0, 0, 9, 0, 9], [0, 9, 9, 0, 0, 0, 0, 9, 9], [9, 0, 0, 0, 0, 0, 9, 0, 0], [0, 0, 0, 9, 0, 9, 9, 0, 9], [0, 0, 0, 0, 9, 9, 0, 9, 9], [0, 0, 0, 9, 0, 0, 9, 0, 0], [9, 0, 9, 0, 0, 0, 0, 0, 0], [0, 9, 9, 0, 0, 0, 0, 0, 0], [9, 0, 0, 0, 0, 0, 0, 0, 0]]}, {"input": [[9, 0, 0], [0, 9, 0], [9, 0, 0]], "output": [[9, 0, 0, 0, 0, 0, 0, 0, 0], [0, 9, 0, 0, 0, 0, 0, 0, 0], [9, 0, 0, 0, 0, 0, 0, 0, 0], [0, 0, 0, 9, 0, 0, 0, 0, 0], [0, 0, 0, 0, 9, 0, 0, 0, 0], [0, 0, 0, 9, 0, 0, 0, 0, 0], [9, 0, 0, 0, 0, 0, 0, 0, 0], [0, 9, 0, 0, 0, 0, 0, 0, 0], [9, 0, 0, 0, 0, 0, 0, 0, 0]]}, {"input": [[7, 7, 0], [7, 0, 7], [0, 7, 7]], "output": [[7, 7, 0, 7, 7, 0, 0, 0, 0], [7, 0, 7, 7, 0, 7, 0, 0, 0], [0, 7, 7, 0, 7, 7, 0, 0, 0], [7, 7, 0, 0, 0, 0, 7, 7, 0], [7, 0, 7, 0, 0, 0, 7, 0, 7], [0, 7, 7, 0, 0, 0, 0, 7, 7], [0, 0, 0, 7, 7, 0, 7, 7, 0], [0, 0, 0, 7, 0, 7, 7, 0, 7], [0, 0, 0, 0, 7, 7, 0, 7, 7]]}, {"input": [[7, 0, 0], [0, 7, 0], [7, 0, 0]], "output": [[7, 0, 0, 0, 0, 0, 0, 0, 0], [0, 7, 0, 0, 0, 0, 0, 0, 0], [7, 0, 0, 0, 0, 0, 0, 0, 0], [0, 0, 0, 7, 0, 0, 0, 0, 0], [0, 0, 0, 0, 7, 0, 0, 0, 0], [0, 0, 0, 7, 0, 0, 0, 0, 0], [7, 0, 0, 0, 0, 0, 0, 0, 0], [0, 7, 0, 0, 0, 0, 0, 0, 0], [7, 0, 0, 0, 0, 0, 0, 0, 0]]}, {"input": [[7, 0, 7], [7, 7, 0], [0, 7, 0]], "output": [[7, 0, 7, 0, 0, 0, 7, 0, 7], [7, 7, 0, 0, 0, 0, 7, 7, 0], [0, 7, 0, 0, 0, 0, 0, 7, 0], [7, 0, 7, 7, 0, 7, 0, 0, 0], [7, 7, 0, 7, 7, 0, 0, 0, 0], [0, 7, 0, 0, 7, 0, 0, 0, 0], [0, 0, 0, 7, 0, 7, 0, 0, 0], [0, 0, 0, 7, 7, 0, 0, 0, 0], [0, 0, 0, 0, 7, 0, 0, 0, 0]]}, {"input": [[2, 2, 2], [2, 2, 0], [2, 2, 0]], "output": [[2, 2, 2, 2, 2, 2, 2, 2, 2], [2, 2, 0, 2, 2, 0, 2, 2, 0], [2, 2, 0, 2, 2, 0, 2, 2, 0], [2, 2, 2, 2, 2, 2, 0, 0, 0], [2, 2, 0, 2, 2, 0, 0, 0, 0], [2, 2, 0, 2, 2, 0, 0, 0, 0], [2, 2, 2, 2, 2, 2, 0, 0, 0], [2, 2, 0, 2, 2, 0, 0, 0, 0], [2, 2, 0, 2, 2, 0, 0, 0, 0]]}, {"input": [[6, 0, 6], [0, 0, 0], [0, 0, 0]], "output": [[6, 0, 6, 0, 0, 0, 6, 0, 6], [0, 0, 0, 0, 0, 0, 0, 0, 0], [0, 0, 0, 0, 0, 0, 0, 0, 0], [0, 0, 0, 0, 0, 0, 0, 0, 0], [0, 0, 0, 0, 0, 0, 0, 0, 0], [0, 0, 0, 0, 0, 0, 0, 0, 0], [0, 0, 0, 0, 0, 0, 0, 0, 0], [0, 0, 0, 0, 0, 0, 0, 0, 0], [0, 0, 0, 0, 0, 0, 0, 0, 0]]}, {"input": [[4, 4, 0], [0, 0, 0], [4, 4, 0]], "output": [[4, 4, 0, 4, 4, 0, 0, 0, 0], [0, 0, 0, 0, 0, 0, 0, 0, 0], [4, 4, 0, 4, 4, 0, 0, 0, 0], [0, 0, 0, 0, 0, 0, 0, 0, 0], [0, 0, 0, 0, 0, 0, 0, 0, 0], [0, 0, 0, 0, 0, 0, 0, 0, 0], [4, 4, 0, 4, 4, 0, 0, 0, 0], [0, 0, 0, 0, 0, 0, 0, 0, 0], [4, 4, 0, 4, 4, 0, 0, 0, 0]]}, {"input": [[0, 9, 0], [9, 9, 0], [0, 0, 0]], "output": [[0, 0, 0, 0, 9, 0, 0, 0, 0], [0, 0, 0, 9, 9, 0, 0, 0, 0], [0, 0, 0, 0, 0, 0, 0, 0, 0], [0, 9, 0, 0, 9, 0, 0, 0, 0], [9, 9, 0, 9, 9, 0, 0, 0, 0], [0, 0, 0, 0, 0, 0, 0, 0, 0], [0, 0, 0, 0, 0, 0, 0, 0, 0], [0, 0, 0, 0, 0, 0, 0, 0, 0], [0, 0, 0, 0, 0, 0, 0, 0, 0]]}, {"input": [[0, 0, 9], [0, 0, 9], [0, 0, 0]], "output": [[0, 0, 0, 0, 0, 0, 0, 0, 9], [0, 0, 0, 0, 0, 0, 0, 0, 9], [0, 0, 0, 0, 0, 0, 0, 0, 0], [0, 0, 0, 0, 0, 0, 0, 0, 9], [0, 0, 0, 0, 0, 0, 0, 0, 9], [0, 0, 0, 0, 0, 0, 0, 0, 0], [0, 0, 0, 0, 0, 0, 0, 0, 0], [0, 0, 0, 0, 0, 0, 0, 0, 0], [0, 0, 0, 0, 0, 0, 0, 0, 0]]}, {"input": [[0, 0, 0], [4, 0, 0], [4, 0, 0]], "output": [[0, 0, 0, 0, 0, 0, 0, 0, 0], [0, 0, 0, 0, 0, 0, 0, 0, 0], [0, 0, 0, 0, 0, 0, 0, 0, 0], [0, 0, 0, 0, 0, 0, 0, 0, 0], [4, 0, 0, 0, 0, 0, 0, 0, 0], [4, 0, 0, 0, 0, 0, 0, 0, 0], [0, 0, 0, 0, 0, 0, 0, 0, 0], [4, 0, 0, 0, 0, 0, 0, 0, 0], [4, 0, 0, 0, 0, 0, 0, 0, 0]]}, {"input": [[0, 0, 0], [0, 5, 0], [5, 5, 0]], "output": [[0, 0, 0, 0, 0, 0, 0, 0, 0], [0, 0, 0, 0, 0, 0, 0, 0, 0], [0, 0, 0, 0, 0, 0, 0, 0, 0], [0, 0, 0, 0, 0, 0, 0, 0, 0], [0, 0, 0, 0, 5, 0, 0, 0, 0], [0, 0, 0, 5, 5, 0, 0, 0, 0], [0, 0, 0, 0, 0, 0, 0, 0, 0], [0, 5, 0, 0, 5, 0, 0, 0, 0], [5, 5, 0, 5, 5, 0, 0, 0, 0]]}, {"input": [[7, 0, 0], [0, 7, 7], [0, 0, 0]], "output": [[7, 0, 0, 0, 0, 0, 0, 0, 0], [0, 7, 7, 0, 0, 0, 0, 0, 0], [0, 0, 0, 0, 0, 0, 0, 0, 0], [0, 0, 0, 7, 0, 0, 7, 0, 0], [0, 0, 0, 0, 7, 7, 0, 7, 7], [0, 0, 0, 0, 0, 0, 0, 0, 0], [0, 0, 0, 0, 0, 0, 0, 0, 0], [0, 0, 0, 0, 0, 0, 0, 0, 0], [0, 0, 0, 0, 0, 0, 0, 0, 0]]}, {"input": [[0, 6, 6], [6, 6, 6], [6, 0, 6]], "output": [[0, 0, 0, 0, 6, 6, 0, 6, 6], [0, 0, 0, 6, 6, 6, 6, 6, 6], [0, 0, 0, 6, 0, 6, 6, 0, 6], [0, 6, 6, 0, 6, 6, 0, 6, 6], [6, 6, 6, 6, 6, 6, 6, 6, 6], [6, 0, 6, 6, 0, 6, 6, 0, 6], [0, 6, 6, 0, 0, 0, 0, 6, 6], [6, 6, 6, 0, 0, 0, 6, 6, 6], [6, 0, 6, 0, 0, 0, 6, 0, 6]]}, {"input": [[0, 9, 9], [9, 0, 9], [9, 0, 0]], "output": [[0, 0, 0, 0, 9, 9, 0, 9, 9], [0, 0, 0, 9, 0, 9, 9, 0, 9], [0, 0, 0, 9, 0, 0, 9, 0, 0], [0, 9, 9, 0, 0, 0, 0, 9, 9], [9, 0, 9, 0, 0, 0, 9, 0, 9], [9, 0, 0, 0, 0, 0, 9, 0, 0], [0, 9, 9, 0, 0, 0, 0, 0, 0], [9, 0, 9, 0, 0, 0, 0, 0, 0], [9, 0, 0, 0, 0, 0, 0, 0, 0]]}, {"input": [[0, 6, 6], [0, 6, 6], [6, 0, 0]], "output": [[0, 0, 0, 0, 6, 6, 0, 6, 6], [0, 0, 0, 0, 6, 6, 0, 6, 6], [0, 0, 0, 6, 0, 0, 6, 0, 0], [0, 0, 0, 0, 6, 6, 0, 6, 6], [0, 0, 0, 0, 6, 6, 0, 6, 6], [0, 0, 0, 6, 0, 0, 6, 0, 0], [0, 6, 6, 0, 0, 0, 0, 0, 0], [0, 6, 6, 0, 0, 0, 0, 0, 0], [6, 0, 0, 0, 0, 0, 0, 0, 0]]}, {"input": [[6, 6, 6], [0, 6, 0], [6, 6, 0]], "output": [[6, 6, 6, 6, 6, 6, 6, 6, 6], [0, 6, 0, 0, 6, 0, 0, 6, 0], [6, 6, 0, 6, 6, 0, 6, 6, 0], [0, 0, 0, 6, 6, 6, 0, 0, 0], [0, 0, 0, 0, 6, 0, 0, 0, 0], [0, 0, 0, 6, 6, 0, 0, 0, 0], [6, 6, 6, 6, 6, 6, 0, 0, 0], [0, 6, 0, 0, 6, 0, 0, 0, 0], [6, 6, 0, 6, 6, 0, 0, 0, 0]]}, {"input": [[4, 4, 0], [0, 0, 0], [0, 4, 0]], "output": [[4, 4, 0, 4, 4, 0, 0, 0, 0], [0, 0, 0, 0, 0, 0, 0, 0, 0], [0, 4, 0, 0, 4, 0, 0, 0, 0], [0, 0, 0, 0, 0, 0, 0, 0, 0], [0, 0, 0, 0, 0, 0, 0, 0, 0], [0, 0, 0, 0, 0, 0, 0, 0, 0], [0, 0, 0, 4, 4, 0, 0, 0, 0], [0, 0, 0, 0, 0, 0, 0, 0, 0], [0, 0, 0, 0, 4, 0, 0, 0, 0]]}, {"input": [[7, 7, 7], [0, 7, 7], [0, 0, 7]], "output": [[7, 7, 7, 7, 7, 7, 7, 7, 7], [0, 7, 7, 0, 7, 7, 0, 7, 7], [0, 0, 7, 0, 0, 7, 0, 0, 7], [0, 0, 0, 7, 7, 7, 7, 7, 7], [0, 0, 0, 0, 7, 7, 0, 7, 7], [0, 0, 0, 0, 0, 7, 0, 0, 7], [0, 0, 0, 0, 0, 0, 7, 7, 7], [0, 0, 0, 0, 0, 0, 0, 7, 7], [0, 0, 0, 0, 0, 0, 0, 0, 7]]}, {"input": [[4, 4, 4], [0, 4, 4], [0, 0, 4]], "output": [[4, 4, 4, 4, 4, 4, 4, 4, 4], [0, 4, 4, 0, 4, 4, 0, 4, 4], [0, 0, 4, 0, 0, 4, 0, 0, 4], [0, 0, 0, 4, 4, 4, 4, 4, 4], [0, 0, 0, 0, 4, 4, 0, 4, 4], [0, 0, 0, 0, 0, 4, 0, 0, 4], [0, 0, 0, 0, 0, 0, 4, 4, 4], [0, 0, 0, 0, 0, 0, 0, 4, 4], [0, 0, 0, 0, 0, 0, 0, 0, 4]]}, {"input": [[5, 5, 5], [5, 5, 5], [0, 0, 5]], "output": [[5, 5, 5, 5, 5, 5, 5, 5, 5], [5, 5, 5, 5, 5, 5, 5, 5, 5], [0, 0, 5, 0, 0, 5, 0, 0, 5], [5, 5, 5, 5, 5, 5, 5, 5, 5], [5, 5, 5, 5, 5, 5, 5, 5, 5], [0, 0, 5, 0, 0, 5, 0, 0, 5], [0, 0, 0, 0, 0, 0, 5, 5, 5], [0, 0, 0, 0, 0, 0, 5, 5, 5], [0, 0, 0, 0, 0, 0, 0, 0, 5]]}, {"input": [[0, 0, 1], [0, 1, 1], [1, 1, 1]], "output": [[0, 0, 0, 0, 0, 0, 0, 0, 1], [0, 0, 0, 0, 0, 0, 0, 1, 1], [0, 0, 0, 0, 0, 0, 1, 1, 1], [0, 0, 0, 0, 0, 1, 0, 0, 1], [0, 0, 0, 0, 1, 1, 0, 1, 1], [0, 0, 0, 1, 1, 1, 1, 1, 1], [0, 0, 1, 0, 0, 1, 0, 0, 1], [0, 1, 1, 0, 1, 1, 0, 1, 1], [1, 1, 1, 1, 1, 1, 1, 1, 1]]}, {"input": [[0, 0, 0], [5, 5, 0], [5, 5, 5]], "output": [[0, 0, 0, 0, 0, 0, 0, 0, 0], [0, 0, 0, 0, 0, 0, 0, 0, 0], [0, 0, 0, 0, 0, 0, 0, 0, 0], [0, 0, 0, 0, 0, 0, 0, 0, 0], [5, 5, 0, 5, 5, 0, 0, 0, 0], [5, 5, 5, 5, 5, 5, 0, 0, 0], [0, 0, 0, 0, 0, 0, 0, 0, 0], [5, 5, 0, 5, 5, 0, 5, 5, 0], [5, 5, 5, 5, 5, 5, 5, 5, 5]]}, {"input": [[1, 1, 1], [0, 1, 1], [1, 1, 0]], "output": [[1, 1, 1, 1, 1, 1, 1, 1, 1], [0, 1, 1, 0, 1, 1, 0, 1, 1], [1, 1, 0, 1, 1, 0, 1, 1, 0], [0, 0, 0, 1, 1, 1, 1, 1, 1], [0, 0, 0, 0, 1, 1, 0, 1, 1], [0, 0, 0, 1, 1, 0, 1, 1, 0], [1, 1, 1, 1, 1, 1, 0, 0, 0], [0, 1, 1, 0, 1, 1, 0, 0, 0], [1, 1, 0, 1, 1, 0, 0, 0, 0]]}, {"input": [[8, 0, 8], [8, 8, 8], [0, 0, 8]], "output": [[8, 0, 8, 0, 0, 0, 8, 0, 8], [8, 8, 8, 0, 0, 0, 8, 8, 8], [0, 0, 8, 0, 0, 0, 0, 0, 8], [8, 0, 8, 8, 0, 8, 8, 0, 8], [8, 8, 8, 8, 8, 8, 8, 8, 8], [0, 0, 8, 0, 0, 8, 0, 0, 8], [0, 0, 0, 0, 0, 0, 8, 0, 8], [0, 0, 0, 0, 0, 0, 8, 8, 8], [0, 0, 0, 0, 0, 0, 0, 0, 8]]}, {"input": [[7, 7, 0], [7, 7, 7], [7, 7, 7]], "output": [[7, 7, 0, 7, 7, 0, 0, 0, 0], [7, 7, 7, 7, 7, 7, 0, 0, 0], [7, 7, 7, 7, 7, 7, 0, 0, 0], [7, 7, 0, 7, 7, 0, 7, 7, 0], [7, 7, 7, 7, 7, 7, 7, 7, 7], [7, 7, 7, 7, 7, 7, 7, 7, 7], [7, 7, 0, 7, 7, 0, 7, 7, 0], [7, 7, 7, 7, 7, 7, 7, 7, 7], [7, 7, 7, 7, 7, 7, 7, 7, 7]]}, {"input": [[5, 0, 5], [5, 5, 0], [0, 0, 5]], "output": [[5, 0, 5, 0, 0, 0, 5, 0, 5], [5, 5, 0, 0, 0, 0, 5, 5, 0], [0, 0, 5, 0, 0, 0, 0, 0, 5], [5, 0, 5, 5, 0, 5, 0, 0, 0], [5, 5, 0, 5, 5, 0, 0, 0, 0], [0, 0, 5, 0, 0, 5, 0, 0, 0], [0, 0, 0, 0, 0, 0, 5, 0, 5], [0, 0, 0, 0, 0, 0, 5, 5, 0], [0, 0, 0, 0, 0, 0, 0, 0, 5]]}, {"input": [[0, 0, 8], [0, 0, 8], [8, 0, 0]], "output": [[0, 0, 0, 0, 0, 0, 0, 0, 8], [0, 0, 0, 0, 0, 0, 0, 0, 8], [0, 0, 0, 0, 0, 0, 8, 0, 0], [0, 0, 0, 0, 0, 0, 0, 0, 8], [0, 0, 0, 0, 0, 0, 0, 0, 8], [0, 0, 0, 0, 0, 0, 8, 0, 0], [0, 0, 8, 0, 0, 0, 0, 0, 0], [0, 0, 8, 0, 0, 0, 0, 0, 0], [8, 0, 0, 0, 0, 0, 0, 0, 0]]}, {"input": [[3, 3, 0], [0, 3, 0], [3, 3, 0]], "output": [[3, 3, 0, 3, 3, 0, 0, 0, 0], [0, 3, 0, 0, 3, 0, 0, 0, 0], [3, 3, 0, 3, 3, 0, 0, 0, 0], [0, 0, 0, 3, 3, 0, 0, 0, 0], [0, 0, 0, 0, 3, 0, 0, 0, 0], [0, 0, 0, 3, 3, 0, 0, 0, 0], [3, 3, 0, 3, 3, 0, 0, 0, 0], [0, 3, 0, 0, 3, 0, 0, 0, 0], [3, 3, 0, 3, 3, 0, 0, 0, 0]]}, {"input": [[5, 5, 5], [0, 5, 5], [5, 5, 5]], "output": [[5, 5, 5, 5, 5, 5, 5, 5, 5], [0, 5, 5, 0, 5, 5, 0, 5, 5], [5, 5, 5, 5, 5, 5, 5, 5, 5], [0, 0, 0, 5, 5, 5, 5, 5, 5], [0, 0, 0, 0, 5, 5, 0, 5, 5], [0, 0, 0, 5, 5, 5, 5, 5, 5], [5, 5, 5, 5, 5, 5, 5, 5, 5], [0, 5, 5, 0, 5, 5, 0, 5, 5], [5, 5, 5, 5, 5, 5, 5, 5, 5]]}, {"input": [[6, 0, 6], [0, 6, 6], [0, 0, 6]], "output": [[6, 0, 6, 0, 0, 0, 6, 0, 6], [0, 6, 6, 0, 0, 0, 0, 6, 6], [0, 0, 6, 0, 0, 0, 0, 0, 6], [0, 0, 0, 6, 0, 6, 6, 0, 6], [0, 0, 0, 0, 6, 6, 0, 6, 6], [0, 0, 0, 0, 0, 6, 0, 0, 6], [0, 0, 0, 0, 0, 0, 6, 0, 6], [0, 0, 0, 0, 0, 0, 0, 6, 6], [0, 0, 0, 0, 0, 0, 0, 0, 6]]}, {"input": [[3, 3, 0], [3, 3, 0], [0, 3, 3]], "output": [[3, 3, 0, 3, 3, 0, 0, 0, 0], [3, 3, 0, 3, 3, 0, 0, 0, 0], [0, 3, 3, 0, 3, 3, 0, 0, 0], [3, 3, 0, 3, 3, 0, 0, 0, 0], [3, 3, 0, 3, 3, 0, 0, 0, 0], [0, 3, 3, 0, 3, 3, 0, 0, 0], [0, 0, 0, 3, 3, 0, 3, 3, 0], [0, 0, 0, 3, 3, 0, 3, 3, 0], [0, 0, 0, 0, 3, 3, 0, 3, 3]]}, {"input": [[0, 9, 9], [9, 9, 9], [0, 0, 0]], "output": [[0, 0, 0, 0, 9, 9, 0, 9, 9], [0, 0, 0, 9, 9, 9, 9, 9, 9], [0, 0, 0, 0, 0, 0, 0, 0, 0], [0, 9, 9, 0, 9, 9, 0, 9, 9], [9, 9, 9, 9, 9, 9, 9, 9, 9], [0, 0, 0, 0, 0, 0, 0, 0, 0], [0, 0, 0, 0, 0, 0, 0, 0, 0], [0, 0, 0, 0, 0, 0, 0, 0, 0], [0, 0, 0, 0, 0, 0, 0, 0, 0]]}, {"input": [[4, 0, 0], [4, 0, 0], [0, 0, 0]], "output": [[4, 0, 0, 0, 0, 0, 0, 0, 0], [4, 0, 0, 0, 0, 0, 0, 0, 0], [0, 0, 0, 0, 0, 0, 0, 0, 0], [4, 0, 0, 0, 0, 0, 0, 0, 0], [4, 0, 0, 0, 0, 0, 0, 0, 0], [0, 0, 0, 0, 0, 0, 0, 0, 0], [0, 0, 0, 0, 0, 0, 0, 0, 0], [0, 0, 0, 0, 0, 0, 0, 0, 0], [0, 0, 0, 0, 0, 0, 0, 0, 0]]}, {"input": [[8, 8, 8], [8, 0, 8], [0, 8, 8]], "output": [[8, 8, 8, 8, 8, 8, 8, 8, 8], [8, 0, 8, 8, 0, 8, 8, 0, 8], [0, 8, 8, 0, 8, 8, 0, 8, 8], [8, 8, 8, 0, 0, 0, 8, 8, 8], [8, 0, 8, 0, 0, 0, 8, 0, 8], [0, 8, 8, 0, 0, 0, 0, 8, 8], [0, 0, 0, 8, 8, 8, 8, 8, 8], [0, 0, 0, 8, 0, 8, 8, 0, 8], [0, 0, 0, 0, 8, 8, 0, 8, 8]]}, {"input": [[1, 0, 0], [1, 1, 1], [1, 1, 1]], "output": [[1, 0, 0, 0, 0, 0, 0, 0, 0], [1, 1, 1, 0, 0, 0, 0, 0, 0], [1, 1, 1, 0, 0, 0, 0, 0, 0], [1, 0, 0, 1, 0, 0, 1, 0, 0], [1, 1, 1, 1, 1, 1, 1, 1, 1], [1, 1, 1, 1, 1, 1, 1, 1, 1], [1, 0, 0, 1, 0, 0, 1, 0, 0], [1, 1, 1, 1, 1, 1, 1, 1, 1], [1, 1, 1, 1, 1, 1, 1, 1, 1]]}, {"input": [[0, 9, 9], [9, 9, 9], [0, 9, 0]], "output": [[0, 0, 0, 0, 9, 9, 0, 9, 9], [0, 0, 0, 9, 9, 9, 9, 9, 9], [0, 0, 0, 0, 9, 0, 0, 9, 0], [0, 9, 9, 0, 9, 9, 0, 9, 9], [9, 9, 9, 9, 9, 9, 9, 9, 9], [0, 9, 0, 0, 9, 0, 0, 9, 0], [0, 0, 0, 0, 9, 9, 0, 0, 0], [0, 0, 0, 9, 9, 9, 0, 0, 0], [0, 0, 0, 0, 9, 0, 0, 0, 0]]}, {"input": [[8, 8, 0], [0, 8, 0], [0, 0, 8]], "output": [[8, 8, 0, 8, 8, 0, 0, 0, 0], [0, 8, 0, 0, 8, 0, 0, 0, 0], [0, 0, 8, 0, 0, 8, 0, 0, 0], [0, 0, 0, 8, 8, 0, 0, 0, 0], [0, 0, 0, 0, 8, 0, 0, 0, 0], [0, 0, 0, 0, 0, 8, 0, 0, 0], [0, 0, 0, 0, 0, 0, 8, 8, 0], [0, 0, 0, 0, 0, 0, 0, 8, 0], [0, 0, 0, 0, 0, 0, 0, 0, 8]]}, {"input": [[0, 5, 0], [5, 0, 0], [5, 5, 0]], "output": [[0, 0, 0, 0, 5, 0, 0, 0, 0], [0, 0, 0, 5, 0, 0, 0, 0, 0], [0, 0, 0, 5, 5, 0, 0, 0, 0], [0, 5, 0, 0, 0, 0, 0, 0, 0], [5, 0, 0, 0, 0, 0, 0, 0, 0], [5, 5, 0, 0, 0, 0, 0, 0, 0], [0, 5, 0, 0, 5, 0, 0, 0, 0], [5, 0, 0, 5, 0, 0, 0, 0, 0], [5, 5, 0, 5, 5, 0, 0, 0, 0]]}, {"input": [[0, 3, 3], [3, 3, 3], [3, 0, 3]], "output": [[0, 0, 0, 0, 3, 3, 0, 3, 3], [0, 0, 0, 3, 3, 3, 3, 3, 3], [0, 0, 0, 3, 0, 3, 3, 0, 3], [0, 3, 3, 0, 3, 3, 0, 3, 3], [3, 3, 3, 3, 3, 3, 3, 3, 3], [3, 0, 3, 3, 0, 3, 3, 0, 3], [0, 3, 3, 0, 0, 0, 0, 3, 3], [3, 3, 3, 0, 0, 0, 3, 3, 3], [3, 0, 3, 0, 0, 0, 3, 0, 3]]}, {"input": [[0, 3, 3], [3, 0, 0], [3, 3, 3]], "output": [[0, 0, 0, 0, 3, 3, 0, 3, 3], [0, 0, 0, 3, 0, 0, 3, 0, 0], [0, 0, 0, 3, 3, 3, 3, 3, 3], [0, 3, 3, 0, 0, 0, 0, 0, 0], [3, 0, 0, 0, 0, 0, 0, 0, 0], [3, 3, 3, 0, 0, 0, 0, 0, 0], [0, 3, 3, 0, 3, 3, 0, 3, 3], [3, 0, 0, 3, 0, 0, 3, 0, 0], [3, 3, 3, 3, 3, 3, 3, 3, 3]]}, {"input": [[0, 7, 0], [7, 7, 7], [0, 7, 7]], "output": [[0, 0, 0, 0, 7, 0, 0, 0, 0], [0, 0, 0, 7, 7, 7, 0, 0, 0], [0, 0, 0, 0, 7, 7, 0, 0, 0], [0, 7, 0, 0, 7, 0, 0, 7, 0], [7, 7, 7, 7, 7, 7, 7, 7, 7], [0, 7, 7, 0, 7, 7, 0, 7, 7], [0, 0, 0, 0, 7, 0, 0, 7, 0], [0, 0, 0, 7, 7, 7, 7, 7, 7], [0, 0, 0, 0, 7, 7, 0, 7, 7]]}, {"input": [[0, 1, 1], [0, 0, 1], [0, 0, 1]], "output": [[0, 0, 0, 0, 1, 1, 0, 1, 1], [0, 0, 0, 0, 0, 1, 0, 0, 1], [0, 0, 0, 0, 0, 1, 0, 0, 1], [0, 0, 0, 0, 0, 0, 0, 1, 1], [0, 0, 0, 0, 0, 0, 0, 0, 1], [0, 0, 0, 0, 0, 0, 0, 0, 1], [0, 0, 0, 0, 0, 0, 0, 1, 1], [0, 0, 0, 0, 0, 0, 0, 0, 1], [0, 0, 0, 0, 0, 0, 0, 0, 1]]}, {"input": [[0, 1, 1], [0, 1, 0], [0, 1, 1]], "output": [[0, 0, 0, 0, 1, 1, 0, 1, 1], [0, 0, 0, 0, 1, 0, 0, 1, 0], [0, 0, 0, 0, 1, 1, 0, 1, 1], [0, 0, 0, 0, 1, 1, 0, 0, 0], [0, 0, 0, 0, 1, 0, 0, 0, 0], [0, 0, 0, 0, 1, 1, 0, 0, 0], [0, 0, 0, 0, 1, 1, 0, 1, 1], [0, 0, 0, 0, 1, 0, 0, 1, 0], [0, 0, 0, 0, 1, 1, 0, 1, 1]]}, {"input": [[0, 3, 0], [0, 3, 0], [0, 0, 3]], "output": [[0, 0, 0, 0, 3, 0, 0, 0, 0], [0, 0, 0, 0, 3, 0, 0, 0, 0], [0, 0, 0, 0, 0, 3, 0, 0, 0], [0, 0, 0, 0, 3, 0, 0, 0, 0], [0, 0, 0, 0, 3, 0, 0, 0, 0], [0, 0, 0, 0, 0, 3, 0, 0, 0], [0, 0, 0, 0, 0, 0, 0, 3, 0], [0, 0, 0, 0, 0, 0, 0, 3, 0], [0, 0, 0, 0, 0, 0, 0, 0, 3]]}, {"input": [[9, 9, 0], [9, 9, 9], [9, 0, 0]], "output": [[9, 9, 0, 9, 9, 0, 0, 0, 0], [9, 9, 9, 9, 9, 9, 0, 0, 0], [9, 0, 0, 9, 0, 0, 0, 0, 0], [9, 9, 0, 9, 9, 0, 9, 9, 0], [9, 9, 9, 9, 9, 9, 9, 9, 9], [9, 0, 0, 9, 0, 0, 9, 0, 0], [9, 9, 0, 0, 0, 0, 0, 0, 0], [9, 9, 9, 0, 0, 0, 0, 0, 0], [9, 0, 0, 0, 0, 0, 0, 0, 0]]}, {"input": [[9, 9, 9], [0, 9, 9], [9, 9, 9]], "output": [[9, 9, 9, 9, 9, 9, 9, 9, 9], [0, 9, 9, 0, 9, 9, 0, 9, 9], [9, 9, 9, 9, 9, 9, 9, 9, 9], [0, 0, 0, 9, 9, 9, 9, 9, 9], [0, 0, 0, 0, 9, 9, 0, 9, 9], [0, 0, 0, 9, 9, 9, 9, 9, 9], [9, 9, 9, 9, 9, 9, 9, 9, 9], [0, 9, 9, 0, 9, 9, 0, 9, 9], [9, 9, 9, 9, 9, 9, 9, 9, 9]]}, {"input": [[0, 1, 1], [0, 0, 0], [1, 0, 1]], "output": [[0, 0, 0, 0, 1, 1, 0, 1, 1], [0, 0, 0, 0, 0, 0, 0, 0, 0], [0, 0, 0, 1, 0, 1, 1, 0, 1], [0, 0, 0, 0, 0, 0, 0, 0, 0], [0, 0, 0, 0, 0, 0, 0, 0, 0], [0, 0, 0, 0, 0, 0, 0, 0, 0], [0, 1, 1, 0, 0, 0, 0, 1, 1], [0, 0, 0, 0, 0, 0, 0, 0, 0], [1, 0, 1, 0, 0, 0, 1, 0, 1]]}, {"input": [[5, 5, 0], [5, 5, 5], [5, 5, 5]], "output": [[5, 5, 0, 5, 5, 0, 0, 0, 0], [5, 5, 5, 5, 5, 5, 0, 0, 0], [5, 5, 5, 5, 5, 5, 0, 0, 0], [5, 5, 0, 5, 5, 0, 5, 5, 0], [5, 5, 5, 5, 5, 5, 5, 5, 5], [5, 5, 5, 5, 5, 5, 5, 5, 5], [5, 5, 0, 5, 5, 0, 5, 5, 0], [5, 5, 5, 5, 5, 5, 5, 5, 5], [5, 5, 5, 5, 5, 5, 5, 5, 5]]}, {"input": [[0, 0, 0], [0, 0, 5], [5, 0, 5]], "output": [[0, 0, 0, 0, 0, 0, 0, 0, 0], [0, 0, 0, 0, 0, 0, 0, 0, 0], [0, 0, 0, 0, 0, 0, 0, 0, 0], [0, 0, 0, 0, 0, 0, 0, 0, 0], [0, 0, 0, 0, 0, 0, 0, 0, 5], [0, 0, 0, 0, 0, 0, 5, 0, 5], [0, 0, 0, 0, 0, 0, 0, 0, 0], [0, 0, 5, 0, 0, 0, 0, 0, 5], [5, 0, 5, 0, 0, 0, 5, 0, 5]]}, {"input": [[5, 0, 5], [5, 5, 5], [5, 0, 0]], "output": [[5, 0, 5, 0, 0, 0, 5, 0, 5], [5, 5, 5, 0, 0, 0, 5, 5, 5], [5, 0, 0, 0, 0, 0, 5, 0, 0], [5, 0, 5, 5, 0, 5, 5, 0, 5], [5, 5, 5, 5, 5, 5, 5, 5, 5], [5, 0, 0, 5, 0, 0, 5, 0, 0], [5, 0, 5, 0, 0, 0, 0, 0, 0], [5, 5, 5, 0, 0, 0, 0, 0, 0], [5, 0, 0, 0, 0, 0, 0, 0, 0]]}, {"input": [[2, 0, 0], [2, 2, 2], [2, 2, 2]], "output": [[2, 0, 0, 0, 0, 0, 0, 0, 0], [2, 2, 2, 0, 0, 0, 0, 0, 0], [2, 2, 2, 0, 0, 0, 0, 0, 0], [2, 0, 0, 2, 0, 0, 2, 0, 0], [2, 2, 2, 2, 2, 2, 2, 2, 2], [2, 2, 2, 2, 2, 2, 2, 2, 2], [2, 0, 0, 2, 0, 0, 2, 0, 0], [2, 2, 2, 2, 2, 2, 2, 2, 2], [2, 2, 2, 2, 2, 2, 2, 2, 2]]}, {"input": [[0, 0, 2], [0, 0, 2], [2, 0, 2]], "output": [[0, 0, 0, 0, 0, 0, 0, 0, 2], [0, 0, 0, 0, 0, 0, 0, 0, 2], [0, 0, 0, 0, 0, 0, 2, 0, 2], [0, 0, 0, 0, 0, 0, 0, 0, 2], [0, 0, 0, 0, 0, 0, 0, 0, 2], [0, 0, 0, 0, 0, 0, 2, 0, 2], [0, 0, 2, 0, 0, 0, 0, 0, 2], [0, 0, 2, 0, 0, 0, 0, 0, 2], [2, 0, 2, 0, 0, 0, 2, 0, 2]]}, {"input": [[6, 6, 0], [0, 0, 0], [0, 0, 6]], "output": [[6, 6, 0, 6, 6, 0, 0, 0, 0], [0, 0, 0, 0, 0, 0, 0, 0, 0], [0, 0, 6, 0, 0, 6, 0, 0, 0], [0, 0, 0, 0, 0, 0, 0, 0, 0], [0, 0, 0, 0, 0, 0, 0, 0, 0], [0, 0, 0, 0, 0, 0, 0, 0, 0], [0, 0, 0, 0, 0, 0, 6, 6, 0], [0, 0, 0, 0, 0, 0, 0, 0, 0], [0, 0, 0, 0, 0, 0, 0, 0, 6]]}, {"input": [[3, 3, 0], [3, 3, 3], [3, 0, 3]], "output": [[3, 3, 0, 3, 3, 0, 0, 0, 0], [3, 3, 3, 3, 3, 3, 0, 0, 0], [3, 0, 3, 3, 0, 3, 0, 0, 0], [3, 3, 0, 3, 3, 0, 3, 3, 0], [3, 3, 3, 3, 3, 3, 3, 3, 3], [3, 0, 3, 3, 0, 3, 3, 0, 3], [3, 3, 0, 0, 0, 0, 3, 3, 0], [3, 3, 3, 0, 0, 0, 3, 3, 3], [3, 0, 3, 0, 0, 0, 3, 0, 3]]}, {"input": [[5, 5, 5], [5, 5, 0], [5, 5, 0]], "output": [[5, 5, 5, 5, 5, 5, 5, 5, 5], [5, 5, 0, 5, 5, 0, 5, 5, 0], [5, 5, 0, 5, 5, 0, 5, 5, 0], [5, 5, 5, 5, 5, 5, 0, 0, 0], [5, 5, 0, 5, 5, 0, 0, 0, 0], [5, 5, 0, 5, 5, 0, 0, 0, 0], [5, 5, 5, 5, 5, 5, 0, 0, 0], [5, 5, 0, 5, 5, 0, 0, 0, 0], [5, 5, 0, 5, 5, 0, 0, 0, 0]]}, {"input": [[0, 0, 9], [0, 0, 9], [0, 9, 9]], "output": [[0, 0, 0, 0, 0, 0, 0, 0, 9], [0, 0, 0, 0, 0, 0, 0, 0, 9], [0, 0, 0, 0, 0, 0, 0, 9, 9], [0, 0, 0, 0, 0, 0, 0, 0, 9], [0, 0, 0, 0, 0, 0, 0, 0, 9], [0, 0, 0, 0, 0, 0, 0, 9, 9], [0, 0, 0, 0, 0, 9, 0, 0, 9], [0, 0, 0, 0, 0, 9, 0, 0, 9], [0, 0, 0, 0, 9, 9, 0, 9, 9]]}, {"input": [[6, 0, 0], [6, 0, 0], [6, 0, 0]], "output": [[6, 0, 0, 0, 0, 0, 0, 0, 0], [6, 0, 0, 0, 0, 0, 0, 0, 0], [6, 0, 0, 0, 0, 0, 0, 0, 0], [6, 0, 0, 0, 0, 0, 0, 0, 0], [6, 0, 0, 0, 0, 0, 0, 0, 0], [6, 0, 0, 0, 0, 0, 0, 0, 0], [6, 0, 0, 0, 0, 0, 0, 0, 0], [6, 0, 0, 0, 0, 0, 0, 0, 0], [6, 0, 0, 0, 0, 0, 0, 0, 0]]}, {"input": [[0, 0, 0], [0, 0, 0], [1, 1, 1]], "output": [[0, 0, 0, 0, 0, 0, 0, 0, 0], [0, 0, 0, 0, 0, 0, 0, 0, 0], [0, 0, 0, 0, 0, 0, 0, 0, 0], [0, 0, 0, 0, 0, 0, 0, 0, 0], [0, 0, 0, 0, 0, 0, 0, 0, 0], [0, 0, 0, 0, 0, 0, 0, 0, 0], [0, 0, 0, 0, 0, 0, 0, 0, 0], [0, 0, 0, 0, 0, 0, 0, 0, 0], [1, 1, 1, 1, 1, 1, 1, 1, 1]]}, {"input": [[0, 0, 0], [1, 0, 1], [1, 0, 1]], "output": [[0, 0, 0, 0, 0, 0, 0, 0, 0], [0, 0, 0, 0, 0, 0, 0, 0, 0], [0, 0, 0, 0, 0, 0, 0, 0, 0], [0, 0, 0, 0, 0, 0, 0, 0, 0], [1, 0, 1, 0, 0, 0, 1, 0, 1], [1, 0, 1, 0, 0, 0, 1, 0, 1], [0, 0, 0, 0, 0, 0, 0, 0, 0], [1, 0, 1, 0, 0, 0, 1, 0, 1], [1, 0, 1, 0, 0, 0, 1, 0, 1]]}, {"input": [[1, 1, 1], [0, 0, 1], [0, 1, 1]], "output": [[1, 1, 1, 1, 1, 1, 1, 1, 1], [0, 0, 1, 0, 0, 1, 0, 0, 1], [0, 1, 1, 0, 1, 1, 0, 1, 1], [0, 0, 0, 0, 0, 0, 1, 1, 1], [0, 0, 0, 0, 0, 0, 0, 0, 1], [0, 0, 0, 0, 0, 0, 0, 1, 1], [0, 0, 0, 1, 1, 1, 1, 1, 1], [0, 0, 0, 0, 0, 1, 0, 0, 1], [0, 0, 0, 0, 1, 1, 0, 1, 1]]}, {"input": [[0, 8, 0], [8, 0, 0], [0, 0, 0]], "output": [[0, 0, 0, 0, 8, 0, 0, 0, 0], [0, 0, 0, 8, 0, 0, 0, 0, 0], [0, 0, 0, 0, 0, 0, 0, 0, 0], [0, 8, 0, 0, 0, 0, 0, 0, 0], [8, 0, 0, 0, 0, 0, 0, 0, 0], [0, 0, 0, 0, 0, 0, 0, 0, 0], [0, 0, 0, 0, 0, 0, 0, 0, 0], [0, 0, 0, 0, 0, 0, 0, 0, 0], [0, 0, 0, 0, 0, 0, 0, 0, 0]]}, {"input": [[0, 4, 0], [4, 0, 0], [0, 4, 4]], "output": [[0, 0, 0, 0, 4, 0, 0, 0, 0], [0, 0, 0, 4, 0, 0, 0, 0, 0], [0, 0, 0, 0, 4, 4, 0, 0, 0], [0, 4, 0, 0, 0, 0, 0, 0, 0], [4, 0, 0, 0, 0, 0, 0, 0, 0], [0, 4, 4, 0, 0, 0, 0, 0, 0], [0, 0, 0, 0, 4, 0, 0, 4, 0], [0, 0, 0, 4, 0, 0, 4, 0, 0], [0, 0, 0, 0, 4, 4, 0, 4, 4]]}, {"input": [[0, 0, 0], [7, 7, 0], [0, 0, 0]], "output": [[0, 0, 0, 0, 0, 0, 0, 0, 0], [0, 0, 0, 0, 0, 0, 0, 0, 0], [0, 0, 0, 0, 0, 0, 0, 0, 0], [0, 0, 0, 0, 0, 0, 0, 0, 0], [7, 7, 0, 7, 7, 0, 0, 0, 0], [0, 0, 0, 0, 0, 0, 0, 0, 0], [0, 0, 0, 0, 0, 0, 0, 0, 0], [0, 0, 0, 0, 0, 0, 0, 0, 0], [0, 0, 0, 0, 0, 0, 0, 0, 0]]}, {"input": [[0, 3, 0], [0, 0, 3], [0, 0, 0]], "output": [[0, 0, 0, 0, 3, 0, 0, 0, 0], [0, 0, 0, 0, 0, 3, 0, 0, 0], [0, 0, 0, 0, 0, 0, 0, 0, 0], [0, 0, 0, 0, 0, 0, 0, 3, 0], [0, 0, 0, 0, 0, 0, 0, 0, 3], [0, 0, 0, 0, 0, 0, 0, 0, 0], [0, 0, 0, 0, 0, 0, 0, 0, 0], [0, 0, 0, 0, 0, 0, 0, 0, 0], [0, 0, 0, 0, 0, 0, 0, 0, 0]]}, {"input": [[1, 1, 0], [1, 1, 1], [1, 1, 1]], "output": [[1, 1, 0, 1, 1, 0, 0, 0, 0], [1, 1, 1, 1, 1, 1, 0, 0, 0], [1, 1, 1, 1, 1, 1, 0, 0, 0], [1, 1, 0, 1, 1, 0, 1, 1, 0], [1, 1, 1, 1, 1, 1, 1, 1, 1], [1, 1, 1, 1, 1, 1, 1, 1, 1], [1, 1, 0, 1, 1, 0, 1, 1, 0], [1, 1, 1, 1, 1, 1, 1, 1, 1], [1, 1, 1, 1, 1, 1, 1, 1, 1]]}, {"input": [[0, 0, 0], [9, 0, 0], [0, 9, 0]], "output": [[0, 0, 0, 0, 0, 0, 0, 0, 0], [0, 0, 0, 0, 0, 0, 0, 0, 0], [0, 0, 0, 0, 0, 0, 0, 0, 0], [0, 0, 0, 0, 0, 0, 0, 0, 0], [9, 0, 0, 0, 0, 0, 0, 0, 0], [0, 9, 0, 0, 0, 0, 0, 0, 0], [0, 0, 0, 0, 0, 0, 0, 0, 0], [0, 0, 0, 9, 0, 0, 0, 0, 0], [0, 0, 0, 0, 9, 0, 0, 0, 0]]}, {"input": [[7, 7, 0], [0, 7, 7], [0, 7, 7]], "output": [[7, 7, 0, 7, 7, 0, 0, 0, 0], [0, 7, 7, 0, 7, 7, 0, 0, 0], [0, 7, 7, 0, 7, 7, 0, 0, 0], [0, 0, 0, 7, 7, 0, 7, 7, 0], [0, 0, 0, 0, 7, 7, 0, 7, 7], [0, 0, 0, 0, 7, 7, 0, 7, 7], [0, 0, 0, 7, 7, 0, 7, 7, 0], [0, 0, 0, 0, 7, 7, 0, 7, 7], [0, 0, 0, 0, 7, 7, 0, 7, 7]]}, {"input": [[0, 6, 0], [0, 0, 6], [0, 0, 6]], "output": [[0, 0, 0, 0, 6, 0, 0, 0, 0], [0, 0, 0, 0, 0, 6, 0, 0, 0], [0, 0, 0, 0, 0, 6, 0, 0, 0], [0, 0, 0, 0, 0, 0, 0, 6, 0], [0, 0, 0, 0, 0, 0, 0, 0, 6], [0, 0, 0, 0, 0, 0, 0, 0, 6], [0, 0, 0, 0, 0, 0, 0, 6, 0], [0, 0, 0, 0, 0, 0, 0, 0, 6], [0, 0, 0, 0, 0, 0, 0, 0, 6]]}, {"input": [[2, 2, 2], [2, 2, 2], [0, 2, 2]], "output": [[2, 2, 2, 2, 2, 2, 2, 2, 2], [2, 2, 2, 2, 2, 2, 2, 2, 2], [0, 2, 2, 0, 2, 2, 0, 2, 2], [2, 2, 2, 2, 2, 2, 2, 2, 2], [2, 2, 2, 2, 2, 2, 2, 2, 2], [0, 2, 2, 0, 2, 2, 0, 2, 2], [0, 0, 0, 2, 2, 2, 2, 2, 2], [0, 0, 0, 2, 2, 2, 2, 2, 2], [0, 0, 0, 0, 2, 2, 0, 2, 2]]}, {"input": [[2, 2, 2], [0, 0, 2], [2, 0, 2]], "output": [[2, 2, 2, 2, 2, 2, 2, 2, 2], [0, 0, 2, 0, 0, 2, 0, 0, 2], [2, 0, 2, 2, 0, 2, 2, 0, 2], [0, 0, 0, 0, 0, 0, 2, 2, 2], [0, 0, 0, 0, 0, 0, 0, 0, 2], [0, 0, 0, 0, 0, 0, 2, 0, 2], [2, 2, 2, 0, 0, 0, 2, 2, 2], [0, 0, 2, 0, 0, 0, 0, 0, 2], [2, 0, 2, 0, 0, 0, 2, 0, 2]]}, {"input": [[6, 6, 6], [0, 6, 0], [0, 6, 0]], "output": [[6, 6, 6, 6, 6, 6, 6, 6, 6], [0, 6, 0, 0, 6, 0, 0, 6, 0], [0, 6, 0, 0, 6, 0, 0, 6, 0], [0, 0, 0, 6, 6, 6, 0, 0, 0], [0, 0, 0, 0, 6, 0, 0, 0, 0], [0, 0, 0, 0, 6, 0, 0, 0, 0], [0, 0, 0, 6, 6, 6, 0, 0, 0], [0, 0, 0, 0, 6, 0, 0, 0, 0], [0, 0, 0, 0, 6, 0, 0, 0, 0]]}, {"input": [[0, 6, 6], [6, 0, 6], [6, 6, 6]], "output": [[0, 0, 0, 0, 6, 6, 0, 6, 6], [0, 0, 0, 6, 0, 6, 6, 0, 6], [0, 0, 0, 6, 6, 6, 6, 6, 6], [0, 6, 6, 0, 0, 0, 0, 6, 6], [6, 0, 6, 0, 0, 0, 6, 0, 6], [6, 6, 6, 0, 0, 0, 6, 6, 6], [0, 6, 6, 0, 6, 6, 0, 6, 6], [6, 0, 6, 6, 0, 6, 6, 0, 6], [6, 6, 6, 6, 6, 6, 6, 6, 6]]}, {"input": [[0, 0, 0], [0, 0, 1], [0, 0, 1]], "output": [[0, 0, 0, 0, 0, 0, 0, 0, 0], [0, 0, 0, 0, 0, 0, 0, 0, 0], [0, 0, 0, 0, 0, 0, 0, 0, 0], [0, 0, 0, 0, 0, 0, 0, 0, 0], [0, 0, 0, 0, 0, 0, 0, 0, 1], [0, 0, 0, 0, 0, 0, 0, 0, 1], [0, 0, 0, 0, 0, 0, 0, 0, 0], [0, 0, 0, 0, 0, 0, 0, 0, 1], [0, 0, 0, 0, 0, 0, 0, 0, 1]]}, {"input": [[5, 5, 5], [0, 5, 5], [5, 0, 5]], "output": [[5, 5, 5, 5, 5, 5, 5, 5, 5], [0, 5, 5, 0, 5, 5, 0, 5, 5], [5, 0, 5, 5, 0, 5, 5, 0, 5], [0, 0, 0, 5, 5, 5, 5, 5, 5], [0, 0, 0, 0, 5, 5, 0, 5, 5], [0, 0, 0, 5, 0, 5, 5, 0, 5], [5, 5, 5, 0, 0, 0, 5, 5, 5], [0, 5, 5, 0, 0, 0, 0, 5, 5], [5, 0, 5, 0, 0, 0, 5, 0, 5]]}, {"input": [[6, 6, 0], [6, 0, 6], [6, 6, 6]], "output": [[6, 6, 0, 6, 6, 0, 0, 0, 0], [6, 0, 6, 6, 0, 6, 0, 0, 0], [6, 6, 6, 6, 6, 6, 0, 0, 0], [6, 6, 0, 0, 0, 0, 6, 6, 0], [6, 0, 6, 0, 0, 0, 6, 0, 6], [6, 6, 6, 0, 0, 0, 6, 6, 6], [6, 6, 0, 6, 6, 0, 6, 6, 0], [6, 0, 6, 6, 0, 6, 6, 0, 6], [6, 6, 6, 6, 6, 6, 6, 6, 6]]}, {"input": [[4, 4, 4], [4, 0, 0], [4, 4, 4]], "output": [[4, 4, 4, 4, 4, 4, 4, 4, 4], [4, 0, 0, 4, 0, 0, 4, 0, 0], [4, 4, 4, 4, 4, 4, 4, 4, 4], [4, 4, 4, 0, 0, 0, 0, 0, 0], [4, 0, 0, 0, 0, 0, 0, 0, 0], [4, 4, 4, 0, 0, 0, 0, 0, 0], [4, 4, 4, 4, 4, 4, 4, 4, 4], [4, 0, 0, 4, 0, 0, 4, 0, 0], [4, 4, 4, 4, 4, 4, 4, 4, 4]]}, {"input": [[0, 8, 0], [0, 8, 0], [8, 8, 0]], "output": [[0, 0, 0, 0, 8, 0, 0, 0, 0], [0, 0, 0, 0, 8, 0, 0, 0, 0], [0, 0, 0, 8, 8, 0, 0, 0, 0], [0, 0, 0, 0, 8, 0, 0, 0, 0], [0, 0, 0, 0, 8, 0, 0, 0, 0], [0, 0, 0, 8, 8, 0, 0, 0, 0], [0, 8, 0, 0, 8, 0, 0, 0, 0], [0, 8, 0, 0, 8, 0, 0, 0, 0], [8, 8, 0, 8, 8, 0, 0, 0, 0]]}, {"input": [[9, 9, 9], [9, 0, 9], [9, 9, 9]], "output": [[9, 9, 9, 9, 9, 9, 9, 9, 9], [9, 0, 9, 9, 0, 9, 9, 0, 9], [9, 9, 9, 9, 9, 9, 9, 9, 9], [9, 9, 9, 0, 0, 0, 9, 9, 9], [9, 0, 9, 0, 0, 0, 9, 0, 9], [9, 9, 9, 0, 0, 0, 9, 9, 9], [9, 9, 9, 9, 9, 9, 9, 9, 9], [9, 0, 9, 9, 0, 9, 9, 0, 9], [9, 9, 9, 9, 9, 9, 9, 9, 9]]}, {"input": [[0, 3, 3], [0, 0, 0], [0, 0, 0]], "output": [[0, 0, 0, 0, 3, 3, 0, 3, 3], [0, 0, 0, 0, 0, 0, 0, 0, 0], [0, 0, 0, 0, 0, 0, 0, 0, 0], [0, 0, 0, 0, 0, 0, 0, 0, 0], [0, 0, 0, 0, 0, 0, 0, 0, 0], [0, 0, 0, 0, 0, 0, 0, 0, 0], [0, 0, 0, 0, 0, 0, 0, 0, 0], [0, 0, 0, 0, 0, 0, 0, 0, 0], [0, 0, 0, 0, 0, 0, 0, 0, 0]]}, {"input": [[9, 0, 0], [9, 9, 9], [0, 9, 9]], "output": [[9, 0, 0, 0, 0, 0, 0, 0, 0], [9, 9, 9, 0, 0, 0, 0, 0, 0], [0, 9, 9, 0, 0, 0, 0, 0, 0], [9, 0, 0, 9, 0, 0, 9, 0, 0], [9, 9, 9, 9, 9, 9, 9, 9, 9], [0, 9, 9, 0, 9, 9, 0, 9, 9], [0, 0, 0, 9, 0, 0, 9, 0, 0], [0, 0, 0, 9, 9, 9, 9, 9, 9], [0, 0, 0, 0, 9, 9, 0, 9, 9]]}, {"input": [[0, 4, 0], [0, 4, 0], [0, 0, 0]], "output": [[0, 0, 0, 0, 4, 0, 0, 0, 0], [0, 0, 0, 0, 4, 0, 0, 0, 0], [0, 0, 0, 0, 0, 0, 0, 0, 0], [0, 0, 0, 0, 4, 0, 0, 0, 0], [0, 0, 0, 0, 4, 0, 0, 0, 0], [0, 0, 0, 0, 0, 0, 0, 0, 0], [0, 0, 0, 0, 0, 0, 0, 0, 0], [0, 0, 0, 0, 0, 0, 0, 0, 0], [0, 0, 0, 0, 0, 0, 0, 0, 0]]}, {"input": [[0, 2, 0], [2, 0, 2], [2, 2, 2]], "output": [[0, 0, 0, 0, 2, 0, 0, 0, 0], [0, 0, 0, 2, 0, 2, 0, 0, 0], [0, 0, 0, 2, 2, 2, 0, 0, 0], [0, 2, 0, 0, 0, 0, 0, 2, 0], [2, 0, 2, 0, 0, 0, 2, 0, 2], [2, 2, 2, 0, 0, 0, 2, 2, 2], [0, 2, 0, 0, 2, 0, 0, 2, 0], [2, 0, 2, 2, 0, 2, 2, 0, 2], [2, 2, 2, 2, 2, 2, 2, 2, 2]]}, {"input": [[0, 9, 9], [9, 9, 0], [9, 0, 0]], "output": [[0, 0, 0, 0, 9, 9, 0, 9, 9], [0, 0, 0, 9, 9, 0, 9, 9, 0], [0, 0, 0, 9, 0, 0, 9, 0, 0], [0, 9, 9, 0, 9, 9, 0, 0, 0], [9, 9, 0, 9, 9, 0, 0, 0, 0], [9, 0, 0, 9, 0, 0, 0, 0, 0], [0, 9, 9, 0, 0, 0, 0, 0, 0], [9, 9, 0, 0, 0, 0, 0, 0, 0], [9, 0, 0, 0, 0, 0, 0, 0, 0]]}, {"input": [[2, 2, 0], [2, 2, 2], [2, 0, 2]], "output": [[2, 2, 0, 2, 2, 0, 0, 0, 0], [2, 2, 2, 2, 2, 2, 0, 0, 0], [2, 0, 2, 2, 0, 2, 0, 0, 0], [2, 2, 0, 2, 2, 0, 2, 2, 0], [2, 2, 2, 2, 2, 2, 2, 2, 2], [2, 0, 2, 2, 0, 2, 2, 0, 2], [2, 2, 0, 0, 0, 0, 2, 2, 0], [2, 2, 2, 0, 0, 0, 2, 2, 2], [2, 0, 2, 0, 0, 0, 2, 0, 2]]}, {"input": [[0, 0, 0], [0, 0, 0], [4, 4, 0]], "output": [[0, 0, 0, 0, 0, 0, 0, 0, 0], [0, 0, 0, 0, 0, 0, 0, 0, 0], [0, 0, 0, 0, 0, 0, 0, 0, 0], [0, 0, 0, 0, 0, 0, 0, 0, 0], [0, 0, 0, 0, 0, 0, 0, 0, 0], [0, 0, 0, 0, 0, 0, 0, 0, 0], [0, 0, 0, 0, 0, 0, 0, 0, 0], [0, 0, 0, 0, 0, 0, 0, 0, 0], [4, 4, 0, 4, 4, 0, 0, 0, 0]]}, {"input": [[6, 6, 6], [6, 6, 6], [0, 6, 0]], "output": [[6, 6, 6, 6, 6, 6, 6, 6, 6], [6, 6, 6, 6, 6, 6, 6, 6, 6], [0, 6, 0, 0, 6, 0, 0, 6, 0], [6, 6, 6, 6, 6, 6, 6, 6, 6], [6, 6, 6, 6, 6, 6, 6, 6, 6], [0, 6, 0, 0, 6, 0, 0, 6, 0], [0, 0, 0, 6, 6, 6, 0, 0, 0], [0, 0, 0, 6, 6, 6, 0, 0, 0], [0, 0, 0, 0, 6, 0, 0, 0, 0]]}, {"input": [[6, 6, 6], [6, 0, 6], [6, 0, 0]], "output": [[6, 6, 6, 6, 6, 6, 6, 6, 6], [6, 0, 6, 6, 0, 6, 6, 0, 6], [6, 0, 0, 6, 0, 0, 6, 0, 0], [6, 6, 6, 0, 0, 0, 6, 6, 6], [6, 0, 6, 0, 0, 0, 6, 0, 6], [6, 0, 0, 0, 0, 0, 6, 0, 0], [6, 6, 6, 0, 0, 0, 0, 0, 0], [6, 0, 6, 0, 0, 0, 0, 0, 0], [6, 0, 0, 0, 0, 0, 0, 0, 0]]}, {"input": [[5, 0, 5], [5, 0, 0], [5, 5, 5]], "output": [[5, 0, 5, 0, 0, 0, 5, 0, 5], [5, 0, 0, 0, 0, 0, 5, 0, 0], [5, 5, 5, 0, 0, 0, 5, 5, 5], [5, 0, 5, 0, 0, 0, 0, 0, 0], [5, 0, 0, 0, 0, 0, 0, 0, 0], [5, 5, 5, 0, 0, 0, 0, 0, 0], [5, 0, 5, 5, 0, 5, 5, 0, 5], [5, 0, 0, 5, 0, 0, 5, 0, 0], [5, 5, 5, 5, 5, 5, 5, 5, 5]]}, {"input": [[0, 9, 0], [0, 0, 9], [9, 0, 9]], "output": [[0, 0, 0, 0, 9, 0, 0, 0, 0], [0, 0, 0, 0, 0, 9, 0, 0, 0], [0, 0, 0, 9, 0, 9, 0, 0, 0], [0, 0, 0, 0, 0, 0, 0, 9, 0], [0, 0, 0, 0, 0, 0, 0, 0, 9], [0, 0, 0, 0, 0, 0, 9, 0, 9], [0, 9, 0, 0, 0, 0, 0, 9, 0], [0, 0, 9, 0, 0, 0, 0, 0, 9], [9, 0, 9, 0, 0, 0, 9, 0, 9]]}, {"input": [[0, 3, 0], [3, 0, 0], [0, 3, 3]], "output": [[0, 0, 0, 0, 3, 0, 0, 0, 0], [0, 0, 0, 3, 0, 0, 0, 0, 0], [0, 0, 0, 0, 3, 3, 0, 0, 0], [0, 3, 0, 0, 0, 0, 0, 0, 0], [3, 0, 0, 0, 0, 0, 0, 0, 0], [0, 3, 3, 0, 0, 0, 0, 0, 0], [0, 0, 0, 0, 3, 0, 0, 3, 0], [0, 0, 0, 3, 0, 0, 3, 0, 0], [0, 0, 0, 0, 3, 3, 0, 3, 3]]}, {"input": [[0, 9, 9], [9, 9, 9], [0, 0, 9]], "output": [[0, 0, 0, 0, 9, 9, 0, 9, 9], [0, 0, 0, 9, 9, 9, 9, 9, 9], [0, 0, 0, 0, 0, 9, 0, 0, 9], [0, 9, 9, 0, 9, 9, 0, 9, 9], [9, 9, 9, 9, 9, 9, 9, 9, 9], [0, 0, 9, 0, 0, 9, 0, 0, 9], [0, 0, 0, 0, 0, 0, 0, 9, 9], [0, 0, 0, 0, 0, 0, 9, 9, 9], [0, 0, 0, 0, 0, 0, 0, 0, 9]]}, {"input": [[0, 2, 0], [0, 2, 0], [0, 2, 0]], "output": [[0, 0, 0, 0, 2, 0, 0, 0, 0], [0, 0, 0, 0, 2, 0, 0, 0, 0], [0, 0, 0, 0, 2, 0, 0, 0, 0], [0, 0, 0, 0, 2, 0, 0, 0, 0], [0, 0, 0, 0, 2, 0, 0, 0, 0], [0, 0, 0, 0, 2, 0, 0, 0, 0], [0, 0, 0, 0, 2, 0, 0, 0, 0], [0, 0, 0, 0, 2, 0, 0, 0, 0], [0, 0, 0, 0, 2, 0, 0, 0, 0]]}, {"input": [[0, 0, 0], [0, 6, 6], [0, 0, 0]], "output": [[0, 0, 0, 0, 0, 0, 0, 0, 0], [0, 0, 0, 0, 0, 0, 0, 0, 0], [0, 0, 0, 0, 0, 0, 0, 0, 0], [0, 0, 0, 0, 0, 0, 0, 0, 0], [0, 0, 0, 0, 6, 6, 0, 6, 6], [0, 0, 0, 0, 0, 0, 0, 0, 0], [0, 0, 0, 0, 0, 0, 0, 0, 0], [0, 0, 0, 0, 0, 0, 0, 0, 0], [0, 0, 0, 0, 0, 0, 0, 0, 0]]}, {"input": [[7, 7, 7], [7, 7, 0], [0, 7, 7]], "output": [[7, 7, 7, 7, 7, 7, 7, 7, 7], [7, 7, 0, 7, 7, 0, 7, 7, 0], [0, 7, 7, 0, 7, 7, 0, 7, 7], [7, 7, 7, 7, 7, 7, 0, 0, 0], [7, 7, 0, 7, 7, 0, 0, 0, 0], [0, 7, 7, 0, 7, 7, 0, 0, 0], [0, 0, 0, 7, 7, 7, 7, 7, 7], [0, 0, 0, 7, 7, 0, 7, 7, 0], [0, 0, 0, 0, 7, 7, 0, 7, 7]]}, {"input": [[0, 6, 6], [6, 6, 6], [0, 6, 0]], "output": [[0, 0, 0, 0, 6, 6, 0, 6, 6], [0, 0, 0, 6, 6, 6, 6, 6, 6], [0, 0, 0, 0, 6, 0, 0, 6, 0], [0, 6, 6, 0, 6, 6, 0, 6, 6], [6, 6, 6, 6, 6, 6, 6, 6, 6], [0, 6, 0, 0, 6, 0, 0, 6, 0], [0, 0, 0, 0, 6, 6, 0, 0, 0], [0, 0, 0, 6, 6, 6, 0, 0, 0], [0, 0, 0, 0, 6, 0, 0, 0, 0]]}, {"input": [[2, 2, 2], [0, 0, 2], [2, 2, 2]], "output": [[2, 2, 2, 2, 2, 2, 2, 2, 2], [0, 0, 2, 0, 0, 2, 0, 0, 2], [2, 2, 2, 2, 2, 2, 2, 2, 2], [0, 0, 0, 0, 0, 0, 2, 2, 2], [0, 0, 0, 0, 0, 0, 0, 0, 2], [0, 0, 0, 0, 0, 0, 2, 2, 2], [2, 2, 2, 2, 2, 2, 2, 2, 2], [0, 0, 2, 0, 0, 2, 0, 0, 2], [2, 2, 2, 2, 2, 2, 2, 2, 2]]}, {"input": [[0, 5, 0], [0, 5, 0], [0, 5, 0]], "output": [[0, 0, 0, 0, 5, 0, 0, 0, 0], [0, 0, 0, 0, 5, 0, 0, 0, 0], [0, 0, 0, 0, 5, 0, 0, 0, 0], [0, 0, 0, 0, 5, 0, 0, 0, 0], [0, 0, 0, 0, 5, 0, 0, 0, 0], [0, 0, 0, 0, 5, 0, 0, 0, 0], [0, 0, 0, 0, 5, 0, 0, 0, 0], [0, 0, 0, 0, 5, 0, 0, 0, 0], [0, 0, 0, 0, 5, 0, 0, 0, 0]]}, {"input": [[1, 1, 1], [1, 1, 0], [0, 1, 1]], "output": [[1, 1, 1, 1, 1, 1, 1, 1, 1], [1, 1, 0, 1, 1, 0, 1, 1, 0], [0, 1, 1, 0, 1, 1, 0, 1, 1], [1, 1, 1, 1, 1, 1, 0, 0, 0], [1, 1, 0, 1, 1, 0, 0, 0, 0], [0, 1, 1, 0, 1, 1, 0, 0, 0], [0, 0, 0, 1, 1, 1, 1, 1, 1], [0, 0, 0, 1, 1, 0, 1, 1, 0], [0, 0, 0, 0, 1, 1, 0, 1, 1]]}, {"input": [[5, 0, 0], [0, 0, 5], [5, 0, 0]], "output": [[5, 0, 0, 0, 0, 0, 0, 0, 0], [0, 0, 5, 0, 0, 0, 0, 0, 0], [5, 0, 0, 0, 0, 0, 0, 0, 0], [0, 0, 0, 0, 0, 0, 5, 0, 0], [0, 0, 0, 0, 0, 0, 0, 0, 5], [0, 0, 0, 0, 0, 0, 5, 0, 0], [5, 0, 0, 0, 0, 0, 0, 0, 0], [0, 0, 5, 0, 0, 0, 0, 0, 0], [5, 0, 0, 0, 0, 0, 0, 0, 0]]}, {"input": [[0, 6, 0], [0, 0, 0], [0, 0, 6]], "output": [[0, 0, 0, 0, 6, 0, 0, 0, 0], [0, 0, 0, 0, 0, 0, 0, 0, 0], [0, 0, 0, 0, 0, 6, 0, 0, 0], [0, 0, 0, 0, 0, 0, 0, 0, 0], [0, 0, 0, 0, 0, 0, 0, 0, 0], [0, 0, 0, 0, 0, 0, 0, 0, 0], [0, 0, 0, 0, 0, 0, 0, 6, 0], [0, 0, 0, 0, 0, 0, 0, 0, 0], [0, 0, 0, 0, 0, 0, 0, 0, 6]]}, {"input": [[5, 0, 5], [5, 5, 5], [5, 5, 5]], "output": [[5, 0, 5, 0, 0, 0, 5, 0, 5], [5, 5, 5, 0, 0, 0, 5, 5, 5], [5, 5, 5, 0, 0, 0, 5, 5, 5], [5, 0, 5, 5, 0, 5, 5, 0, 5], [5, 5, 5, 5, 5, 5, 5, 5, 5], [5, 5, 5, 5, 5, 5, 5, 5, 5], [5, 0, 5, 5, 0, 5, 5, 0, 5], [5, 5, 5, 5, 5, 5, 5, 5, 5], [5, 5, 5, 5, 5, 5, 5, 5, 5]]}, {"input": [[6, 0, 0], [6, 6, 0], [0, 0, 6]], "output": [[6, 0, 0, 0, 0, 0, 0, 0, 0], [6, 6, 0, 0, 0, 0, 0, 0, 0], [0, 0, 6, 0, 0, 0, 0, 0, 0], [6, 0, 0, 6, 0, 0, 0, 0, 0], [6, 6, 0, 6, 6, 0, 0, 0, 0], [0, 0, 6, 0, 0, 6, 0, 0, 0], [0, 0, 0, 0, 0, 0, 6, 0, 0], [0, 0, 0, 0, 0, 0, 6, 6, 0], [0, 0, 0, 0, 0, 0, 0, 0, 6]]}, {"input": [[4, 0, 4], [4, 0, 4], [0, 0, 4]], "output": [[4, 0, 4, 0, 0, 0, 4, 0, 4], [4, 0, 4, 0, 0, 0, 4, 0, 4], [0, 0, 4, 0, 0, 0, 0, 0, 4], [4, 0, 4, 0, 0, 0, 4, 0, 4], [4, 0, 4, 0, 0, 0, 4, 0, 4], [0, 0, 4, 0, 0, 0, 0, 0, 4], [0, 0, 0, 0, 0, 0, 4, 0, 4], [0, 0, 0, 0, 0, 0, 4, 0, 4], [0, 0, 0, 0, 0, 0, 0, 0, 4]]}, {"input": [[0, 0, 4], [4, 0, 4], [0, 0, 0]], "output": [[0, 0, 0, 0, 0, 0, 0, 0, 4], [0, 0, 0, 0, 0, 0, 4, 0, 4], [0, 0, 0, 0, 0, 0, 0, 0, 0], [0, 0, 4, 0, 0, 0, 0, 0, 4], [4, 0, 4, 0, 0, 0, 4, 0, 4], [0, 0, 0, 0, 0, 0, 0, 0, 0], [0, 0, 0, 0, 0, 0, 0, 0, 0], [0, 0, 0, 0, 0, 0, 0, 0, 0], [0, 0, 0, 0, 0, 0, 0, 0, 0]]}, {"input": [[7, 7, 7], [7, 7, 7], [7, 0, 7]], "output": [[7, 7, 7, 7, 7, 7, 7, 7, 7], [7, 7, 7, 7, 7, 7, 7, 7, 7], [7, 0, 7, 7, 0, 7, 7, 0, 7], [7, 7, 7, 7, 7, 7, 7, 7, 7], [7, 7, 7, 7, 7, 7, 7, 7, 7], [7, 0, 7, 7, 0, 7, 7, 0, 7], [7, 7, 7, 0, 0, 0, 7, 7, 7], [7, 7, 7, 0, 0, 0, 7, 7, 7], [7, 0, 7, 0, 0, 0, 7, 0, 7]]}, {"input": [[8, 8, 8], [8, 8, 8], [0, 8, 0]], "output": [[8, 8, 8, 8, 8, 8, 8, 8, 8], [8, 8, 8, 8, 8, 8, 8, 8, 8], [0, 8, 0, 0, 8, 0, 0, 8, 0], [8, 8, 8, 8, 8, 8, 8, 8, 8], [8, 8, 8, 8, 8, 8, 8, 8, 8], [0, 8, 0, 0, 8, 0, 0, 8, 0], [0, 0, 0, 8, 8, 8, 0, 0, 0], [0, 0, 0, 8, 8, 8, 0, 0, 0], [0, 0, 0, 0, 8, 0, 0, 0, 0]]}, {"input": [[0, 7, 7], [7, 0, 0], [7, 7, 7]], "output": [[0, 0, 0, 0, 7, 7, 0, 7, 7], [0, 0, 0, 7, 0, 0, 7, 0, 0], [0, 0, 0, 7, 7, 7, 7, 7, 7], [0, 7, 7, 0, 0, 0, 0, 0, 0], [7, 0, 0, 0, 0, 0, 0, 0, 0], [7, 7, 7, 0, 0, 0, 0, 0, 0], [0, 7, 7, 0, 7, 7, 0, 7, 7], [7, 0, 0, 7, 0, 0, 7, 0, 0], [7, 7, 7, 7, 7, 7, 7, 7, 7]]}, {"input": [[9, 9, 9], [9, 9, 9], [0, 9, 9]], "output": [[9, 9, 9, 9, 9, 9, 9, 9, 9], [9, 9, 9, 9, 9, 9, 9, 9, 9], [0, 9, 9, 0, 9, 9, 0, 9, 9], [9, 9, 9, 9, 9, 9, 9, 9, 9], [9, 9, 9, 9, 9, 9, 9, 9, 9], [0, 9, 9, 0, 9, 9, 0, 9, 9], [0, 0, 0, 9, 9, 9, 9, 9, 9], [0, 0, 0, 9, 9, 9, 9, 9, 9], [0, 0, 0, 0, 9, 9, 0, 9, 9]]}, {"input": [[0, 5, 5], [0, 5, 0], [5, 0, 0]], "output": [[0, 0, 0, 0, 5, 5, 0, 5, 5], [0, 0, 0, 0, 5, 0, 0, 5, 0], [0, 0, 0, 5, 0, 0, 5, 0, 0], [0, 0, 0, 0, 5, 5, 0, 0, 0], [0, 0, 0, 0, 5, 0, 0, 0, 0], [0, 0, 0, 5, 0, 0, 0, 0, 0], [0, 5, 5, 0, 0, 0, 0, 0, 0], [0, 5, 0, 0, 0, 0, 0, 0, 0], [5, 0, 0, 0, 0, 0, 0, 0, 0]]}, {"input": [[0, 2, 2], [0, 2, 2], [0, 2, 2]], "output": [[0, 0, 0, 0, 2, 2, 0, 2, 2], [0, 0, 0, 0, 2, 2, 0, 2, 2], [0, 0, 0, 0, 2, 2, 0, 2, 2], [0, 0, 0, 0, 2, 2, 0, 2, 2], [0, 0, 0, 0, 2, 2, 0, 2, 2], [0, 0, 0, 0, 2, 2, 0, 2, 2], [0, 0, 0, 0, 2, 2, 0, 2, 2], [0, 0, 0, 0, 2, 2, 0, 2, 2], [0, 0, 0, 0, 2, 2, 0, 2, 2]]}, {"input": [[0, 2, 0], [0, 0, 2], [0, 0, 0]], "output": [[0, 0, 0, 0, 2, 0, 0, 0, 0], [0, 0, 0, 0, 0, 2, 0, 0, 0], [0, 0, 0, 0, 0, 0, 0, 0, 0], [0, 0, 0, 0, 0, 0, 0, 2, 0], [0, 0, 0, 0, 0, 0, 0, 0, 2], [0, 0, 0, 0, 0, 0, 0, 0, 0], [0, 0, 0, 0, 0, 0, 0, 0, 0], [0, 0, 0, 0, 0, 0, 0, 0, 0], [0, 0, 0, 0, 0, 0, 0, 0, 0]]}, {"input": [[0, 6, 0], [6, 6, 6], [6, 6, 6]], "output": [[0, 0, 0, 0, 6, 0, 0, 0, 0], [0, 0, 0, 6, 6, 6, 0, 0, 0], [0, 0, 0, 6, 6, 6, 0, 0, 0], [0, 6, 0, 0, 6, 0, 0, 6, 0], [6, 6, 6, 6, 6, 6, 6, 6, 6], [6, 6, 6, 6, 6, 6, 6, 6, 6], [0, 6, 0, 0, 6, 0, 0, 6, 0], [6, 6, 6, 6, 6, 6, 6, 6, 6], [6, 6, 6, 6, 6, 6, 6, 6, 6]]}, {"input": [[7, 7, 7], [7, 0, 0], [0, 0, 0]], "output": [[7, 7, 7, 7, 7, 7, 7, 7, 7], [7, 0, 0, 7, 0, 0, 7, 0, 0], [0, 0, 0, 0, 0, 0, 0, 0, 0], [7, 7, 7, 0, 0, 0, 0, 0, 0], [7, 0, 0, 0, 0, 0, 0, 0, 0], [0, 0, 0, 0, 0, 0, 0, 0, 0], [0, 0, 0, 0, 0, 0, 0, 0, 0], [0, 0, 0, 0, 0, 0, 0, 0, 0], [0, 0, 0, 0, 0, 0, 0, 0, 0]]}, {"input": [[3, 0, 3], [3, 3, 3], [3, 3, 3]], "output": [[3, 0, 3, 0, 0, 0, 3, 0, 3], [3, 3, 3, 0, 0, 0, 3, 3, 3], [3, 3, 3, 0, 0, 0, 3, 3, 3], [3, 0, 3, 3, 0, 3, 3, 0, 3], [3, 3, 3, 3, 3, 3, 3, 3, 3], [3, 3, 3, 3, 3, 3, 3, 3, 3], [3, 0, 3, 3, 0, 3, 3, 0, 3], [3, 3, 3, 3, 3, 3, 3, 3, 3], [3, 3, 3, 3, 3, 3, 3, 3, 3]]}, {"input": [[5, 5, 5], [0, 0, 5], [0, 5, 5]], "output": [[5, 5, 5, 5, 5, 5, 5, 5, 5], [0, 0, 5, 0, 0, 5, 0, 0, 5], [0, 5, 5, 0, 5, 5, 0, 5, 5], [0, 0, 0, 0, 0, 0, 5, 5, 5], [0, 0, 0, 0, 0, 0, 0, 0, 5], [0, 0, 0, 0, 0, 0, 0, 5, 5], [0, 0, 0, 5, 5, 5, 5, 5, 5], [0, 0, 0, 0, 0, 5, 0, 0, 5], [0, 0, 0, 0, 5, 5, 0, 5, 5]]}, {"input": [[0, 5, 5], [5, 5, 0], [5, 5, 0]], "output": [[0, 0, 0, 0, 5, 5, 0, 5, 5], [0, 0, 0, 5, 5, 0, 5, 5, 0], [0, 0, 0, 5, 5, 0, 5, 5, 0], [0, 5, 5, 0, 5, 5, 0, 0, 0], [5, 5, 0, 5, 5, 0, 0, 0, 0], [5, 5, 0, 5, 5, 0, 0, 0, 0], [0, 5, 5, 0, 5, 5, 0, 0, 0], [5, 5, 0, 5, 5, 0, 0, 0, 0], [5, 5, 0, 5, 5, 0, 0, 0, 0]]}, {"input": [[3, 0, 0], [3, 0, 3], [3, 3, 0]], "output": [[3, 0, 0, 0, 0, 0, 0, 0, 0], [3, 0, 3, 0, 0, 0, 0, 0, 0], [3, 3, 0, 0, 0, 0, 0, 0, 0], [3, 0, 0, 0, 0, 0, 3, 0, 0], [3, 0, 3, 0, 0, 0, 3, 0, 3], [3, 3, 0, 0, 0, 0, 3, 3, 0], [3, 0, 0, 3, 0, 0, 0, 0, 0], [3, 0, 3, 3, 0, 3, 0, 0, 0], [3, 3, 0, 3, 3, 0, 0, 0, 0]]}, {"input": [[7, 7, 7], [7, 0, 7], [0, 7, 0]], "output": [[7, 7, 7, 7, 7, 7, 7, 7, 7], [7, 0, 7, 7, 0, 7, 7, 0, 7], [0, 7, 0, 0, 7, 0, 0, 7, 0], [7, 7, 7, 0, 0, 0, 7, 7, 7], [7, 0, 7, 0, 0, 0, 7, 0, 7], [0, 7, 0, 0, 0, 0, 0, 7, 0], [0, 0, 0, 7, 7, 7, 0, 0, 0], [0, 0, 0, 7, 0, 7, 0, 0, 0], [0, 0, 0, 0, 7, 0, 0, 0, 0]]}, {"input": [[0, 0, 1], [0, 0, 1], [1, 0, 0]], "output": [[0, 0, 0, 0, 0, 0, 0, 0, 1], [0, 0, 0, 0, 0, 0, 0, 0, 1], [0, 0, 0, 0, 0, 0, 1, 0, 0], [0, 0, 0, 0, 0, 0, 0, 0, 1], [0, 0, 0, 0, 0, 0, 0, 0, 1], [0, 0, 0, 0, 0, 0, 1, 0, 0], [0, 0, 1, 0, 0, 0, 0, 0, 0], [0, 0, 1, 0, 0, 0, 0, 0, 0], [1, 0, 0, 0, 0, 0, 0, 0, 0]]}, {"input": [[6, 0, 6], [6, 6, 6], [6, 0, 0]], "output": [[6, 0, 6, 0, 0, 0, 6, 0, 6], [6, 6, 6, 0, 0, 0, 6, 6, 6], [6, 0, 0, 0, 0, 0, 6, 0, 0], [6, 0, 6, 6, 0, 6, 6, 0, 6], [6, 6, 6, 6, 6, 6, 6, 6, 6], [6, 0, 0, 6, 0, 0, 6, 0, 0], [6, 0, 6, 0, 0, 0, 0, 0, 0], [6, 6, 6, 0, 0, 0, 0, 0, 0], [6, 0, 0, 0, 0, 0, 0, 0, 0]]}, {"input": [[0, 1, 1], [0, 0, 0], [0, 1, 1]], "output": [[0, 0, 0, 0, 1, 1, 0, 1, 1], [0, 0, 0, 0, 0, 0, 0, 0, 0], [0, 0, 0, 0, 1, 1, 0, 1, 1], [0, 0, 0, 0, 0, 0, 0, 0, 0], [0, 0, 0, 0, 0, 0, 0, 0, 0], [0, 0, 0, 0, 0, 0, 0, 0, 0], [0, 0, 0, 0, 1, 1, 0, 1, 1], [0, 0, 0, 0, 0, 0, 0, 0, 0], [0, 0, 0, 0, 1, 1, 0, 1, 1]]}, {"input": [[0, 0, 8], [0, 0, 8], [8, 8, 8]], "output": [[0, 0, 0, 0, 0, 0, 0, 0, 8], [0, 0, 0, 0, 0, 0, 0, 0, 8], [0, 0, 0, 0, 0, 0, 8, 8, 8], [0, 0, 0, 0, 0, 0, 0, 0, 8], [0, 0, 0, 0, 0, 0, 0, 0, 8], [0, 0, 0, 0, 0, 0, 8, 8, 8], [0, 0, 8, 0, 0, 8, 0, 0, 8], [0, 0, 8, 0, 0, 8, 0, 0, 8], [8, 8, 8, 8, 8, 8, 8, 8, 8]]}, {"input": [[0, 8, 0], [0, 8, 0], [0, 0, 0]], "output": [[0, 0, 0, 0, 8, 0, 0, 0, 0], [0, 0, 0, 0, 8, 0, 0, 0, 0], [0, 0, 0, 0, 0, 0, 0, 0, 0], [0, 0, 0, 0, 8, 0, 0, 0, 0], [0, 0, 0, 0, 8, 0, 0, 0, 0], [0, 0, 0, 0, 0, 0, 0, 0, 0], [0, 0, 0, 0, 0, 0, 0, 0, 0], [0, 0, 0, 0, 0, 0, 0, 0, 0], [0, 0, 0, 0, 0, 0, 0, 0, 0]]}, {"input": [[0, 0, 5], [5, 0, 5], [0, 0, 0]], "output": [[0, 0, 0, 0, 0, 0, 0, 0, 5], [0, 0, 0, 0, 0, 0, 5, 0, 5], [0, 0, 0, 0, 0, 0, 0, 0, 0], [0, 0, 5, 0, 0, 0, 0, 0, 5], [5, 0, 5, 0, 0, 0, 5, 0, 5], [0, 0, 0, 0, 0, 0, 0, 0, 0], [0, 0, 0, 0, 0, 0, 0, 0, 0], [0, 0, 0, 0, 0, 0, 0, 0, 0], [0, 0, 0, 0, 0, 0, 0, 0, 0]]}, {"input": [[7, 0, 0], [0, 7, 0], [7, 7, 7]], "output": [[7, 0, 0, 0, 0, 0, 0, 0, 0], [0, 7, 0, 0, 0, 0, 0, 0, 0], [7, 7, 7, 0, 0, 0, 0, 0, 0], [0, 0, 0, 7, 0, 0, 0, 0, 0], [0, 0, 0, 0, 7, 0, 0, 0, 0], [0, 0, 0, 7, 7, 7, 0, 0, 0], [7, 0, 0, 7, 0, 0, 7, 0, 0], [0, 7, 0, 0, 7, 0, 0, 7, 0], [7, 7, 7, 7, 7, 7, 7, 7, 7]]}, {"input": [[1, 0, 0], [0, 0, 0], [1, 0, 1]], "output": [[1, 0, 0, 0, 0, 0, 0, 0, 0], [0, 0, 0, 0, 0, 0, 0, 0, 0], [1, 0, 1, 0, 0, 0, 0, 0, 0], [0, 0, 0, 0, 0, 0, 0, 0, 0], [0, 0, 0, 0, 0, 0, 0, 0, 0], [0, 0, 0, 0, 0, 0, 0, 0, 0], [1, 0, 0, 0, 0, 0, 1, 0, 0], [0, 0, 0, 0, 0, 0, 0, 0, 0], [1, 0, 1, 0, 0, 0, 1, 0, 1]]}, {"input": [[7, 0, 7], [7, 7, 0], [7, 7, 7]], "output": [[7, 0, 7, 0, 0, 0, 7, 0, 7], [7, 7, 0, 0, 0, 0, 7, 7, 0], [7, 7, 7, 0, 0, 0, 7, 7, 7], [7, 0, 7, 7, 0, 7, 0, 0, 0], [7, 7, 0, 7, 7, 0, 0, 0, 0], [7, 7, 7, 7, 7, 7, 0, 0, 0], [7, 0, 7, 7, 0, 7, 7, 0, 7], [7, 7, 0, 7, 7, 0, 7, 7, 0], [7, 7, 7, 7, 7, 7, 7, 7, 7]]}, {"input": [[0, 0, 4], [0, 4, 0], [0, 0, 0]], "output": [[0, 0, 0, 0, 0, 0, 0, 0, 4], [0, 0, 0, 0, 0, 0, 0, 4, 0], [0, 0, 0, 0, 0, 0, 0, 0, 0], [0, 0, 0, 0, 0, 4, 0, 0, 0], [0, 0, 0, 0, 4, 0, 0, 0, 0], [0, 0, 0, 0, 0, 0, 0, 0, 0], [0, 0, 0, 0, 0, 0, 0, 0, 0], [0, 0, 0, 0, 0, 0, 0, 0, 0], [0, 0, 0, 0, 0, 0, 0, 0, 0]]}, {"input": [[0, 4, 0], [4, 0, 0], [0, 0, 0]], "output": [[0, 0, 0, 0, 4, 0, 0, 0, 0], [0, 0, 0, 4, 0, 0, 0, 0, 0], [0, 0, 0, 0, 0, 0, 0, 0, 0], [0, 4, 0, 0, 0, 0, 0, 0, 0], [4, 0, 0, 0, 0, 0, 0, 0, 0], [0, 0, 0, 0, 0, 0, 0, 0, 0], [0, 0, 0, 0, 0, 0, 0, 0, 0], [0, 0, 0, 0, 0, 0, 0, 0, 0], [0, 0, 0, 0, 0, 0, 0, 0, 0]]}, {"input": [[0, 0, 0], [0, 0, 9], [9, 0, 0]], "output": [[0, 0, 0, 0, 0, 0, 0, 0, 0], [0, 0, 0, 0, 0, 0, 0, 0, 0], [0, 0, 0, 0, 0, 0, 0, 0, 0], [0, 0, 0, 0, 0, 0, 0, 0, 0], [0, 0, 0, 0, 0, 0, 0, 0, 9], [0, 0, 0, 0, 0, 0, 9, 0, 0], [0, 0, 0, 0, 0, 0, 0, 0, 0], [0, 0, 9, 0, 0, 0, 0, 0, 0], [9, 0, 0, 0, 0, 0, 0, 0, 0]]}, {"input": [[6, 6, 0], [0, 6, 0], [6, 0, 0]], "output": [[6, 6, 0, 6, 6, 0, 0, 0, 0], [0, 6, 0, 0, 6, 0, 0, 0, 0], [6, 0, 0, 6, 0, 0, 0, 0, 0], [0, 0, 0, 6, 6, 0, 0, 0, 0], [0, 0, 0, 0, 6, 0, 0, 0, 0], [0, 0, 0, 6, 0, 0, 0, 0, 0], [6, 6, 0, 0, 0, 0, 0, 0, 0], [0, 6, 0, 0, 0, 0, 0, 0, 0], [6, 0, 0, 0, 0, 0, 0, 0, 0]]}, {"input": [[7, 0, 0], [7, 0, 7], [0, 0, 7]], "output": [[7, 0, 0, 0, 0, 0, 0, 0, 0], [7, 0, 7, 0, 0, 0, 0, 0, 0], [0, 0, 7, 0, 0, 0, 0, 0, 0], [7, 0, 0, 0, 0, 0, 7, 0, 0], [7, 0, 7, 0, 0, 0, 7, 0, 7], [0, 0, 7, 0, 0, 0, 0, 0, 7], [0, 0, 0, 0, 0, 0, 7, 0, 0], [0, 0, 0, 0, 0, 0, 7, 0, 7], [0, 0, 0, 0, 0, 0, 0, 0, 7]]}, {"input": [[7, 7, 7], [7, 7, 0], [7, 7, 7]], "output": [[7, 7, 7, 7, 7, 7, 7, 7, 7], [7, 7, 0, 7, 7, 0, 7, 7, 0], [7, 7, 7, 7, 7, 7, 7, 7, 7], [7, 7, 7, 7, 7, 7, 0, 0, 0], [7, 7, 0, 7, 7, 0, 0, 0, 0], [7, 7, 7, 7, 7, 7, 0, 0, 0], [7, 7, 7, 7, 7, 7, 7, 7, 7], [7, 7, 0, 7, 7, 0, 7, 7, 0], [7, 7, 7, 7, 7, 7, 7, 7, 7]]}, {"input": [[0, 0, 0], [0, 1, 0], [0, 1, 0]], "output": [[0, 0, 0, 0, 0, 0, 0, 0, 0], [0, 0, 0, 0, 0, 0, 0, 0, 0], [0, 0, 0, 0, 0, 0, 0, 0, 0], [0, 0, 0, 0, 0, 0, 0, 0, 0], [0, 0, 0, 0, 1, 0, 0, 0, 0], [0, 0, 0, 0, 1, 0, 0, 0, 0], [0, 0, 0, 0, 0, 0, 0, 0, 0], [0, 0, 0, 0, 1, 0, 0, 0, 0], [0, 0, 0, 0, 1, 0, 0, 0, 0]]}, {"input": [[4, 4, 4], [4, 4, 0], [4, 4, 4]], "output": [[4, 4, 4, 4, 4, 4, 4, 4, 4], [4, 4, 0, 4, 4, 0, 4, 4, 0], [4, 4, 4, 4, 4, 4, 4, 4, 4], [4, 4, 4, 4, 4, 4, 0, 0, 0], [4, 4, 0, 4, 4, 0, 0, 0, 0], [4, 4, 4, 4, 4, 4, 0, 0, 0], [4, 4, 4, 4, 4, 4, 4, 4, 4], [4, 4, 0, 4, 4, 0, 4, 4, 0], [4, 4, 4, 4, 4, 4, 4, 4, 4]]}, {"input": [[0, 0, 0], [0, 5, 0], [5, 0, 0]], "output": [[0, 0, 0, 0, 0, 0, 0, 0, 0], [0, 0, 0, 0, 0, 0, 0, 0, 0], [0, 0, 0, 0, 0, 0, 0, 0, 0], [0, 0, 0, 0, 0, 0, 0, 0, 0], [0, 0, 0, 0, 5, 0, 0, 0, 0], [0, 0, 0, 5, 0, 0, 0, 0, 0], [0, 0, 0, 0, 0, 0, 0, 0, 0], [0, 5, 0, 0, 0, 0, 0, 0, 0], [5, 0, 0, 0, 0, 0, 0, 0, 0]]}, {"input": [[2, 2, 0], [2, 2, 0], [2, 2, 0]], "output": [[2, 2, 0, 2, 2, 0, 0, 0, 0], [2, 2, 0, 2, 2, 0, 0, 0, 0], [2, 2, 0, 2, 2, 0, 0, 0, 0], [2, 2, 0, 2, 2, 0, 0, 0, 0], [2, 2, 0, 2, 2, 0, 0, 0, 0], [2, 2, 0, 2, 2, 0, 0, 0, 0], [2, 2, 0, 2, 2, 0, 0, 0, 0], [2, 2, 0, 2, 2, 0, 0, 0, 0], [2, 2, 0, 2, 2, 0, 0, 0, 0]]}, {"input": [[0, 0, 5], [0, 5, 0], [5, 0, 0]], "output": [[0, 0, 0, 0, 0, 0, 0, 0, 5], [0, 0, 0, 0, 0, 0, 0, 5, 0], [0, 0, 0, 0, 0, 0, 5, 0, 0], [0, 0, 0, 0, 0, 5, 0, 0, 0], [0, 0, 0, 0, 5, 0, 0, 0, 0], [0, 0, 0, 5, 0, 0, 0, 0, 0], [0, 0, 5, 0, 0, 0, 0, 0, 0], [0, 5, 0, 0, 0, 0, 0, 0, 0], [5, 0, 0, 0, 0, 0, 0, 0, 0]]}, {"input": [[0, 0, 9], [9, 9, 9], [0, 0, 0]], "output": [[0, 0, 0, 0, 0, 0, 0, 0, 9], [0, 0, 0, 0, 0, 0, 9, 9, 9], [0, 0, 0, 0, 0, 0, 0, 0, 0], [0, 0, 9, 0, 0, 9, 0, 0, 9], [9, 9, 9, 9, 9, 9, 9, 9, 9], [0, 0, 0, 0, 0, 0, 0, 0, 0], [0, 0, 0, 0, 0, 0, 0, 0, 0], [0, 0, 0, 0, 0, 0, 0, 0, 0], [0, 0, 0, 0, 0, 0, 0, 0, 0]]}, {"input": [[8, 0, 8], [8, 0, 8], [0, 0, 8]], "output": [[8, 0, 8, 0, 0, 0, 8, 0, 8], [8, 0, 8, 0, 0, 0, 8, 0, 8], [0, 0, 8, 0, 0, 0, 0, 0, 8], [8, 0, 8, 0, 0, 0, 8, 0, 8], [8, 0, 8, 0, 0, 0, 8, 0, 8], [0, 0, 8, 0, 0, 0, 0, 0, 8], [0, 0, 0, 0, 0, 0, 8, 0, 8], [0, 0, 0, 0, 0, 0, 8, 0, 8], [0, 0, 0, 0, 0, 0, 0, 0, 8]]}, {"input": [[7, 0, 7], [0, 0, 7], [7, 0, 0]], "output": [[7, 0, 7, 0, 0, 0, 7, 0, 7], [0, 0, 7, 0, 0, 0, 0, 0, 7], [7, 0, 0, 0, 0, 0, 7, 0, 0], [0, 0, 0, 0, 0, 0, 7, 0, 7], [0, 0, 0, 0, 0, 0, 0, 0, 7], [0, 0, 0, 0, 0, 0, 7, 0, 0], [7, 0, 7, 0, 0, 0, 0, 0, 0], [0, 0, 7, 0, 0, 0, 0, 0, 0], [7, 0, 0, 0, 0, 0, 0, 0, 0]]}, {"input": [[4, 0, 0], [4, 4, 4], [4, 4, 4]], "output": [[4, 0, 0, 0, 0, 0, 0, 0, 0], [4, 4, 4, 0, 0, 0, 0, 0, 0], [4, 4, 4, 0, 0, 0, 0, 0, 0], [4, 0, 0, 4, 0, 0, 4, 0, 0], [4, 4, 4, 4, 4, 4, 4, 4, 4], [4, 4, 4, 4, 4, 4, 4, 4, 4], [4, 0, 0, 4, 0, 0, 4, 0, 0], [4, 4, 4, 4, 4, 4, 4, 4, 4], [4, 4, 4, 4, 4, 4, 4, 4, 4]]}, {"input": [[0, 7, 7], [7, 0, 7], [0, 7, 7]], "output": [[0, 0, 0, 0, 7, 7, 0, 7, 7], [0, 0, 0, 7, 0, 7, 7, 0, 7], [0, 0, 0, 0, 7, 7, 0, 7, 7], [0, 7, 7, 0, 0, 0, 0, 7, 7], [7, 0, 7, 0, 0, 0, 7, 0, 7], [0, 7, 7, 0, 0, 0, 0, 7, 7], [0, 0, 0, 0, 7, 7, 0, 7, 7], [0, 0, 0, 7, 0, 7, 7, 0, 7], [0, 0, 0, 0, 7, 7, 0, 7, 7]]}, {"input": [[0, 0, 2], [2, 2, 0], [0, 2, 2]], "output": [[0, 0, 0, 0, 0, 0, 0, 0, 2], [0, 0, 0, 0, 0, 0, 2, 2, 0], [0, 0, 0, 0, 0, 0, 0, 2, 2], [0, 0, 2, 0, 0, 2, 0, 0, 0], [2, 2, 0, 2, 2, 0, 0, 0, 0], [0, 2, 2, 0, 2, 2, 0, 0, 0], [0, 0, 0, 0, 0, 2, 0, 0, 2], [0, 0, 0, 2, 2, 0, 2, 2, 0], [0, 0, 0, 0, 2, 2, 0, 2, 2]]}, {"input": [[2, 2, 0], [2, 0, 0], [0, 0, 2]], "output": [[2, 2, 0, 2, 2, 0, 0, 0, 0], [2, 0, 0, 2, 0, 0, 0, 0, 0], [0, 0, 2, 0, 0, 2, 0, 0, 0], [2, 2, 0, 0, 0, 0, 0, 0, 0], [2, 0, 0, 0, 0, 0, 0, 0, 0], [0, 0, 2, 0, 0, 0, 0, 0, 0], [0, 0, 0, 0, 0, 0, 2, 2, 0], [0, 0, 0, 0, 0, 0, 2, 0, 0], [0, 0, 0, 0, 0, 0, 0, 0, 2]]}, {"input": [[4, 0, 4], [0, 0, 0], [0, 0, 4]], "output": [[4, 0, 4, 0, 0, 0, 4, 0, 4], [0, 0, 0, 0, 0, 0, 0, 0, 0], [0, 0, 4, 0, 0, 0, 0, 0, 4], [0, 0, 0, 0, 0, 0, 0, 0, 0], [0, 0, 0, 0, 0, 0, 0, 0, 0], [0, 0, 0, 0, 0, 0, 0, 0, 0], [0, 0, 0, 0, 0, 0, 4, 0, 4], [0, 0, 0, 0, 0, 0, 0, 0, 0], [0, 0, 0, 0, 0, 0, 0, 0, 4]]}, {"input": [[0, 7, 0], [7, 0, 7], [7, 0, 7]], "output": [[0, 0, 0, 0, 7, 0, 0, 0, 0], [0, 0, 0, 7, 0, 7, 0, 0, 0], [0, 0, 0, 7, 0, 7, 0, 0, 0], [0, 7, 0, 0, 0, 0, 0, 7, 0], [7, 0, 7, 0, 0, 0, 7, 0, 7], [7, 0, 7, 0, 0, 0, 7, 0, 7], [0, 7, 0, 0, 0, 0, 0, 7, 0], [7, 0, 7, 0, 0, 0, 7, 0, 7], [7, 0, 7, 0, 0, 0, 7, 0, 7]]}, {"input": [[5, 5, 5], [5, 5, 5], [5, 5, 0]], "output": [[5, 5, 5, 5, 5, 5, 5, 5, 5], [5, 5, 5, 5, 5, 5, 5, 5, 5], [5, 5, 0, 5, 5, 0, 5, 5, 0], [5, 5, 5, 5, 5, 5, 5, 5, 5], [5, 5, 5, 5, 5, 5, 5, 5, 5], [5, 5, 0, 5, 5, 0, 5, 5, 0], [5, 5, 5, 5, 5, 5, 0, 0, 0], [5, 5, 5, 5, 5, 5, 0, 0, 0], [5, 5, 0, 5, 5, 0, 0, 0, 0]]}, {"input": [[0, 8, 0], [0, 8, 0], [8, 0, 8]], "output": [[0, 0, 0, 0, 8, 0, 0, 0, 0], [0, 0, 0, 0, 8, 0, 0, 0, 0], [0, 0, 0, 8, 0, 8, 0, 0, 0], [0, 0, 0, 0, 8, 0, 0, 0, 0], [0, 0, 0, 0, 8, 0, 0, 0, 0], [0, 0, 0, 8, 0, 8, 0, 0, 0], [0, 8, 0, 0, 0, 0, 0, 8, 0], [0, 8, 0, 0, 0, 0, 0, 8, 0], [8, 0, 8, 0, 0, 0, 8, 0, 8]]}, {"input": [[2, 0, 0], [0, 0, 2], [2, 0, 0]], "output": [[2, 0, 0, 0, 0, 0, 0, 0, 0], [0, 0, 2, 0, 0, 0, 0, 0, 0], [2, 0, 0, 0, 0, 0, 0, 0, 0], [0, 0, 0, 0, 0, 0, 2, 0, 0], [0, 0, 0, 0, 0, 0, 0, 0, 2], [0, 0, 0, 0, 0, 0, 2, 0, 0], [2, 0, 0, 0, 0, 0, 0, 0, 0], [0, 0, 2, 0, 0, 0, 0, 0, 0], [2, 0, 0, 0, 0, 0, 0, 0, 0]]}, {"input": [[0, 0, 0], [0, 0, 2], [0, 2, 0]], "output": [[0, 0, 0, 0, 0, 0, 0, 0, 0], [0, 0, 0, 0, 0, 0, 0, 0, 0], [0, 0, 0, 0, 0, 0, 0, 0, 0], [0, 0, 0, 0, 0, 0, 0, 0, 0], [0, 0, 0, 0, 0, 0, 0, 0, 2], [0, 0, 0, 0, 0, 0, 0, 2, 0], [0, 0, 0, 0, 0, 0, 0, 0, 0], [0, 0, 0, 0, 0, 2, 0, 0, 0], [0, 0, 0, 0, 2, 0, 0, 0, 0]]}, {"input": [[0, 1, 0], [1, 0, 1], [0, 1, 0]], "output": [[0, 0, 0, 0, 1, 0, 0, 0, 0], [0, 0, 0, 1, 0, 1, 0, 0, 0], [0, 0, 0, 0, 1, 0, 0, 0, 0], [0, 1, 0, 0, 0, 0, 0, 1, 0], [1, 0, 1, 0, 0, 0, 1, 0, 1], [0, 1, 0, 0, 0, 0, 0, 1, 0], [0, 0, 0, 0, 1, 0, 0, 0, 0], [0, 0, 0, 1, 0, 1, 0, 0, 0], [0, 0, 0, 0, 1, 0, 0, 0, 0]]}, {"input": [[0, 9, 9], [0, 9, 9], [9, 9, 9]], "output": [[0, 0, 0, 0, 9, 9, 0, 9, 9], [0, 0, 0, 0, 9, 9, 0, 9, 9], [0, 0, 0, 9, 9, 9, 9, 9, 9], [0, 0, 0, 0, 9, 9, 0, 9, 9], [0, 0, 0, 0, 9, 9, 0, 9, 9], [0, 0, 0, 9, 9, 9, 9, 9, 9], [0, 9, 9, 0, 9, 9, 0, 9, 9], [0, 9, 9, 0, 9, 9, 0, 9, 9], [9, 9, 9, 9, 9, 9, 9, 9, 9]]}, {"input": [[0, 0, 1], [1, 0, 1], [1, 0, 1]], "output": [[0, 0, 0, 0, 0, 0, 0, 0, 1], [0, 0, 0, 0, 0, 0, 1, 0, 1], [0, 0, 0, 0, 0, 0, 1, 0, 1], [0, 0, 1, 0, 0, 0, 0, 0, 1], [1, 0, 1, 0, 0, 0, 1, 0, 1], [1, 0, 1, 0, 0, 0, 1, 0, 1], [0, 0, 1, 0, 0, 0, 0, 0, 1], [1, 0, 1, 0, 0, 0, 1, 0, 1], [1, 0, 1, 0, 0, 0, 1, 0, 1]]}, {"input": [[8, 8, 8], [8, 0, 0], [8, 8, 8]], "output": [[8, 8, 8, 8, 8, 8, 8, 8, 8], [8, 0, 0, 8, 0, 0, 8, 0, 0], [8, 8, 8, 8, 8, 8, 8, 8, 8], [8, 8, 8, 0, 0, 0, 0, 0, 0], [8, 0, 0, 0, 0, 0, 0, 0, 0], [8, 8, 8, 0, 0, 0, 0, 0, 0], [8, 8, 8, 8, 8, 8, 8, 8, 8], [8, 0, 0, 8, 0, 0, 8, 0, 0], [8, 8, 8, 8, 8, 8, 8, 8, 8]]}, {"input": [[6, 6, 6], [6, 0, 6], [0, 0, 6]], "output": [[6, 6, 6, 6, 6, 6, 6, 6, 6], [6, 0, 6, 6, 0, 6, 6, 0, 6], [0, 0, 6, 0, 0, 6, 0, 0, 6], [6, 6, 6, 0, 0, 0, 6, 6, 6], [6, 0, 6, 0, 0, 0, 6, 0, 6], [0, 0, 6, 0, 0, 0, 0, 0, 6], [0, 0, 0, 0, 0, 0, 6, 6, 6], [0, 0, 0, 0, 0, 0, 6, 0, 6], [0, 0, 0, 0, 0, 0, 0, 0, 6]]}, {"input": [[2, 2, 2], [2, 0, 2], [2, 0, 2]], "output": [[2, 2, 2, 2, 2, 2, 2, 2, 2], [2, 0, 2, 2, 0, 2, 2, 0, 2], [2, 0, 2, 2, 0, 2, 2, 0, 2], [2, 2, 2, 0, 0, 0, 2, 2, 2], [2, 0, 2, 0, 0, 0, 2, 0, 2], [2, 0, 2, 0, 0, 0, 2, 0, 2], [2, 2, 2, 0, 0, 0, 2, 2, 2], [2, 0, 2, 0, 0, 0, 2, 0, 2], [2, 0, 2, 0, 0, 0, 2, 0, 2]]}, {"input": [[8, 8, 0], [8, 8, 8], [8, 8, 8]], "output": [[8, 8, 0, 8, 8, 0, 0, 0, 0], [8, 8, 8, 8, 8, 8, 0, 0, 0], [8, 8, 8, 8, 8, 8, 0, 0, 0], [8, 8, 0, 8, 8, 0, 8, 8, 0], [8, 8, 8, 8, 8, 8, 8, 8, 8], [8, 8, 8, 8, 8, 8, 8, 8, 8], [8, 8, 0, 8, 8, 0, 8, 8, 0], [8, 8, 8, 8, 8, 8, 8, 8, 8], [8, 8, 8, 8, 8, 8, 8, 8, 8]]}, {"input": [[5, 0, 0], [5, 5, 0], [0, 0, 5]], "output": [[5, 0, 0, 0, 0, 0, 0, 0, 0], [5, 5, 0, 0, 0, 0, 0, 0, 0], [0, 0, 5, 0, 0, 0, 0, 0, 0], [5, 0, 0, 5, 0, 0, 0, 0, 0], [5, 5, 0, 5, 5, 0, 0, 0, 0], [0, 0, 5, 0, 0, 5, 0, 0, 0], [0, 0, 0, 0, 0, 0, 5, 0, 0], [0, 0, 0, 0, 0, 0, 5, 5, 0], [0, 0, 0, 0, 0, 0, 0, 0, 5]]}, {"input": [[0, 2, 0], [2, 2, 2], [0, 2, 2]], "output": [[0, 0, 0, 0, 2, 0, 0, 0, 0], [0, 0, 0, 2, 2, 2, 0, 0, 0], [0, 0, 0, 0, 2, 2, 0, 0, 0], [0, 2, 0, 0, 2, 0, 0, 2, 0], [2, 2, 2, 2, 2, 2, 2, 2, 2], [0, 2, 2, 0, 2, 2, 0, 2, 2], [0, 0, 0, 0, 2, 0, 0, 2, 0], [0, 0, 0, 2, 2, 2, 2, 2, 2], [0, 0, 0, 0, 2, 2, 0, 2, 2]]}, {"input": [[2, 2, 2], [2, 0, 2], [2, 2, 2]], "output": [[2, 2, 2, 2, 2, 2, 2, 2, 2], [2, 0, 2, 2, 0, 2, 2, 0, 2], [2, 2, 2, 2, 2, 2, 2, 2, 2], [2, 2, 2, 0, 0, 0, 2, 2, 2], [2, 0, 2, 0, 0, 0, 2, 0, 2], [2, 2, 2, 0, 0, 0, 2, 2, 2], [2, 2, 2, 2, 2, 2, 2, 2, 2], [2, 0, 2, 2, 0, 2, 2, 0, 2], [2, 2, 2, 2, 2, 2, 2, 2, 2]]}, {"input": [[3, 0, 0], [0, 3, 0], [3, 0, 3]], "output": [[3, 0, 0, 0, 0, 0, 0, 0, 0], [0, 3, 0, 0, 0, 0, 0, 0, 0], [3, 0, 3, 0, 0, 0, 0, 0, 0], [0, 0, 0, 3, 0, 0, 0, 0, 0], [0, 0, 0, 0, 3, 0, 0, 0, 0], [0, 0, 0, 3, 0, 3, 0, 0, 0], [3, 0, 0, 0, 0, 0, 3, 0, 0], [0, 3, 0, 0, 0, 0, 0, 3, 0], [3, 0, 3, 0, 0, 0, 3, 0, 3]]}, {"input": [[7, 7, 7], [0, 0, 7], [7, 0, 0]], "output": [[7, 7, 7, 7, 7, 7, 7, 7, 7], [0, 0, 7, 0, 0, 7, 0, 0, 7], [7, 0, 0, 7, 0, 0, 7, 0, 0], [0, 0, 0, 0, 0, 0, 7, 7, 7], [0, 0, 0, 0, 0, 0, 0, 0, 7], [0, 0, 0, 0, 0, 0, 7, 0, 0], [7, 7, 7, 0, 0, 0, 0, 0, 0], [0, 0, 7, 0, 0, 0, 0, 0, 0], [7, 0, 0, 0, 0, 0, 0, 0, 0]]}, {"input": [[0, 6, 6], [6, 6, 0], [0, 6, 0]], "output": [[0, 0, 0, 0, 6, 6, 0, 6, 6], [0, 0, 0, 6, 6, 0, 6, 6, 0], [0, 0, 0, 0, 6, 0, 0, 6, 0], [0, 6, 6, 0, 6, 6, 0, 0, 0], [6, 6, 0, 6, 6, 0, 0, 0, 0], [0, 6, 0, 0, 6, 0, 0, 0, 0], [0, 0, 0, 0, 6, 6, 0, 0, 0], [0, 0, 0, 6, 6, 0, 0, 0, 0], [0, 0, 0, 0, 6, 0, 0, 0, 0]]}, {"input": [[0, 5, 0], [5, 5, 0], [5, 5, 5]], "output": [[0, 0, 0, 0, 5, 0, 0, 0, 0], [0, 0, 0, 5, 5, 0, 0, 0, 0], [0, 0, 0, 5, 5, 5, 0, 0, 0], [0, 5, 0, 0, 5, 0, 0, 0, 0], [5, 5, 0, 5, 5, 0, 0, 0, 0], [5, 5, 5, 5, 5, 5, 0, 0, 0], [0, 5, 0, 0, 5, 0, 0, 5, 0], [5, 5, 0, 5, 5, 0, 5, 5, 0], [5, 5, 5, 5, 5, 5, 5, 5, 5]]}, {"input": [[0, 0, 4], [0, 4, 0], [0, 4, 0]], "output": [[0, 0, 0, 0, 0, 0, 0, 0, 4], [0, 0, 0, 0, 0, 0, 0, 4, 0], [0, 0, 0, 0, 0, 0, 0, 4, 0], [0, 0, 0, 0, 0, 4, 0, 0, 0], [0, 0, 0, 0, 4, 0, 0, 0, 0], [0, 0, 0, 0, 4, 0, 0, 0, 0], [0, 0, 0, 0, 0, 4, 0, 0, 0], [0, 0, 0, 0, 4, 0, 0, 0, 0], [0, 0, 0, 0, 4, 0, 0, 0, 0]]}, {"input": [[3, 3, 3], [0, 3, 0], [3, 0, 0]], "output": [[3, 3, 3, 3, 3, 3, 3, 3, 3], [0, 3, 0, 0, 3, 0, 0, 3, 0], [3, 0, 0, 3, 0, 0, 3, 0, 0], [0, 0, 0, 3, 3, 3, 0, 0, 0], [0, 0, 0, 0, 3, 0, 0, 0, 0], [0, 0, 0, 3, 0, 0, 0, 0, 0], [3, 3, 3, 0, 0, 0, 0, 0, 0], [0, 3, 0, 0, 0, 0, 0, 0, 0], [3, 0, 0, 0, 0, 0, 0, 0, 0]]}, {"input": [[0, 9, 0], [9, 0, 0], [9, 9, 0]], "output": [[0, 0, 0, 0, 9, 0, 0, 0, 0], [0, 0, 0, 9, 0, 0, 0, 0, 0], [0, 0, 0, 9, 9, 0, 0, 0, 0], [0, 9, 0, 0, 0, 0, 0, 0, 0], [9, 0, 0, 0, 0, 0, 0, 0, 0], [9, 9, 0, 0, 0, 0, 0, 0, 0], [0, 9, 0, 0, 9, 0, 0, 0, 0], [9, 0, 0, 9, 0, 0, 0, 0, 0], [9, 9, 0, 9, 9, 0, 0, 0, 0]]}, {"input": [[2, 0, 0], [0, 2, 0], [0, 0, 0]], "output": [[2, 0, 0, 0, 0, 0, 0, 0, 0], [0, 2, 0, 0, 0, 0, 0, 0, 0], [0, 0, 0, 0, 0, 0, 0, 0, 0], [0, 0, 0, 2, 0, 0, 0, 0, 0], [0, 0, 0, 0, 2, 0, 0, 0, 0], [0, 0, 0, 0, 0, 0, 0, 0, 0], [0, 0, 0, 0, 0, 0, 0, 0, 0], [0, 0, 0, 0, 0, 0, 0, 0, 0], [0, 0, 0, 0, 0, 0, 0, 0, 0]]}, {"input": [[0, 0, 0], [0, 8, 0], [8, 0, 8]], "output": [[0, 0, 0, 0, 0, 0, 0, 0, 0], [0, 0, 0, 0, 0, 0, 0, 0, 0], [0, 0, 0, 0, 0, 0, 0, 0, 0], [0, 0, 0, 0, 0, 0, 0, 0, 0], [0, 0, 0, 0, 8, 0, 0, 0, 0], [0, 0, 0, 8, 0, 8, 0, 0, 0], [0, 0, 0, 0, 0, 0, 0, 0, 0], [0, 8, 0, 0, 0, 0, 0, 8, 0], [8, 0, 8, 0, 0, 0, 8, 0, 8]]}]