[{"input": [[0, 0, 0, 0, 0, 0], [0, 0, 0, 0, 1, 0]], "output": [[0, 0, 0, 8, 0, 8, 0, 0, 0, 8, 0, 8], [0, 0, 0, 0, 1, 0, 0, 0, 0, 0, 1, 0], [0, 0, 0, 8, 0, 8, 0, 0, 0, 8, 0, 8], [0, 0, 0, 0, 1, 0, 0, 0, 0, 0, 1, 0]]}, {"input": [[0, 4], [0, 0], [0, 4], [0, 0]], "output": [[0, 4, 0, 4], [8, 0, 8, 0], [0, 4, 0, 4], [8, 0, 8, 0], [0, 4, 0, 4], [8, 0, 8, 0], [0, 4, 0, 4], [8, 0, 8, 0]]}, {"input": [[0, 7], [0, 0], [7, 0], [0, 0], [0, 0]], "output": [[0, 7, 0, 7], [8, 8, 8, 8], [7, 0, 7, 0], [0, 8, 0, 8], [8, 0, 8, 0], [0, 7, 0, 7], [8, 8, 8, 8], [7, 0, 7, 0], [0, 8, 0, 8], [0, 0, 0, 0]]}, {"input": [[0, 0, 5, 0], [0, 0, 0, 0], [0, 0, 0, 0]], "output": [[0, 0, 5, 0, 0, 0, 5, 0], [0, 8, 0, 8, 0, 8, 0, 8], [0, 8, 0, 8, 0, 8, 0, 8], [0, 0, 5, 0, 0, 0, 5, 0], [0, 8, 0, 8, 0, 8, 0, 8], [0, 0, 0, 0, 0, 0, 0, 0]]}, {"input": [[0, 0, 0, 0, 3], [0, 0, 0, 0, 0], [0, 0, 0, 0, 3], [0, 0, 0, 0, 0], [0, 0, 0, 0, 0]], "output": [[0, 0, 0, 0, 3, 0, 0, 0, 0, 3], [0, 0, 0, 8, 0, 8, 0, 0, 8, 0], [0, 0, 0, 0, 3, 0, 0, 0, 0, 3], [0, 0, 0, 8, 0, 8, 0, 0, 8, 0], [0, 0, 0, 8, 0, 8, 0, 0, 8, 0], [0, 0, 0, 0, 3, 0, 0, 0, 0, 3], [0, 0, 0, 8, 0, 8, 0, 0, 8, 0], [0, 0, 0, 0, 3, 0, 0, 0, 0, 3], [0, 0, 0, 8, 0, 8, 0, 0, 8, 0], [0, 0, 0, 0, 0, 0, 0, 0, 0, 0]]}, {"input": [[0, 0, 0, 0], [0, 0, 0, 7], [0, 0, 0, 0], [0, 0, 0, 7], [0, 0, 0, 0]], "output": [[0, 0, 8, 0, 8, 0, 8, 0], [0, 0, 0, 7, 0, 0, 0, 7], [0, 0, 8, 0, 8, 0, 8, 0], [0, 0, 0, 7, 0, 0, 0, 7], [0, 0, 8, 0, 8, 0, 8, 0], [0, 0, 8, 0, 8, 0, 8, 0], [0, 0, 0, 7, 0, 0, 0, 7], [0, 0, 8, 0, 8, 0, 8, 0], [0, 0, 0, 7, 0, 0, 0, 7], [0, 0, 8, 0, 8, 0, 8, 0]]}, {"input": [[0, 0, 0], [0, 9, 0], [0, 0, 0], [0, 0, 0]], "output": [[8, 0, 8, 8, 0, 8], [0, 9, 0, 0, 9, 0], [8, 0, 8, 8, 0, 8], [0, 0, 0, 0, 0, 0], [8, 0, 8, 8, 0, 8], [0, 9, 0, 0, 9, 0], [8, 0, 8, 8, 0, 8], [0, 0, 0, 0, 0, 0]]}, {"input": [[0, 0], [3, 0], [0, 0], [3, 0], [0, 0], [0, 0]], "output": [[0, 8, 0, 8], [3, 0, 3, 0], [0, 8, 0, 8], [3, 0, 3, 0], [0, 8, 0, 8], [0, 0, 0, 0], [0, 8, 0, 8], [3, 0, 3, 0], [0, 8, 0, 8], [3, 0, 3, 0], [0, 8, 0, 8], [0, 0, 0, 0]]}, {"input": [[0, 0, 0, 0, 4], [0, 0, 0, 0, 0], [0, 0, 0, 0, 0]], "output": [[0, 0, 0, 0, 4, 0, 0, 0, 0, 4], [0, 0, 0, 8, 0, 8, 0, 0, 8, 0], [0, 0, 0, 8, 0, 8, 0, 0, 8, 0], [0, 0, 0, 0, 4, 0, 0, 0, 0, 4], [0, 0, 0, 8, 0, 8, 0, 0, 8, 0], [0, 0, 0, 0, 0, 0, 0, 0, 0, 0]]}, {"input": [[0, 0], [0, 4], [0, 0], [4, 0]], "output": [[8, 0, 8, 0], [0, 4, 0, 4], [8, 8, 8, 8], [4, 0, 4, 0], [8, 8, 8, 8], [0, 4, 0, 4], [8, 8, 8, 8], [4, 0, 4, 0]]}, {"input": [[0, 0, 6, 0], [0, 0, 0, 0], [6, 0, 0, 0]], "output": [[0, 0, 6, 0, 0, 0, 6, 0], [0, 8, 0, 8, 0, 8, 0, 8], [6, 8, 0, 8, 6, 8, 0, 8], [0, 8, 6, 8, 0, 8, 6, 0], [0, 8, 0, 8, 0, 8, 0, 8], [6, 0, 0, 0, 6, 0, 0, 0]]}, {"input": [[0, 0], [0, 1], [0, 0], [0, 1], [0, 0], [1, 0]], "output": [[8, 0, 8, 0], [0, 1, 0, 1], [8, 0, 8, 0], [0, 1, 0, 1], [8, 8, 8, 8], [1, 0, 1, 0], [8, 8, 8, 8], [0, 1, 0, 1], [8, 0, 8, 0], [0, 1, 0, 1], [8, 8, 8, 8], [1, 0, 1, 0]]}, {"input": [[0, 7, 0, 0], [0, 0, 0, 0], [0, 0, 0, 0], [7, 0, 0, 0], [0, 0, 0, 0], [0, 0, 0, 0]], "output": [[0, 7, 0, 0, 0, 7, 0, 0], [8, 0, 8, 0, 8, 0, 8, 0], [0, 8, 0, 8, 0, 8, 0, 0], [7, 0, 0, 0, 7, 0, 0, 0], [0, 8, 0, 8, 0, 8, 0, 0], [8, 0, 8, 0, 8, 0, 8, 0], [0, 7, 0, 0, 0, 7, 0, 0], [8, 0, 8, 0, 8, 0, 8, 0], [0, 8, 0, 8, 0, 8, 0, 0], [7, 0, 0, 0, 7, 0, 0, 0], [0, 8, 0, 8, 0, 8, 0, 0], [0, 0, 0, 0, 0, 0, 0, 0]]}, {"input": [[5, 0], [0, 0], [0, 5], [0, 0], [5, 0]], "output": [[5, 0, 5, 0], [8, 8, 8, 8], [0, 5, 0, 5], [8, 8, 8, 8], [5, 8, 5, 8], [5, 8, 5, 8], [8, 8, 8, 8], [0, 5, 0, 5], [8, 8, 8, 8], [5, 0, 5, 0]]}, {"input": [[0, 0, 0, 0, 0, 0], [0, 0, 6, 0, 0, 0], [0, 0, 0, 0, 0, 0], [0, 0, 0, 0, 6, 0], [0, 0, 0, 0, 0, 0], [0, 0, 0, 0, 0, 0]], "output": [[0, 8, 0, 8, 0, 0, 0, 8, 0, 8, 0, 0], [0, 0, 6, 0, 0, 0, 0, 0, 6, 0, 0, 0], [0, 8, 0, 8, 0, 8, 0, 8, 0, 8, 0, 8], [0, 0, 0, 0, 6, 0, 0, 0, 0, 0, 6, 0], [0, 0, 0, 8, 0, 8, 0, 0, 0, 8, 0, 8], [0, 0, 0, 0, 0, 0, 0, 0, 0, 0, 0, 0], [0, 8, 0, 8, 0, 0, 0, 8, 0, 8, 0, 0], [0, 0, 6, 0, 0, 0, 0, 0, 6, 0, 0, 0], [0, 8, 0, 8, 0, 8, 0, 8, 0, 8, 0, 8], [0, 0, 0, 0, 6, 0, 0, 0, 0, 0, 6, 0], [0, 0, 0, 8, 0, 8, 0, 0, 0, 8, 0, 8], [0, 0, 0, 0, 0, 0, 0, 0, 0, 0, 0, 0]]}, {"input": [[0, 0, 0, 0, 0], [0, 0, 0, 6, 0], [0, 0, 0, 0, 0], [0, 0, 0, 0, 0], [0, 0, 0, 0, 6], [0, 0, 0, 0, 0]], "output": [[0, 0, 8, 0, 8, 0, 0, 8, 0, 8], [0, 0, 0, 6, 0, 0, 0, 0, 6, 0], [0, 0, 8, 0, 8, 0, 0, 8, 0, 8], [0, 0, 0, 8, 0, 8, 0, 0, 8, 0], [0, 0, 0, 0, 6, 0, 0, 0, 0, 6], [0, 0, 0, 8, 0, 8, 0, 0, 8, 0], [0, 0, 8, 0, 8, 0, 0, 8, 0, 8], [0, 0, 0, 6, 0, 0, 0, 0, 6, 0], [0, 0, 8, 0, 8, 0, 0, 8, 0, 8], [0, 0, 0, 8, 0, 8, 0, 0, 8, 0], [0, 0, 0, 0, 6, 0, 0, 0, 0, 6], [0, 0, 0, 8, 0, 8, 0, 0, 8, 0]]}, {"input": [[0, 0], [3, 0], [0, 0], [3, 0], [0, 0]], "output": [[0, 8, 0, 8], [3, 0, 3, 0], [0, 8, 0, 8], [3, 0, 3, 0], [0, 8, 0, 8], [0, 8, 0, 8], [3, 0, 3, 0], [0, 8, 0, 8], [3, 0, 3, 0], [0, 8, 0, 8]]}, {"input": [[0, 0, 0, 4], [0, 0, 0, 0], [4, 0, 0, 0], [0, 0, 0, 0], [0, 0, 0, 0], [4, 0, 0, 0]], "output": [[0, 0, 0, 4, 0, 0, 0, 4], [0, 8, 8, 8, 8, 8, 8, 0], [4, 0, 0, 0, 4, 0, 0, 0], [0, 8, 0, 8, 0, 8, 0, 0], [0, 8, 0, 8, 0, 8, 0, 0], [4, 0, 8, 0, 4, 0, 8, 0], [0, 8, 0, 4, 0, 8, 0, 4], [0, 8, 8, 8, 8, 8, 8, 0], [4, 0, 0, 0, 4, 0, 0, 0], [0, 8, 0, 8, 0, 8, 0, 0], [0, 8, 0, 8, 0, 8, 0, 0], [4, 0, 0, 0, 4, 0, 0, 0]]}, {"input": [[0, 0, 9, 0, 0], [0, 0, 0, 0, 0], [0, 0, 0, 0, 0], [0, 0, 0, 0, 9], [0, 0, 0, 0, 0], [0, 9, 0, 0, 0]], "output": [[0, 0, 9, 0, 0, 0, 0, 9, 0, 0], [0, 8, 0, 8, 0, 0, 8, 0, 8, 0], [0, 0, 0, 8, 0, 8, 0, 0, 8, 0], [0, 0, 0, 0, 9, 0, 0, 0, 0, 9], [8, 0, 8, 8, 0, 8, 0, 8, 8, 0], [0, 9, 0, 8, 0, 0, 9, 0, 8, 0], [8, 0, 9, 0, 0, 8, 0, 9, 0, 0], [0, 8, 0, 8, 0, 0, 8, 0, 8, 0], [0, 0, 0, 8, 0, 8, 0, 0, 8, 0], [0, 0, 0, 0, 9, 0, 0, 0, 0, 9], [8, 0, 8, 8, 0, 8, 0, 8, 8, 0], [0, 9, 0, 0, 0, 0, 9, 0, 0, 0]]}, {"input": [[7, 0], [0, 0], [0, 0], [7, 0]], "output": [[7, 0, 7, 0], [0, 8, 0, 8], [0, 8, 0, 8], [7, 8, 7, 8], [7, 8, 7, 8], [0, 8, 0, 8], [0, 8, 0, 8], [7, 0, 7, 0]]}, {"input": [[0, 4, 0], [0, 0, 0], [4, 0, 0], [0, 0, 0], [0, 0, 4]], "output": [[0, 4, 0, 0, 4, 0], [8, 8, 8, 8, 8, 8], [4, 0, 0, 4, 0, 0], [0, 8, 8, 8, 8, 0], [8, 0, 4, 8, 0, 4], [0, 4, 0, 8, 4, 0], [8, 8, 8, 8, 8, 8], [4, 0, 0, 4, 0, 0], [0, 8, 8, 8, 8, 0], [0, 0, 4, 0, 0, 4]]}, {"input": [[0, 0, 0, 0, 0, 0], [0, 9, 0, 0, 0, 0], [0, 0, 0, 0, 0, 0], [0, 0, 0, 0, 0, 0], [9, 0, 0, 0, 0, 0]], "output": [[8, 0, 8, 0, 0, 0, 8, 0, 8, 0, 0, 0], [0, 9, 0, 0, 0, 0, 0, 9, 0, 0, 0, 0], [8, 0, 8, 0, 0, 0, 8, 0, 8, 0, 0, 0], [0, 8, 0, 0, 0, 8, 0, 8, 0, 0, 0, 0], [9, 0, 0, 0, 0, 0, 9, 0, 0, 0, 0, 0], [8, 8, 8, 0, 0, 8, 8, 8, 8, 0, 0, 0], [0, 9, 0, 0, 0, 0, 0, 9, 0, 0, 0, 0], [8, 0, 8, 0, 0, 0, 8, 0, 8, 0, 0, 0], [0, 8, 0, 0, 0, 8, 0, 8, 0, 0, 0, 0], [9, 0, 0, 0, 0, 0, 9, 0, 0, 0, 0, 0]]}, {"input": [[0, 1, 0], [0, 0, 0], [0, 0, 0], [0, 1, 0], [0, 0, 0]], "output": [[0, 1, 0, 0, 1, 0], [8, 0, 8, 8, 0, 8], [8, 0, 8, 8, 0, 8], [0, 1, 0, 0, 1, 0], [8, 0, 8, 8, 0, 8], [0, 1, 0, 0, 1, 0], [8, 0, 8, 8, 0, 8], [8, 0, 8, 8, 0, 8], [0, 1, 0, 0, 1, 0], [8, 0, 8, 8, 0, 8]]}, {"input": [[0, 0, 0, 0], [0, 0, 2, 0], [0, 0, 0, 0], [0, 0, 0, 0], [2, 0, 0, 0]], "output": [[0, 8, 0, 8, 0, 8, 0, 8], [0, 0, 2, 0, 0, 0, 2, 0], [0, 8, 0, 8, 0, 8, 0, 8], [0, 8, 0, 8, 0, 8, 0, 0], [2, 0, 0, 0, 2, 0, 0, 0], [0, 8, 0, 8, 0, 8, 0, 8], [0, 0, 2, 0, 0, 0, 2, 0], [0, 8, 0, 8, 0, 8, 0, 8], [0, 8, 0, 8, 0, 8, 0, 0], [2, 0, 0, 0, 2, 0, 0, 0]]}, {"input": [[0, 0, 0, 0, 2, 0], [0, 0, 0, 0, 0, 0], [0, 0, 0, 0, 0, 0], [2, 0, 0, 0, 0, 0]], "output": [[0, 0, 0, 0, 2, 0, 0, 0, 0, 0, 2, 0], [0, 0, 0, 8, 0, 8, 0, 0, 0, 8, 0, 8], [0, 8, 0, 0, 0, 8, 0, 8, 0, 0, 0, 0], [2, 0, 0, 8, 0, 8, 2, 0, 0, 8, 0, 8], [0, 8, 0, 0, 2, 8, 0, 8, 0, 0, 2, 0], [0, 0, 0, 8, 0, 8, 0, 0, 0, 8, 0, 8], [0, 8, 0, 0, 0, 8, 0, 8, 0, 0, 0, 0], [2, 0, 0, 0, 0, 0, 2, 0, 0, 0, 0, 0]]}, {"input": [[0, 0, 0, 0, 0, 7], [0, 0, 0, 0, 0, 0], [0, 0, 0, 0, 0, 0], [0, 0, 7, 0, 0, 0]], "output": [[0, 0, 0, 0, 0, 7, 0, 0, 0, 0, 0, 7], [0, 0, 0, 0, 8, 0, 8, 0, 0, 0, 8, 0], [0, 8, 0, 8, 0, 0, 0, 8, 0, 8, 0, 0], [0, 0, 7, 0, 8, 0, 8, 0, 7, 0, 8, 0], [0, 8, 0, 8, 0, 7, 0, 8, 0, 8, 0, 7], [0, 0, 0, 0, 8, 0, 8, 0, 0, 0, 8, 0], [0, 8, 0, 8, 0, 0, 0, 8, 0, 8, 0, 0], [0, 0, 7, 0, 0, 0, 0, 0, 7, 0, 0, 0]]}, {"input": [[0, 0, 0], [7, 0, 0], [0, 0, 0], [0, 0, 0], [7, 0, 0]], "output": [[0, 8, 8, 0, 8, 0], [7, 0, 0, 7, 0, 0], [0, 8, 8, 0, 8, 0], [0, 8, 8, 0, 8, 0], [7, 0, 0, 7, 0, 0], [0, 8, 8, 0, 8, 0], [7, 0, 0, 7, 0, 0], [0, 8, 8, 0, 8, 0], [0, 8, 8, 0, 8, 0], [7, 0, 0, 7, 0, 0]]}, {"input": [[0, 0, 0, 0], [0, 0, 0, 7], [0, 0, 0, 0], [7, 0, 0, 0], [0, 0, 0, 0], [0, 7, 0, 0]], "output": [[0, 0, 8, 0, 8, 0, 8, 0], [0, 0, 0, 7, 0, 0, 0, 7], [0, 8, 8, 8, 8, 8, 8, 0], [7, 0, 0, 0, 7, 0, 0, 0], [8, 8, 8, 8, 8, 8, 8, 0], [0, 7, 0, 0, 0, 7, 0, 0], [8, 0, 8, 0, 8, 0, 8, 0], [0, 0, 0, 7, 0, 0, 0, 7], [0, 8, 8, 8, 8, 8, 8, 0], [7, 0, 0, 0, 7, 0, 0, 0], [8, 8, 8, 8, 8, 8, 8, 0], [0, 7, 0, 0, 0, 7, 0, 0]]}, {"input": [[0, 0, 0, 0], [0, 0, 0, 9], [0, 0, 0, 0], [9, 0, 0, 0], [0, 0, 0, 0], [0, 0, 9, 0]], "output": [[0, 0, 8, 0, 8, 0, 8, 0], [0, 0, 0, 9, 0, 0, 0, 9], [0, 8, 8, 8, 8, 8, 8, 0], [9, 0, 0, 0, 9, 0, 0, 0], [0, 8, 0, 8, 0, 8, 0, 8], [0, 0, 9, 0, 0, 0, 9, 0], [0, 8, 8, 8, 8, 8, 8, 8], [0, 0, 0, 9, 0, 0, 0, 9], [0, 8, 8, 8, 8, 8, 8, 0], [9, 0, 0, 0, 9, 0, 0, 0], [0, 8, 0, 8, 0, 8, 0, 8], [0, 0, 9, 0, 0, 0, 9, 0]]}, {"input": [[0, 0, 4], [0, 0, 0], [0, 0, 0], [0, 0, 4], [0, 0, 0], [0, 0, 0]], "output": [[0, 0, 4, 0, 0, 4], [0, 8, 0, 8, 8, 0], [0, 8, 0, 8, 8, 0], [0, 0, 4, 0, 0, 4], [0, 8, 0, 8, 8, 0], [0, 8, 0, 8, 8, 0], [0, 0, 4, 0, 0, 4], [0, 8, 0, 8, 8, 0], [0, 8, 0, 8, 8, 0], [0, 0, 4, 0, 0, 4], [0, 8, 0, 8, 8, 0], [0, 0, 0, 0, 0, 0]]}, {"input": [[3, 0, 0], [0, 0, 0], [0, 0, 0], [0, 0, 3]], "output": [[3, 0, 0, 3, 0, 0], [0, 8, 8, 0, 8, 0], [0, 8, 0, 8, 8, 0], [0, 8, 3, 0, 8, 3], [3, 8, 0, 3, 8, 0], [0, 8, 8, 0, 8, 0], [0, 8, 0, 8, 8, 0], [0, 0, 3, 0, 0, 3]]}, {"input": [[0, 0, 0, 0, 0, 0], [0, 2, 0, 0, 0, 0], [0, 0, 0, 0, 0, 0], [0, 0, 0, 0, 0, 0], [0, 0, 0, 0, 0, 2], [0, 0, 0, 0, 0, 0]], "output": [[8, 0, 8, 0, 0, 0, 8, 0, 8, 0, 0, 0], [0, 2, 0, 0, 0, 0, 0, 2, 0, 0, 0, 0], [8, 0, 8, 0, 0, 0, 8, 0, 8, 0, 0, 0], [0, 0, 0, 0, 8, 0, 8, 0, 0, 0, 8, 0], [0, 0, 0, 0, 0, 2, 0, 0, 0, 0, 0, 2], [0, 0, 0, 0, 8, 0, 8, 0, 0, 0, 8, 0], [8, 0, 8, 0, 0, 0, 8, 0, 8, 0, 0, 0], [0, 2, 0, 0, 0, 0, 0, 2, 0, 0, 0, 0], [8, 0, 8, 0, 0, 0, 8, 0, 8, 0, 0, 0], [0, 0, 0, 0, 8, 0, 8, 0, 0, 0, 8, 0], [0, 0, 0, 0, 0, 2, 0, 0, 0, 0, 0, 2], [0, 0, 0, 0, 8, 0, 8, 0, 0, 0, 8, 0]]}, {"input": [[0, 0, 0, 0, 3], [0, 0, 0, 0, 0], [0, 0, 0, 3, 0], [0, 0, 0, 0, 0]], "output": [[0, 0, 0, 0, 3, 0, 0, 0, 0, 3], [0, 0, 8, 8, 8, 8, 0, 8, 8, 8], [0, 0, 0, 3, 0, 0, 0, 0, 3, 0], [0, 0, 8, 8, 8, 8, 0, 8, 8, 8], [0, 0, 0, 0, 3, 0, 0, 0, 0, 3], [0, 0, 8, 8, 8, 8, 0, 8, 8, 8], [0, 0, 0, 3, 0, 0, 0, 0, 3, 0], [0, 0, 8, 0, 8, 0, 0, 8, 0, 8]]}, {"input": [[0, 0, 4], [0, 0, 0]], "output": [[0, 0, 4, 0, 0, 4], [0, 8, 0, 8, 8, 0], [0, 0, 4, 0, 0, 4], [0, 8, 0, 8, 8, 0]]}, {"input": [[0, 0, 0, 0, 0], [0, 0, 9, 0, 0]], "output": [[0, 8, 0, 8, 0, 0, 8, 0, 8, 0], [0, 0, 9, 0, 0, 0, 0, 9, 0, 0], [0, 8, 0, 8, 0, 0, 8, 0, 8, 0], [0, 0, 9, 0, 0, 0, 0, 9, 0, 0]]}, {"input": [[0, 0, 0, 0, 0, 0], [1, 0, 0, 0, 0, 0], [0, 0, 0, 0, 0, 0], [0, 0, 0, 0, 1, 0]], "output": [[0, 8, 0, 0, 0, 8, 0, 8, 0, 0, 0, 0], [1, 0, 0, 0, 0, 0, 1, 0, 0, 0, 0, 0], [0, 8, 0, 8, 0, 8, 0, 8, 0, 8, 0, 8], [0, 0, 0, 0, 1, 0, 0, 0, 0, 0, 1, 0], [0, 8, 0, 8, 0, 8, 0, 8, 0, 8, 0, 8], [1, 0, 0, 0, 0, 0, 1, 0, 0, 0, 0, 0], [0, 8, 0, 8, 0, 8, 0, 8, 0, 8, 0, 8], [0, 0, 0, 0, 1, 0, 0, 0, 0, 0, 1, 0]]}, {"input": [[0, 0, 0, 0], [2, 0, 0, 0], [0, 0, 0, 0], [0, 0, 0, 2]], "output": [[0, 8, 0, 8, 0, 8, 0, 0], [2, 0, 0, 0, 2, 0, 0, 0], [0, 8, 8, 8, 8, 8, 8, 0], [0, 0, 0, 2, 0, 0, 0, 2], [0, 8, 8, 8, 8, 8, 8, 0], [2, 0, 0, 0, 2, 0, 0, 0], [0, 8, 8, 8, 8, 8, 8, 0], [0, 0, 0, 2, 0, 0, 0, 2]]}, {"input": [[0, 0, 0, 0], [6, 0, 0, 0], [0, 0, 0, 0], [0, 0, 6, 0], [0, 0, 0, 0], [0, 0, 0, 0]], "output": [[0, 8, 0, 8, 0, 8, 0, 0], [6, 0, 0, 0, 6, 0, 0, 0], [0, 8, 0, 8, 0, 8, 0, 8], [0, 0, 6, 0, 0, 0, 6, 0], [0, 8, 0, 8, 0, 8, 0, 8], [0, 0, 0, 0, 0, 0, 0, 0], [0, 8, 0, 8, 0, 8, 0, 0], [6, 0, 0, 0, 6, 0, 0, 0], [0, 8, 0, 8, 0, 8, 0, 8], [0, 0, 6, 0, 0, 0, 6, 0], [0, 8, 0, 8, 0, 8, 0, 8], [0, 0, 0, 0, 0, 0, 0, 0]]}, {"input": [[0, 0, 0], [2, 0, 0], [0, 0, 0]], "output": [[0, 8, 8, 0, 8, 0], [2, 0, 0, 2, 0, 0], [0, 8, 8, 0, 8, 0], [0, 8, 8, 0, 8, 0], [2, 0, 0, 2, 0, 0], [0, 8, 8, 0, 8, 0]]}, {"input": [[0, 0, 0, 0], [0, 0, 9, 0]], "output": [[0, 8, 0, 8, 0, 8, 0, 8], [0, 0, 9, 0, 0, 0, 9, 0], [0, 8, 0, 8, 0, 8, 0, 8], [0, 0, 9, 0, 0, 0, 9, 0]]}, {"input": [[1, 0, 0, 0, 0, 0], [0, 0, 0, 0, 0, 0], [0, 1, 0, 0, 0, 0], [0, 0, 0, 0, 0, 0]], "output": [[1, 0, 0, 0, 0, 0, 1, 0, 0, 0, 0, 0], [8, 8, 8, 0, 0, 8, 8, 8, 8, 0, 0, 0], [0, 1, 0, 0, 0, 0, 0, 1, 0, 0, 0, 0], [8, 8, 8, 0, 0, 8, 8, 8, 8, 0, 0, 0], [1, 0, 0, 0, 0, 0, 1, 0, 0, 0, 0, 0], [8, 8, 8, 0, 0, 8, 8, 8, 8, 0, 0, 0], [0, 1, 0, 0, 0, 0, 0, 1, 0, 0, 0, 0], [8, 0, 8, 0, 0, 0, 8, 0, 8, 0, 0, 0]]}, {"input": [[0, 6], [0, 0], [0, 0], [0, 6]], "output": [[0, 6, 0, 6], [8, 0, 8, 0], [8, 0, 8, 0], [8, 6, 8, 6], [8, 6, 8, 6], [8, 0, 8, 0], [8, 0, 8, 0], [0, 6, 0, 6]]}, {"input": [[0, 2], [0, 0], [2, 0], [0, 0], [0, 0], [2, 0]], "output": [[0, 2, 0, 2], [8, 8, 8, 8], [2, 0, 2, 0], [0, 8, 0, 8], [0, 8, 0, 8], [2, 0, 2, 0], [0, 2, 0, 2], [8, 8, 8, 8], [2, 0, 2, 0], [0, 8, 0, 8], [0, 8, 0, 8], [2, 0, 2, 0]]}, {"input": [[0, 0], [0, 2], [0, 0], [2, 0], [0, 0]], "output": [[8, 0, 8, 0], [0, 2, 0, 2], [8, 8, 8, 8], [2, 0, 2, 0], [0, 8, 0, 8], [8, 0, 8, 0], [0, 2, 0, 2], [8, 8, 8, 8], [2, 0, 2, 0], [0, 8, 0, 8]]}, {"input": [[0, 0, 0, 0], [4, 0, 0, 0], [0, 0, 0, 0], [0, 0, 0, 0]], "output": [[0, 8, 0, 8, 0, 8, 0, 0], [4, 0, 0, 0, 4, 0, 0, 0], [0, 8, 0, 8, 0, 8, 0, 0], [0, 0, 0, 0, 0, 0, 0, 0], [0, 8, 0, 8, 0, 8, 0, 0], [4, 0, 0, 0, 4, 0, 0, 0], [0, 8, 0, 8, 0, 8, 0, 0], [0, 0, 0, 0, 0, 0, 0, 0]]}, {"input": [[0, 0, 2, 0, 0], [0, 0, 0, 0, 0]], "output": [[0, 0, 2, 0, 0, 0, 0, 2, 0, 0], [0, 8, 0, 8, 0, 0, 8, 0, 8, 0], [0, 0, 2, 0, 0, 0, 0, 2, 0, 0], [0, 8, 0, 8, 0, 0, 8, 0, 8, 0]]}, {"input": [[0, 2], [0, 0], [0, 2]], "output": [[0, 2, 0, 2], [8, 0, 8, 0], [8, 2, 8, 2], [8, 2, 8, 2], [8, 0, 8, 0], [0, 2, 0, 2]]}, {"input": [[0, 0, 0, 0], [0, 0, 9, 0], [0, 0, 0, 0]], "output": [[0, 8, 0, 8, 0, 8, 0, 8], [0, 0, 9, 0, 0, 0, 9, 0], [0, 8, 0, 8, 0, 8, 0, 8], [0, 8, 0, 8, 0, 8, 0, 8], [0, 0, 9, 0, 0, 0, 9, 0], [0, 8, 0, 8, 0, 8, 0, 8]]}, {"input": [[6, 0, 0], [0, 0, 0], [0, 6, 0], [0, 0, 0], [0, 6, 0], [0, 0, 0]], "output": [[6, 0, 0, 6, 0, 0], [8, 8, 8, 8, 8, 8], [0, 6, 0, 0, 6, 0], [8, 0, 8, 8, 0, 8], [0, 6, 0, 0, 6, 0], [8, 8, 8, 8, 8, 8], [6, 0, 0, 6, 0, 0], [8, 8, 8, 8, 8, 8], [0, 6, 0, 0, 6, 0], [8, 0, 8, 8, 0, 8], [0, 6, 0, 0, 6, 0], [8, 0, 8, 8, 0, 8]]}, {"input": [[4, 0, 0, 0], [0, 0, 0, 0], [0, 4, 0, 0]], "output": [[4, 0, 0, 0, 4, 0, 0, 0], [8, 8, 8, 8, 8, 8, 8, 0], [0, 4, 0, 8, 0, 4, 0, 0], [4, 0, 8, 0, 4, 0, 8, 0], [8, 8, 8, 8, 8, 8, 8, 0], [0, 4, 0, 0, 0, 4, 0, 0]]}, {"input": [[0, 0, 0, 0, 0, 0], [0, 0, 0, 0, 4, 0], [0, 0, 0, 0, 0, 0], [0, 0, 0, 0, 0, 0]], "output": [[0, 0, 0, 8, 0, 8, 0, 0, 0, 8, 0, 8], [0, 0, 0, 0, 4, 0, 0, 0, 0, 0, 4, 0], [0, 0, 0, 8, 0, 8, 0, 0, 0, 8, 0, 8], [0, 0, 0, 0, 0, 0, 0, 0, 0, 0, 0, 0], [0, 0, 0, 8, 0, 8, 0, 0, 0, 8, 0, 8], [0, 0, 0, 0, 4, 0, 0, 0, 0, 0, 4, 0], [0, 0, 0, 8, 0, 8, 0, 0, 0, 8, 0, 8], [0, 0, 0, 0, 0, 0, 0, 0, 0, 0, 0, 0]]}, {"input": [[0, 0, 3], [0, 0, 0], [0, 0, 0], [0, 0, 3], [0, 0, 0], [0, 0, 0]], "output": [[0, 0, 3, 0, 0, 3], [0, 8, 0, 8, 8, 0], [0, 8, 0, 8, 8, 0], [0, 0, 3, 0, 0, 3], [0, 8, 0, 8, 8, 0], [0, 8, 0, 8, 8, 0], [0, 0, 3, 0, 0, 3], [0, 8, 0, 8, 8, 0], [0, 8, 0, 8, 8, 0], [0, 0, 3, 0, 0, 3], [0, 8, 0, 8, 8, 0], [0, 0, 0, 0, 0, 0]]}, {"input": [[7, 0, 0, 0], [0, 0, 0, 0], [0, 0, 0, 7], [0, 0, 0, 0]], "output": [[7, 0, 0, 0, 7, 0, 0, 0], [0, 8, 8, 8, 8, 8, 8, 0], [0, 0, 0, 7, 0, 0, 0, 7], [0, 8, 8, 8, 8, 8, 8, 0], [7, 0, 0, 0, 7, 0, 0, 0], [0, 8, 8, 8, 8, 8, 8, 0], [0, 0, 0, 7, 0, 0, 0, 7], [0, 0, 8, 0, 8, 0, 8, 0]]}, {"input": [[0, 6], [0, 0], [0, 0]], "output": [[0, 6, 0, 6], [8, 0, 8, 0], [8, 0, 8, 0], [0, 6, 0, 6], [8, 0, 8, 0], [0, 0, 0, 0]]}, {"input": [[0, 4, 0, 0, 0], [0, 0, 0, 0, 0], [0, 0, 0, 0, 4]], "output": [[0, 4, 0, 0, 0, 0, 4, 0, 0, 0], [8, 0, 8, 8, 0, 8, 0, 8, 8, 0], [8, 0, 8, 0, 4, 8, 0, 8, 0, 4], [0, 4, 0, 8, 0, 8, 4, 0, 8, 0], [8, 0, 8, 8, 0, 8, 0, 8, 8, 0], [0, 0, 0, 0, 4, 0, 0, 0, 0, 4]]}, {"input": [[0, 0], [9, 0], [0, 0], [0, 0], [0, 9]], "output": [[0, 8, 0, 8], [9, 0, 9, 0], [0, 8, 0, 8], [8, 0, 8, 0], [0, 9, 0, 9], [8, 8, 8, 8], [9, 0, 9, 0], [0, 8, 0, 8], [8, 0, 8, 0], [0, 9, 0, 9]]}, {"input": [[7, 0, 0, 0, 0], [0, 0, 0, 0, 0], [0, 0, 0, 0, 0]], "output": [[7, 0, 0, 0, 0, 7, 0, 0, 0, 0], [0, 8, 0, 0, 8, 0, 8, 0, 0, 0], [0, 8, 0, 0, 8, 0, 8, 0, 0, 0], [7, 0, 0, 0, 0, 7, 0, 0, 0, 0], [0, 8, 0, 0, 8, 0, 8, 0, 0, 0], [0, 0, 0, 0, 0, 0, 0, 0, 0, 0]]}, {"input": [[0, 0], [6, 0]], "output": [[0, 8, 0, 8], [6, 0, 6, 0], [0, 8, 0, 8], [6, 0, 6, 0]]}, {"input": [[0, 6], [0, 0], [6, 0], [0, 0], [0, 0], [6, 0]], "output": [[0, 6, 0, 6], [8, 8, 8, 8], [6, 0, 6, 0], [0, 8, 0, 8], [0, 8, 0, 8], [6, 0, 6, 0], [0, 6, 0, 6], [8, 8, 8, 8], [6, 0, 6, 0], [0, 8, 0, 8], [0, 8, 0, 8], [6, 0, 6, 0]]}, {"input": [[0, 0, 0, 0, 0], [0, 0, 0, 4, 0], [0, 0, 0, 0, 0], [0, 0, 0, 0, 0]], "output": [[0, 0, 8, 0, 8, 0, 0, 8, 0, 8], [0, 0, 0, 4, 0, 0, 0, 0, 4, 0], [0, 0, 8, 0, 8, 0, 0, 8, 0, 8], [0, 0, 0, 0, 0, 0, 0, 0, 0, 0], [0, 0, 8, 0, 8, 0, 0, 8, 0, 8], [0, 0, 0, 4, 0, 0, 0, 0, 4, 0], [0, 0, 8, 0, 8, 0, 0, 8, 0, 8], [0, 0, 0, 0, 0, 0, 0, 0, 0, 0]]}, {"input": [[3, 0], [0, 0], [3, 0]], "output": [[3, 0, 3, 0], [0, 8, 0, 8], [3, 8, 3, 8], [3, 8, 3, 8], [0, 8, 0, 8], [3, 0, 3, 0]]}, {"input": [[9, 0, 0, 0], [0, 0, 0, 0], [0, 0, 0, 0], [9, 0, 0, 0], [0, 0, 0, 0], [0, 0, 9, 0]], "output": [[9, 0, 0, 0, 9, 0, 0, 0], [0, 8, 0, 8, 0, 8, 0, 0], [0, 8, 0, 8, 0, 8, 0, 0], [9, 0, 0, 0, 9, 0, 0, 0], [0, 8, 0, 8, 0, 8, 0, 8], [0, 8, 9, 8, 0, 8, 9, 0], [9, 8, 0, 8, 9, 8, 0, 8], [0, 8, 0, 8, 0, 8, 0, 0], [0, 8, 0, 8, 0, 8, 0, 0], [9, 0, 0, 0, 9, 0, 0, 0], [0, 8, 0, 8, 0, 8, 0, 8], [0, 0, 9, 0, 0, 0, 9, 0]]}, {"input": [[0, 2, 0], [0, 0, 0], [0, 0, 0]], "output": [[0, 2, 0, 0, 2, 0], [8, 0, 8, 8, 0, 8], [8, 0, 8, 8, 0, 8], [0, 2, 0, 0, 2, 0], [8, 0, 8, 8, 0, 8], [0, 0, 0, 0, 0, 0]]}, {"input": [[0, 0, 0, 0, 7, 0], [0, 0, 0, 0, 0, 0], [0, 0, 0, 0, 0, 0], [7, 0, 0, 0, 0, 0], [0, 0, 0, 0, 0, 0]], "output": [[0, 0, 0, 0, 7, 0, 0, 0, 0, 0, 7, 0], [0, 0, 0, 8, 0, 8, 0, 0, 0, 8, 0, 8], [0, 8, 0, 0, 0, 8, 0, 8, 0, 0, 0, 0], [7, 0, 0, 0, 0, 0, 7, 0, 0, 0, 0, 0], [0, 8, 0, 8, 0, 8, 0, 8, 0, 8, 0, 8], [0, 0, 0, 0, 7, 0, 0, 0, 0, 0, 7, 0], [0, 0, 0, 8, 0, 8, 0, 0, 0, 8, 0, 8], [0, 8, 0, 0, 0, 8, 0, 8, 0, 0, 0, 0], [7, 0, 0, 0, 0, 0, 7, 0, 0, 0, 0, 0], [0, 8, 0, 0, 0, 8, 0, 8, 0, 0, 0, 0]]}, {"input": [[0, 0, 0, 0, 6], [0, 0, 0, 0, 0]], "output": [[0, 0, 0, 0, 6, 0, 0, 0, 0, 6], [0, 0, 0, 8, 0, 8, 0, 0, 8, 0], [0, 0, 0, 0, 6, 0, 0, 0, 0, 6], [0, 0, 0, 8, 0, 8, 0, 0, 8, 0]]}, {"input": [[0, 0, 0], [2, 0, 0], [0, 0, 0], [0, 0, 0], [0, 2, 0], [0, 0, 0]], "output": [[0, 8, 8, 0, 8, 0], [2, 0, 0, 2, 0, 0], [0, 8, 8, 0, 8, 0], [8, 0, 8, 8, 0, 8], [0, 2, 0, 0, 2, 0], [8, 0, 8, 8, 0, 8], [0, 8, 8, 0, 8, 0], [2, 0, 0, 2, 0, 0], [0, 8, 8, 0, 8, 0], [8, 0, 8, 8, 0, 8], [0, 2, 0, 0, 2, 0], [8, 0, 8, 8, 0, 8]]}, {"input": [[0, 0, 0, 5], [0, 0, 0, 0], [0, 5, 0, 0], [0, 0, 0, 0], [0, 5, 0, 0]], "output": [[0, 0, 0, 5, 0, 0, 0, 5], [8, 0, 8, 0, 8, 0, 8, 0], [0, 5, 0, 0, 0, 5, 0, 0], [8, 0, 8, 0, 8, 0, 8, 0], [0, 5, 8, 0, 8, 5, 8, 0], [8, 0, 8, 5, 8, 0, 8, 5], [8, 0, 8, 0, 8, 0, 8, 0], [0, 5, 0, 0, 0, 5, 0, 0], [8, 0, 8, 0, 8, 0, 8, 0], [0, 5, 0, 0, 0, 5, 0, 0]]}, {"input": [[0, 2, 0, 0, 0], [0, 0, 0, 0, 0], [0, 0, 0, 0, 0], [0, 0, 0, 2, 0], [0, 0, 0, 0, 0]], "output": [[0, 2, 0, 0, 0, 0, 2, 0, 0, 0], [8, 0, 8, 0, 0, 8, 0, 8, 0, 0], [0, 0, 8, 0, 8, 0, 0, 8, 0, 8], [0, 0, 0, 2, 0, 0, 0, 0, 2, 0], [8, 0, 8, 0, 8, 8, 0, 8, 0, 8], [0, 2, 0, 0, 0, 0, 2, 0, 0, 0], [8, 0, 8, 0, 0, 8, 0, 8, 0, 0], [0, 0, 8, 0, 8, 0, 0, 8, 0, 8], [0, 0, 0, 2, 0, 0, 0, 0, 2, 0], [0, 0, 8, 0, 8, 0, 0, 8, 0, 8]]}, {"input": [[0, 0, 0, 0, 0], [0, 7, 0, 0, 0], [0, 0, 0, 0, 0], [0, 0, 7, 0, 0], [0, 0, 0, 0, 0], [0, 7, 0, 0, 0]], "output": [[8, 0, 8, 0, 0, 8, 0, 8, 0, 0], [0, 7, 0, 0, 0, 0, 7, 0, 0, 0], [8, 8, 8, 8, 0, 8, 8, 8, 8, 0], [0, 0, 7, 0, 0, 0, 0, 7, 0, 0], [8, 8, 8, 8, 0, 8, 8, 8, 8, 0], [0, 7, 0, 0, 0, 0, 7, 0, 0, 0], [8, 0, 8, 0, 0, 8, 0, 8, 0, 0], [0, 7, 0, 0, 0, 0, 7, 0, 0, 0], [8, 8, 8, 8, 0, 8, 8, 8, 8, 0], [0, 0, 7, 0, 0, 0, 0, 7, 0, 0], [8, 8, 8, 8, 0, 8, 8, 8, 8, 0], [0, 7, 0, 0, 0, 0, 7, 0, 0, 0]]}, {"input": [[0, 6], [0, 0], [0, 0], [6, 0]], "output": [[0, 6, 0, 6], [8, 0, 8, 0], [0, 8, 0, 8], [6, 0, 6, 0], [0, 6, 0, 6], [8, 0, 8, 0], [0, 8, 0, 8], [6, 0, 6, 0]]}, {"input": [[0, 0, 0, 0, 0, 0], [6, 0, 0, 0, 0, 0], [0, 0, 0, 0, 0, 0], [0, 0, 6, 0, 0, 0]], "output": [[0, 8, 0, 0, 0, 8, 0, 8, 0, 0, 0, 0], [6, 0, 0, 0, 0, 0, 6, 0, 0, 0, 0, 0], [0, 8, 0, 8, 0, 8, 0, 8, 0, 8, 0, 0], [0, 0, 6, 0, 0, 0, 0, 0, 6, 0, 0, 0], [0, 8, 0, 8, 0, 8, 0, 8, 0, 8, 0, 0], [6, 0, 0, 0, 0, 0, 6, 0, 0, 0, 0, 0], [0, 8, 0, 8, 0, 8, 0, 8, 0, 8, 0, 0], [0, 0, 6, 0, 0, 0, 0, 0, 6, 0, 0, 0]]}, {"input": [[0, 0], [0, 4]], "output": [[8, 0, 8, 0], [0, 4, 0, 4], [8, 0, 8, 0], [0, 4, 0, 4]]}, {"input": [[0, 0], [4, 0], [0, 0], [0, 4], [0, 0], [0, 0]], "output": [[0, 8, 0, 8], [4, 0, 4, 0], [8, 8, 8, 8], [0, 4, 0, 4], [8, 0, 8, 0], [0, 0, 0, 0], [0, 8, 0, 8], [4, 0, 4, 0], [8, 8, 8, 8], [0, 4, 0, 4], [8, 0, 8, 0], [0, 0, 0, 0]]}, {"input": [[0, 0, 1], [0, 0, 0], [1, 0, 0], [0, 0, 0], [0, 1, 0], [0, 0, 0]], "output": [[0, 0, 1, 0, 0, 1], [0, 8, 8, 8, 8, 0], [1, 0, 0, 1, 0, 0], [8, 8, 8, 8, 8, 8], [0, 1, 0, 0, 1, 0], [8, 8, 8, 8, 8, 8], [0, 0, 1, 0, 0, 1], [0, 8, 8, 8, 8, 0], [1, 0, 0, 1, 0, 0], [8, 8, 8, 8, 8, 8], [0, 1, 0, 0, 1, 0], [8, 0, 8, 8, 0, 8]]}, {"input": [[0, 0, 0, 0, 0], [1, 0, 0, 0, 0], [0, 0, 0, 0, 0]], "output": [[0, 8, 0, 0, 8, 0, 8, 0, 0, 0], [1, 0, 0, 0, 0, 1, 0, 0, 0, 0], [0, 8, 0, 0, 8, 0, 8, 0, 0, 0], [0, 8, 0, 0, 8, 0, 8, 0, 0, 0], [1, 0, 0, 0, 0, 1, 0, 0, 0, 0], [0, 8, 0, 0, 8, 0, 8, 0, 0, 0]]}, {"input": [[0, 0, 0, 1], [0, 0, 0, 0], [0, 0, 0, 0], [0, 0, 1, 0], [0, 0, 0, 0]], "output": [[0, 0, 0, 1, 0, 0, 0, 1], [0, 0, 8, 0, 8, 0, 8, 0], [0, 8, 0, 8, 0, 8, 0, 8], [0, 0, 1, 0, 0, 0, 1, 0], [0, 8, 8, 8, 8, 8, 8, 8], [0, 0, 0, 1, 0, 0, 0, 1], [0, 0, 8, 0, 8, 0, 8, 0], [0, 8, 0, 8, 0, 8, 0, 8], [0, 0, 1, 0, 0, 0, 1, 0], [0, 8, 0, 8, 0, 8, 0, 8]]}, {"input": [[0, 3, 0, 0], [0, 0, 0, 0], [0, 0, 0, 0]], "output": [[0, 3, 0, 0, 0, 3, 0, 0], [8, 0, 8, 0, 8, 0, 8, 0], [8, 0, 8, 0, 8, 0, 8, 0], [0, 3, 0, 0, 0, 3, 0, 0], [8, 0, 8, 0, 8, 0, 8, 0], [0, 0, 0, 0, 0, 0, 0, 0]]}, {"input": [[0, 0, 0, 2], [0, 0, 0, 0], [0, 0, 0, 0], [0, 0, 0, 2], [0, 0, 0, 0], [0, 0, 0, 0]], "output": [[0, 0, 0, 2, 0, 0, 0, 2], [0, 0, 8, 0, 8, 0, 8, 0], [0, 0, 8, 0, 8, 0, 8, 0], [0, 0, 0, 2, 0, 0, 0, 2], [0, 0, 8, 0, 8, 0, 8, 0], [0, 0, 8, 0, 8, 0, 8, 0], [0, 0, 0, 2, 0, 0, 0, 2], [0, 0, 8, 0, 8, 0, 8, 0], [0, 0, 8, 0, 8, 0, 8, 0], [0, 0, 0, 2, 0, 0, 0, 2], [0, 0, 8, 0, 8, 0, 8, 0], [0, 0, 0, 0, 0, 0, 0, 0]]}, {"input": [[0, 0], [7, 0], [0, 0], [0, 7], [0, 0], [0, 0]], "output": [[0, 8, 0, 8], [7, 0, 7, 0], [8, 8, 8, 8], [0, 7, 0, 7], [8, 0, 8, 0], [0, 0, 0, 0], [0, 8, 0, 8], [7, 0, 7, 0], [8, 8, 8, 8], [0, 7, 0, 7], [8, 0, 8, 0], [0, 0, 0, 0]]}, {"input": [[0, 0, 6], [0, 0, 0], [0, 0, 0], [0, 0, 6], [0, 0, 0], [0, 0, 0]], "output": [[0, 0, 6, 0, 0, 6], [0, 8, 0, 8, 8, 0], [0, 8, 0, 8, 8, 0], [0, 0, 6, 0, 0, 6], [0, 8, 0, 8, 8, 0], [0, 8, 0, 8, 8, 0], [0, 0, 6, 0, 0, 6], [0, 8, 0, 8, 8, 0], [0, 8, 0, 8, 8, 0], [0, 0, 6, 0, 0, 6], [0, 8, 0, 8, 8, 0], [0, 0, 0, 0, 0, 0]]}, {"input": [[0, 0, 0], [0, 0, 2], [0, 0, 0], [0, 2, 0], [0, 0, 0], [0, 0, 0]], "output": [[0, 8, 0, 8, 8, 0], [0, 0, 2, 0, 0, 2], [8, 8, 8, 8, 8, 8], [0, 2, 0, 0, 2, 0], [8, 0, 8, 8, 0, 8], [0, 0, 0, 0, 0, 0], [0, 8, 0, 8, 8, 0], [0, 0, 2, 0, 0, 2], [8, 8, 8, 8, 8, 8], [0, 2, 0, 0, 2, 0], [8, 0, 8, 8, 0, 8], [0, 0, 0, 0, 0, 0]]}, {"input": [[2, 0, 0, 0, 0], [0, 0, 0, 0, 0], [0, 0, 0, 0, 0], [0, 0, 2, 0, 0], [0, 0, 0, 0, 0], [0, 2, 0, 0, 0]], "output": [[2, 0, 0, 0, 0, 2, 0, 0, 0, 0], [0, 8, 0, 0, 8, 0, 8, 0, 0, 0], [0, 8, 0, 8, 0, 0, 8, 0, 8, 0], [0, 0, 2, 0, 0, 0, 0, 2, 0, 0], [8, 8, 8, 8, 0, 8, 8, 8, 8, 0], [0, 2, 0, 0, 8, 0, 2, 0, 0, 0], [2, 0, 8, 0, 0, 2, 0, 8, 0, 0], [0, 8, 0, 0, 8, 0, 8, 0, 0, 0], [0, 8, 0, 8, 0, 0, 8, 0, 8, 0], [0, 0, 2, 0, 0, 0, 0, 2, 0, 0], [8, 8, 8, 8, 0, 8, 8, 8, 8, 0], [0, 2, 0, 0, 0, 0, 2, 0, 0, 0]]}, {"input": [[0, 0], [1, 0], [0, 0]], "output": [[0, 8, 0, 8], [1, 0, 1, 0], [0, 8, 0, 8], [0, 8, 0, 8], [1, 0, 1, 0], [0, 8, 0, 8]]}, {"input": [[0, 0, 0, 0], [0, 5, 0, 0], [0, 0, 0, 0]], "output": [[8, 0, 8, 0, 8, 0, 8, 0], [0, 5, 0, 0, 0, 5, 0, 0], [8, 0, 8, 0, 8, 0, 8, 0], [8, 0, 8, 0, 8, 0, 8, 0], [0, 5, 0, 0, 0, 5, 0, 0], [8, 0, 8, 0, 8, 0, 8, 0]]}, {"input": [[0, 0, 0, 0, 0], [0, 0, 2, 0, 0], [0, 0, 0, 0, 0], [0, 0, 0, 0, 0], [0, 0, 0, 2, 0], [0, 0, 0, 0, 0]], "output": [[0, 8, 0, 8, 0, 0, 8, 0, 8, 0], [0, 0, 2, 0, 0, 0, 0, 2, 0, 0], [0, 8, 0, 8, 0, 0, 8, 0, 8, 0], [0, 0, 8, 0, 8, 0, 0, 8, 0, 8], [0, 0, 0, 2, 0, 0, 0, 0, 2, 0], [0, 0, 8, 0, 8, 0, 0, 8, 0, 8], [0, 8, 0, 8, 0, 0, 8, 0, 8, 0], [0, 0, 2, 0, 0, 0, 0, 2, 0, 0], [0, 8, 0, 8, 0, 0, 8, 0, 8, 0], [0, 0, 8, 0, 8, 0, 0, 8, 0, 8], [0, 0, 0, 2, 0, 0, 0, 0, 2, 0], [0, 0, 8, 0, 8, 0, 0, 8, 0, 8]]}, {"input": [[0, 0], [7, 0], [0, 0]], "output": [[0, 8, 0, 8], [7, 0, 7, 0], [0, 8, 0, 8], [0, 8, 0, 8], [7, 0, 7, 0], [0, 8, 0, 8]]}, {"input": [[0, 0, 0, 0], [0, 0, 0, 9], [0, 0, 0, 0], [0, 0, 0, 0], [0, 9, 0, 0]], "output": [[0, 0, 8, 0, 8, 0, 8, 0], [0, 0, 0, 9, 0, 0, 0, 9], [0, 0, 8, 0, 8, 0, 8, 0], [8, 0, 8, 0, 8, 0, 8, 0], [0, 9, 0, 0, 0, 9, 0, 0], [8, 0, 8, 0, 8, 0, 8, 0], [0, 0, 0, 9, 0, 0, 0, 9], [0, 0, 8, 0, 8, 0, 8, 0], [8, 0, 8, 0, 8, 0, 8, 0], [0, 9, 0, 0, 0, 9, 0, 0]]}, {"input": [[0, 0], [3, 0], [0, 0], [0, 3]], "output": [[0, 8, 0, 8], [3, 0, 3, 0], [8, 8, 8, 8], [0, 3, 0, 3], [8, 8, 8, 8], [3, 0, 3, 0], [8, 8, 8, 8], [0, 3, 0, 3]]}, {"input": [[0, 0, 0], [0, 0, 9], [0, 0, 0]], "output": [[0, 8, 0, 8, 8, 0], [0, 0, 9, 0, 0, 9], [0, 8, 0, 8, 8, 0], [0, 8, 0, 8, 8, 0], [0, 0, 9, 0, 0, 9], [0, 8, 0, 8, 8, 0]]}, {"input": [[0, 0, 0, 0], [0, 6, 0, 0], [0, 0, 0, 0], [0, 0, 0, 0], [0, 0, 6, 0], [0, 0, 0, 0]], "output": [[8, 0, 8, 0, 8, 0, 8, 0], [0, 6, 0, 0, 0, 6, 0, 0], [8, 0, 8, 0, 8, 0, 8, 0], [0, 8, 0, 8, 0, 8, 0, 8], [0, 0, 6, 0, 0, 0, 6, 0], [0, 8, 0, 8, 0, 8, 0, 8], [8, 0, 8, 0, 8, 0, 8, 0], [0, 6, 0, 0, 0, 6, 0, 0], [8, 0, 8, 0, 8, 0, 8, 0], [0, 8, 0, 8, 0, 8, 0, 8], [0, 0, 6, 0, 0, 0, 6, 0], [0, 8, 0, 8, 0, 8, 0, 8]]}, {"input": [[0, 7, 0, 0, 0, 0], [0, 0, 0, 0, 0, 0], [0, 0, 0, 0, 0, 0]], "output": [[0, 7, 0, 0, 0, 0, 0, 7, 0, 0, 0, 0], [8, 0, 8, 0, 0, 0, 8, 0, 8, 0, 0, 0], [8, 0, 8, 0, 0, 0, 8, 0, 8, 0, 0, 0], [0, 7, 0, 0, 0, 0, 0, 7, 0, 0, 0, 0], [8, 0, 8, 0, 0, 0, 8, 0, 8, 0, 0, 0], [0, 0, 0, 0, 0, 0, 0, 0, 0, 0, 0, 0]]}, {"input": [[0, 0, 0], [3, 0, 0], [0, 0, 0], [0, 3, 0], [0, 0, 0]], "output": [[0, 8, 8, 0, 8, 0], [3, 0, 0, 3, 0, 0], [8, 8, 8, 8, 8, 8], [0, 3, 0, 0, 3, 0], [8, 0, 8, 8, 0, 8], [0, 8, 8, 0, 8, 0], [3, 0, 0, 3, 0, 0], [8, 8, 8, 8, 8, 8], [0, 3, 0, 0, 3, 0], [8, 0, 8, 8, 0, 8]]}, {"input": [[0, 1, 0, 0, 0], [0, 0, 0, 0, 0], [1, 0, 0, 0, 0], [0, 0, 0, 0, 0], [0, 0, 0, 0, 0]], "output": [[0, 1, 0, 0, 0, 0, 1, 0, 0, 0], [8, 8, 8, 0, 8, 8, 8, 8, 0, 0], [1, 0, 0, 0, 0, 1, 0, 0, 0, 0], [0, 8, 0, 0, 8, 0, 8, 0, 0, 0], [8, 0, 8, 0, 0, 8, 0, 8, 0, 0], [0, 1, 0, 0, 0, 0, 1, 0, 0, 0], [8, 8, 8, 0, 8, 8, 8, 8, 0, 0], [1, 0, 0, 0, 0, 1, 0, 0, 0, 0], [0, 8, 0, 0, 8, 0, 8, 0, 0, 0], [0, 0, 0, 0, 0, 0, 0, 0, 0, 0]]}, {"input": [[0, 0, 1], [0, 0, 0], [0, 0, 0], [1, 0, 0]], "output": [[0, 0, 1, 0, 0, 1], [0, 8, 0, 8, 8, 0], [0, 8, 8, 0, 8, 0], [1, 8, 0, 1, 8, 0], [0, 8, 1, 0, 8, 1], [0, 8, 0, 8, 8, 0], [0, 8, 8, 0, 8, 0], [1, 0, 0, 1, 0, 0]]}, {"input": [[0, 7, 0, 0, 0, 0], [0, 0, 0, 0, 0, 0], [0, 0, 0, 7, 0, 0], [0, 0, 0, 0, 0, 0], [0, 0, 0, 0, 0, 0]], "output": [[0, 7, 0, 0, 0, 0, 0, 7, 0, 0, 0, 0], [8, 0, 8, 0, 8, 0, 8, 0, 8, 0, 8, 0], [0, 0, 0, 7, 0, 0, 0, 0, 0, 7, 0, 0], [0, 0, 8, 0, 8, 0, 0, 0, 8, 0, 8, 0], [8, 0, 8, 0, 0, 0, 8, 0, 8, 0, 0, 0], [0, 7, 0, 0, 0, 0, 0, 7, 0, 0, 0, 0], [8, 0, 8, 0, 8, 0, 8, 0, 8, 0, 8, 0], [0, 0, 0, 7, 0, 0, 0, 0, 0, 7, 0, 0], [0, 0, 8, 0, 8, 0, 0, 0, 8, 0, 8, 0], [0, 0, 0, 0, 0, 0, 0, 0, 0, 0, 0, 0]]}, {"input": [[0, 0, 0], [0, 0, 1]], "output": [[0, 8, 0, 8, 8, 0], [0, 0, 1, 0, 0, 1], [0, 8, 0, 8, 8, 0], [0, 0, 1, 0, 0, 1]]}, {"input": [[0, 0, 0, 0, 2], [0, 0, 0, 0, 0], [0, 0, 0, 2, 0], [0, 0, 0, 0, 0], [0, 0, 0, 0, 0]], "output": [[0, 0, 0, 0, 2, 0, 0, 0, 0, 2], [0, 0, 8, 8, 8, 8, 0, 8, 8, 8], [0, 0, 0, 2, 0, 0, 0, 0, 2, 0], [0, 0, 8, 0, 8, 0, 0, 8, 0, 8], [0, 0, 0, 8, 0, 8, 0, 0, 8, 0], [0, 0, 0, 0, 2, 0, 0, 0, 0, 2], [0, 0, 8, 8, 8, 8, 0, 8, 8, 8], [0, 0, 0, 2, 0, 0, 0, 0, 2, 0], [0, 0, 8, 0, 8, 0, 0, 8, 0, 8], [0, 0, 0, 0, 0, 0, 0, 0, 0, 0]]}, {"input": [[0, 0, 0, 0, 0], [0, 0, 0, 0, 5]], "output": [[0, 0, 0, 8, 0, 8, 0, 0, 8, 0], [0, 0, 0, 0, 5, 0, 0, 0, 0, 5], [0, 0, 0, 8, 0, 8, 0, 0, 8, 0], [0, 0, 0, 0, 5, 0, 0, 0, 0, 5]]}, {"input": [[7, 0], [0, 0]], "output": [[7, 0, 7, 0], [0, 8, 0, 8], [7, 0, 7, 0], [0, 8, 0, 8]]}, {"input": [[0, 6, 0, 0], [0, 0, 0, 0], [0, 0, 0, 0], [6, 0, 0, 0], [0, 0, 0, 0], [0, 6, 0, 0]], "output": [[0, 6, 0, 0, 0, 6, 0, 0], [8, 0, 8, 0, 8, 0, 8, 0], [0, 8, 0, 8, 0, 8, 0, 0], [6, 0, 0, 0, 6, 0, 0, 0], [8, 8, 8, 8, 8, 8, 8, 0], [8, 6, 8, 0, 8, 6, 8, 0], [8, 6, 8, 0, 8, 6, 8, 0], [8, 0, 8, 0, 8, 0, 8, 0], [0, 8, 0, 8, 0, 8, 0, 0], [6, 0, 0, 0, 6, 0, 0, 0], [8, 8, 8, 8, 8, 8, 8, 0], [0, 6, 0, 0, 0, 6, 0, 0]]}, {"input": [[0, 0, 0], [0, 0, 2]], "output": [[0, 8, 0, 8, 8, 0], [0, 0, 2, 0, 0, 2], [0, 8, 0, 8, 8, 0], [0, 0, 2, 0, 0, 2]]}, {"input": [[0, 0], [2, 0], [0, 0], [2, 0], [0, 0], [0, 2]], "output": [[0, 8, 0, 8], [2, 0, 2, 0], [0, 8, 0, 8], [2, 0, 2, 0], [8, 8, 8, 8], [0, 2, 0, 2], [8, 8, 8, 8], [2, 0, 2, 0], [0, 8, 0, 8], [2, 0, 2, 0], [8, 8, 8, 8], [0, 2, 0, 2]]}, {"input": [[0, 0], [0, 2], [0, 0]], "output": [[8, 0, 8, 0], [0, 2, 0, 2], [8, 0, 8, 0], [8, 0, 8, 0], [0, 2, 0, 2], [8, 0, 8, 0]]}, {"input": [[0, 0, 0], [0, 0, 2], [0, 0, 0], [0, 0, 0], [2, 0, 0]], "output": [[0, 8, 0, 8, 8, 0], [0, 0, 2, 0, 0, 2], [0, 8, 0, 8, 8, 0], [0, 8, 8, 0, 8, 0], [2, 0, 0, 2, 0, 0], [0, 8, 8, 8, 8, 0], [0, 0, 2, 0, 0, 2], [0, 8, 0, 8, 8, 0], [0, 8, 8, 0, 8, 0], [2, 0, 0, 2, 0, 0]]}, {"input": [[0, 0, 1], [0, 0, 0], [0, 0, 0], [0, 1, 0]], "output": [[0, 0, 1, 0, 0, 1], [0, 8, 0, 8, 8, 0], [8, 0, 8, 8, 0, 8], [0, 1, 0, 8, 1, 0], [8, 0, 1, 8, 0, 1], [0, 8, 0, 8, 8, 0], [8, 0, 8, 8, 0, 8], [0, 1, 0, 0, 1, 0]]}, {"input": [[0, 0, 0, 7, 0], [0, 0, 0, 0, 0], [0, 0, 7, 0, 0], [0, 0, 0, 0, 0]], "output": [[0, 0, 0, 7, 0, 0, 0, 0, 7, 0], [0, 8, 8, 8, 8, 0, 8, 8, 8, 8], [0, 0, 7, 0, 0, 0, 0, 7, 0, 0], [0, 8, 8, 8, 8, 0, 8, 8, 8, 8], [0, 0, 0, 7, 0, 0, 0, 0, 7, 0], [0, 8, 8, 8, 8, 0, 8, 8, 8, 8], [0, 0, 7, 0, 0, 0, 0, 7, 0, 0], [0, 8, 0, 8, 0, 0, 8, 0, 8, 0]]}, {"input": [[0, 0, 0, 0, 2], [0, 0, 0, 0, 0]], "output": [[0, 0, 0, 0, 2, 0, 0, 0, 0, 2], [0, 0, 0, 8, 0, 8, 0, 0, 8, 0], [0, 0, 0, 0, 2, 0, 0, 0, 0, 2], [0, 0, 0, 8, 0, 8, 0, 0, 8, 0]]}, {"input": [[0, 0], [0, 1], [0, 0], [1, 0]], "output": [[8, 0, 8, 0], [0, 1, 0, 1], [8, 8, 8, 8], [1, 0, 1, 0], [8, 8, 8, 8], [0, 1, 0, 1], [8, 8, 8, 8], [1, 0, 1, 0]]}, {"input": [[0, 0, 0, 0, 0], [0, 6, 0, 0, 0], [0, 0, 0, 0, 0], [0, 0, 0, 0, 0]], "output": [[8, 0, 8, 0, 0, 8, 0, 8, 0, 0], [0, 6, 0, 0, 0, 0, 6, 0, 0, 0], [8, 0, 8, 0, 0, 8, 0, 8, 0, 0], [0, 0, 0, 0, 0, 0, 0, 0, 0, 0], [8, 0, 8, 0, 0, 8, 0, 8, 0, 0], [0, 6, 0, 0, 0, 0, 6, 0, 0, 0], [8, 0, 8, 0, 0, 8, 0, 8, 0, 0], [0, 0, 0, 0, 0, 0, 0, 0, 0, 0]]}, {"input": [[0, 0, 6, 0, 0, 0], [0, 0, 0, 0, 0, 0]], "output": [[0, 0, 6, 0, 0, 0, 0, 0, 6, 0, 0, 0], [0, 8, 0, 8, 0, 0, 0, 8, 0, 8, 0, 0], [0, 0, 6, 0, 0, 0, 0, 0, 6, 0, 0, 0], [0, 8, 0, 8, 0, 0, 0, 8, 0, 8, 0, 0]]}, {"input": [[0, 0, 0], [1, 0, 0]], "output": [[0, 8, 8, 0, 8, 0], [1, 0, 0, 1, 0, 0], [0, 8, 8, 0, 8, 0], [1, 0, 0, 1, 0, 0]]}, {"input": [[0, 0, 0, 0, 0, 0], [4, 0, 0, 0, 0, 0], [0, 0, 0, 0, 0, 0], [0, 0, 0, 0, 0, 0]], "output": [[0, 8, 0, 0, 0, 8, 0, 8, 0, 0, 0, 0], [4, 0, 0, 0, 0, 0, 4, 0, 0, 0, 0, 0], [0, 8, 0, 0, 0, 8, 0, 8, 0, 0, 0, 0], [0, 0, 0, 0, 0, 0, 0, 0, 0, 0, 0, 0], [0, 8, 0, 0, 0, 8, 0, 8, 0, 0, 0, 0], [4, 0, 0, 0, 0, 0, 4, 0, 0, 0, 0, 0], [0, 8, 0, 0, 0, 8, 0, 8, 0, 0, 0, 0], [0, 0, 0, 0, 0, 0, 0, 0, 0, 0, 0, 0]]}, {"input": [[0, 0, 0, 0, 0, 0], [0, 0, 0, 0, 2, 0], [0, 0, 0, 0, 0, 0], [0, 0, 0, 0, 0, 0], [0, 2, 0, 0, 0, 0], [0, 0, 0, 0, 0, 0]], "output": [[0, 0, 0, 8, 0, 8, 0, 0, 0, 8, 0, 8], [0, 0, 0, 0, 2, 0, 0, 0, 0, 0, 2, 0], [0, 0, 0, 8, 0, 8, 0, 0, 0, 8, 0, 8], [8, 0, 8, 0, 0, 0, 8, 0, 8, 0, 0, 0], [0, 2, 0, 0, 0, 0, 0, 2, 0, 0, 0, 0], [8, 0, 8, 0, 0, 0, 8, 0, 8, 0, 0, 0], [0, 0, 0, 8, 0, 8, 0, 0, 0, 8, 0, 8], [0, 0, 0, 0, 2, 0, 0, 0, 0, 0, 2, 0], [0, 0, 0, 8, 0, 8, 0, 0, 0, 8, 0, 8], [8, 0, 8, 0, 0, 0, 8, 0, 8, 0, 0, 0], [0, 2, 0, 0, 0, 0, 0, 2, 0, 0, 0, 0], [8, 0, 8, 0, 0, 0, 8, 0, 8, 0, 0, 0]]}, {"input": [[0, 0, 0], [0, 4, 0]], "output": [[8, 0, 8, 8, 0, 8], [0, 4, 0, 0, 4, 0], [8, 0, 8, 8, 0, 8], [0, 4, 0, 0, 4, 0]]}, {"input": [[0, 0, 0, 0, 0, 0], [0, 0, 1, 0, 0, 0], [0, 0, 0, 0, 0, 0], [0, 0, 0, 0, 0, 0], [0, 0, 0, 0, 0, 1], [0, 0, 0, 0, 0, 0]], "output": [[0, 8, 0, 8, 0, 0, 0, 8, 0, 8, 0, 0], [0, 0, 1, 0, 0, 0, 0, 0, 1, 0, 0, 0], [0, 8, 0, 8, 0, 0, 0, 8, 0, 8, 0, 0], [0, 0, 0, 0, 8, 0, 8, 0, 0, 0, 8, 0], [0, 0, 0, 0, 0, 1, 0, 0, 0, 0, 0, 1], [0, 0, 0, 0, 8, 0, 8, 0, 0, 0, 8, 0], [0, 8, 0, 8, 0, 0, 0, 8, 0, 8, 0, 0], [0, 0, 1, 0, 0, 0, 0, 0, 1, 0, 0, 0], [0, 8, 0, 8, 0, 0, 0, 8, 0, 8, 0, 0], [0, 0, 0, 0, 8, 0, 8, 0, 0, 0, 8, 0], [0, 0, 0, 0, 0, 1, 0, 0, 0, 0, 0, 1], [0, 0, 0, 0, 8, 0, 8, 0, 0, 0, 8, 0]]}, {"input": [[0, 0, 9, 0, 0], [0, 0, 0, 0, 0], [0, 0, 0, 0, 0], [0, 9, 0, 0, 0], [0, 0, 0, 0, 0], [0, 0, 0, 0, 0]], "output": [[0, 0, 9, 0, 0, 0, 0, 9, 0, 0], [0, 8, 0, 8, 0, 0, 8, 0, 8, 0], [8, 0, 8, 0, 0, 8, 0, 8, 0, 0], [0, 9, 0, 0, 0, 0, 9, 0, 0, 0], [8, 0, 8, 0, 0, 8, 0, 8, 0, 0], [0, 8, 0, 8, 0, 0, 8, 0, 8, 0], [0, 0, 9, 0, 0, 0, 0, 9, 0, 0], [0, 8, 0, 8, 0, 0, 8, 0, 8, 0], [8, 0, 8, 0, 0, 8, 0, 8, 0, 0], [0, 9, 0, 0, 0, 0, 9, 0, 0, 0], [8, 0, 8, 0, 0, 8, 0, 8, 0, 0], [0, 0, 0, 0, 0, 0, 0, 0, 0, 0]]}, {"input": [[0, 1, 0, 0, 0, 0], [0, 0, 0, 0, 0, 0], [0, 1, 0, 0, 0, 0]], "output": [[0, 1, 0, 0, 0, 0, 0, 1, 0, 0, 0, 0], [8, 0, 8, 0, 0, 0, 8, 0, 8, 0, 0, 0], [8, 1, 8, 0, 0, 0, 8, 1, 8, 0, 0, 0], [8, 1, 8, 0, 0, 0, 8, 1, 8, 0, 0, 0], [8, 0, 8, 0, 0, 0, 8, 0, 8, 0, 0, 0], [0, 1, 0, 0, 0, 0, 0, 1, 0, 0, 0, 0]]}, {"input": [[0, 0, 0, 0, 9, 0], [0, 0, 0, 0, 0, 0], [0, 0, 0, 0, 0, 0]], "output": [[0, 0, 0, 0, 9, 0, 0, 0, 0, 0, 9, 0], [0, 0, 0, 8, 0, 8, 0, 0, 0, 8, 0, 8], [0, 0, 0, 8, 0, 8, 0, 0, 0, 8, 0, 8], [0, 0, 0, 0, 9, 0, 0, 0, 0, 0, 9, 0], [0, 0, 0, 8, 0, 8, 0, 0, 0, 8, 0, 8], [0, 0, 0, 0, 0, 0, 0, 0, 0, 0, 0, 0]]}, {"input": [[0, 4, 0, 0, 0], [0, 0, 0, 0, 0], [0, 0, 0, 0, 0], [0, 0, 0, 4, 0]], "output": [[0, 4, 0, 0, 0, 0, 4, 0, 0, 0], [8, 0, 8, 0, 0, 8, 0, 8, 0, 0], [0, 0, 8, 0, 8, 0, 0, 8, 0, 8], [8, 0, 8, 4, 0, 8, 0, 8, 4, 0], [0, 4, 8, 0, 8, 0, 4, 8, 0, 8], [8, 0, 8, 0, 0, 8, 0, 8, 0, 0], [0, 0, 8, 0, 8, 0, 0, 8, 0, 8], [0, 0, 0, 4, 0, 0, 0, 0, 4, 0]]}, {"input": [[0, 0, 3, 0, 0], [0, 0, 0, 0, 0], [0, 0, 0, 0, 0], [0, 0, 3, 0, 0], [0, 0, 0, 0, 0], [0, 0, 0, 0, 0]], "output": [[0, 0, 3, 0, 0, 0, 0, 3, 0, 0], [0, 8, 0, 8, 0, 0, 8, 0, 8, 0], [0, 8, 0, 8, 0, 0, 8, 0, 8, 0], [0, 0, 3, 0, 0, 0, 0, 3, 0, 0], [0, 8, 0, 8, 0, 0, 8, 0, 8, 0], [0, 8, 0, 8, 0, 0, 8, 0, 8, 0], [0, 0, 3, 0, 0, 0, 0, 3, 0, 0], [0, 8, 0, 8, 0, 0, 8, 0, 8, 0], [0, 8, 0, 8, 0, 0, 8, 0, 8, 0], [0, 0, 3, 0, 0, 0, 0, 3, 0, 0], [0, 8, 0, 8, 0, 0, 8, 0, 8, 0], [0, 0, 0, 0, 0, 0, 0, 0, 0, 0]]}, {"input": [[0, 0, 0], [5, 0, 0], [0, 0, 0], [0, 0, 0]], "output": [[0, 8, 8, 0, 8, 0], [5, 0, 0, 5, 0, 0], [0, 8, 8, 0, 8, 0], [0, 0, 0, 0, 0, 0], [0, 8, 8, 0, 8, 0], [5, 0, 0, 5, 0, 0], [0, 8, 8, 0, 8, 0], [0, 0, 0, 0, 0, 0]]}, {"input": [[0, 0, 0], [0, 1, 0], [0, 0, 0], [0, 0, 0]], "output": [[8, 0, 8, 8, 0, 8], [0, 1, 0, 0, 1, 0], [8, 0, 8, 8, 0, 8], [0, 0, 0, 0, 0, 0], [8, 0, 8, 8, 0, 8], [0, 1, 0, 0, 1, 0], [8, 0, 8, 8, 0, 8], [0, 0, 0, 0, 0, 0]]}, {"input": [[0, 0, 0, 0, 0], [0, 6, 0, 0, 0]], "output": [[8, 0, 8, 0, 0, 8, 0, 8, 0, 0], [0, 6, 0, 0, 0, 0, 6, 0, 0, 0], [8, 0, 8, 0, 0, 8, 0, 8, 0, 0], [0, 6, 0, 0, 0, 0, 6, 0, 0, 0]]}, {"input": [[0, 0, 0, 0, 0, 0], [0, 1, 0, 0, 0, 0]], "output": [[8, 0, 8, 0, 0, 0, 8, 0, 8, 0, 0, 0], [0, 1, 0, 0, 0, 0, 0, 1, 0, 0, 0, 0], [8, 0, 8, 0, 0, 0, 8, 0, 8, 0, 0, 0], [0, 1, 0, 0, 0, 0, 0, 1, 0, 0, 0, 0]]}, {"input": [[0, 0, 0, 0, 0], [0, 0, 7, 0, 0], [0, 0, 0, 0, 0], [0, 0, 0, 0, 0], [0, 0, 0, 7, 0], [0, 0, 0, 0, 0]], "output": [[0, 8, 0, 8, 0, 0, 8, 0, 8, 0], [0, 0, 7, 0, 0, 0, 0, 7, 0, 0], [0, 8, 0, 8, 0, 0, 8, 0, 8, 0], [0, 0, 8, 0, 8, 0, 0, 8, 0, 8], [0, 0, 0, 7, 0, 0, 0, 0, 7, 0], [0, 0, 8, 0, 8, 0, 0, 8, 0, 8], [0, 8, 0, 8, 0, 0, 8, 0, 8, 0], [0, 0, 7, 0, 0, 0, 0, 7, 0, 0], [0, 8, 0, 8, 0, 0, 8, 0, 8, 0], [0, 0, 8, 0, 8, 0, 0, 8, 0, 8], [0, 0, 0, 7, 0, 0, 0, 0, 7, 0], [0, 0, 8, 0, 8, 0, 0, 8, 0, 8]]}, {"input": [[0, 0, 0, 0, 0, 0], [0, 0, 0, 0, 7, 0], [0, 0, 0, 0, 0, 0], [0, 0, 0, 0, 0, 7]], "output": [[0, 0, 0, 8, 0, 8, 0, 0, 0, 8, 0, 8], [0, 0, 0, 0, 7, 0, 0, 0, 0, 0, 7, 0], [0, 0, 0, 8, 8, 8, 8, 0, 0, 8, 8, 8], [0, 0, 0, 0, 0, 7, 0, 0, 0, 0, 0, 7], [0, 0, 0, 8, 8, 8, 8, 0, 0, 8, 8, 8], [0, 0, 0, 0, 7, 0, 0, 0, 0, 0, 7, 0], [0, 0, 0, 8, 8, 8, 8, 0, 0, 8, 8, 8], [0, 0, 0, 0, 0, 7, 0, 0, 0, 0, 0, 7]]}, {"input": [[0, 0, 0, 0, 0], [0, 0, 7, 0, 0], [0, 0, 0, 0, 0]], "output": [[0, 8, 0, 8, 0, 0, 8, 0, 8, 0], [0, 0, 7, 0, 0, 0, 0, 7, 0, 0], [0, 8, 0, 8, 0, 0, 8, 0, 8, 0], [0, 8, 0, 8, 0, 0, 8, 0, 8, 0], [0, 0, 7, 0, 0, 0, 0, 7, 0, 0], [0, 8, 0, 8, 0, 0, 8, 0, 8, 0]]}, {"input": [[0, 5], [0, 0]], "output": [[0, 5, 0, 5], [8, 0, 8, 0], [0, 5, 0, 5], [8, 0, 8, 0]]}, {"input": [[0, 0], [0, 3], [0, 0]], "output": [[8, 0, 8, 0], [0, 3, 0, 3], [8, 0, 8, 0], [8, 0, 8, 0], [0, 3, 0, 3], [8, 0, 8, 0]]}, {"input": [[0, 0, 0, 0, 0], [0, 1, 0, 0, 0], [0, 0, 0, 0, 0]], "output": [[8, 0, 8, 0, 0, 8, 0, 8, 0, 0], [0, 1, 0, 0, 0, 0, 1, 0, 0, 0], [8, 0, 8, 0, 0, 8, 0, 8, 0, 0], [8, 0, 8, 0, 0, 8, 0, 8, 0, 0], [0, 1, 0, 0, 0, 0, 1, 0, 0, 0], [8, 0, 8, 0, 0, 8, 0, 8, 0, 0]]}, {"input": [[0, 0, 0, 0], [0, 0, 0, 6], [0, 0, 0, 0], [0, 6, 0, 0], [0, 0, 0, 0]], "output": [[0, 0, 8, 0, 8, 0, 8, 0], [0, 0, 0, 6, 0, 0, 0, 6], [8, 0, 8, 0, 8, 0, 8, 0], [0, 6, 0, 0, 0, 6, 0, 0], [8, 0, 8, 0, 8, 0, 8, 0], [0, 0, 8, 0, 8, 0, 8, 0], [0, 0, 0, 6, 0, 0, 0, 6], [8, 0, 8, 0, 8, 0, 8, 0], [0, 6, 0, 0, 0, 6, 0, 0], [8, 0, 8, 0, 8, 0, 8, 0]]}, {"input": [[0, 0, 0, 0, 0, 0], [0, 7, 0, 0, 0, 0], [0, 0, 0, 0, 0, 0], [0, 0, 0, 0, 0, 0], [0, 0, 0, 0, 0, 7]], "output": [[8, 0, 8, 0, 0, 0, 8, 0, 8, 0, 0, 0], [0, 7, 0, 0, 0, 0, 0, 7, 0, 0, 0, 0], [8, 0, 8, 0, 0, 0, 8, 0, 8, 0, 0, 0], [0, 0, 0, 0, 8, 0, 8, 0, 0, 0, 8, 0], [0, 0, 0, 0, 0, 7, 0, 0, 0, 0, 0, 7], [8, 0, 8, 0, 8, 0, 8, 0, 8, 0, 8, 0], [0, 7, 0, 0, 0, 0, 0, 7, 0, 0, 0, 0], [8, 0, 8, 0, 0, 0, 8, 0, 8, 0, 0, 0], [0, 0, 0, 0, 8, 0, 8, 0, 0, 0, 8, 0], [0, 0, 0, 0, 0, 7, 0, 0, 0, 0, 0, 7]]}, {"input": [[0, 0, 0, 0], [9, 0, 0, 0]], "output": [[0, 8, 0, 8, 0, 8, 0, 0], [9, 0, 0, 0, 9, 0, 0, 0], [0, 8, 0, 8, 0, 8, 0, 0], [9, 0, 0, 0, 9, 0, 0, 0]]}, {"input": [[0, 0, 0, 0], [0, 0, 3, 0], [0, 0, 0, 0], [0, 0, 0, 0], [0, 0, 0, 3]], "output": [[0, 8, 0, 8, 0, 8, 0, 8], [0, 0, 3, 0, 0, 0, 3, 0], [0, 8, 0, 8, 0, 8, 0, 8], [0, 0, 8, 0, 8, 0, 8, 0], [0, 0, 0, 3, 0, 0, 0, 3], [0, 8, 8, 8, 8, 8, 8, 8], [0, 0, 3, 0, 0, 0, 3, 0], [0, 8, 0, 8, 0, 8, 0, 8], [0, 0, 8, 0, 8, 0, 8, 0], [0, 0, 0, 3, 0, 0, 0, 3]]}, {"input": [[0, 0, 0, 0, 0, 0], [0, 0, 0, 0, 0, 3]], "output": [[0, 0, 0, 0, 8, 0, 8, 0, 0, 0, 8, 0], [0, 0, 0, 0, 0, 3, 0, 0, 0, 0, 0, 3], [0, 0, 0, 0, 8, 0, 8, 0, 0, 0, 8, 0], [0, 0, 0, 0, 0, 3, 0, 0, 0, 0, 0, 3]]}, {"input": [[0, 0, 0, 0, 0, 0], [0, 6, 0, 0, 0, 0], [0, 0, 0, 0, 0, 0], [0, 0, 0, 0, 0, 0], [0, 0, 0, 6, 0, 0], [0, 0, 0, 0, 0, 0]], "output": [[8, 0, 8, 0, 0, 0, 8, 0, 8, 0, 0, 0], [0, 6, 0, 0, 0, 0, 0, 6, 0, 0, 0, 0], [8, 0, 8, 0, 0, 0, 8, 0, 8, 0, 0, 0], [0, 0, 8, 0, 8, 0, 0, 0, 8, 0, 8, 0], [0, 0, 0, 6, 0, 0, 0, 0, 0, 6, 0, 0], [0, 0, 8, 0, 8, 0, 0, 0, 8, 0, 8, 0], [8, 0, 8, 0, 0, 0, 8, 0, 8, 0, 0, 0], [0, 6, 0, 0, 0, 0, 0, 6, 0, 0, 0, 0], [8, 0, 8, 0, 0, 0, 8, 0, 8, 0, 0, 0], [0, 0, 8, 0, 8, 0, 0, 0, 8, 0, 8, 0], [0, 0, 0, 6, 0, 0, 0, 0, 0, 6, 0, 0], [0, 0, 8, 0, 8, 0, 0, 0, 8, 0, 8, 0]]}, {"input": [[0, 3, 0, 0], [0, 0, 0, 0], [0, 3, 0, 0], [0, 0, 0, 0], [0, 0, 0, 3], [0, 0, 0, 0]], "output": [[0, 3, 0, 0, 0, 3, 0, 0], [8, 0, 8, 0, 8, 0, 8, 0], [0, 3, 0, 0, 0, 3, 0, 0], [8, 0, 8, 0, 8, 0, 8, 0], [0, 0, 0, 3, 0, 0, 0, 3], [8, 0, 8, 0, 8, 0, 8, 0], [0, 3, 0, 0, 0, 3, 0, 0], [8, 0, 8, 0, 8, 0, 8, 0], [0, 3, 0, 0, 0, 3, 0, 0], [8, 0, 8, 0, 8, 0, 8, 0], [0, 0, 0, 3, 0, 0, 0, 3], [0, 0, 8, 0, 8, 0, 8, 0]]}, {"input": [[0, 0, 0, 0, 0], [0, 0, 0, 0, 1], [0, 0, 0, 0, 0], [0, 1, 0, 0, 0], [0, 0, 0, 0, 0], [0, 0, 0, 0, 0]], "output": [[0, 0, 0, 8, 0, 8, 0, 0, 8, 0], [0, 0, 0, 0, 1, 0, 0, 0, 0, 1], [8, 0, 8, 8, 0, 8, 0, 8, 8, 0], [0, 1, 0, 0, 0, 0, 1, 0, 0, 0], [8, 0, 8, 0, 0, 8, 0, 8, 0, 0], [0, 0, 0, 0, 0, 0, 0, 0, 0, 0], [0, 0, 0, 8, 0, 8, 0, 0, 8, 0], [0, 0, 0, 0, 1, 0, 0, 0, 0, 1], [8, 0, 8, 8, 0, 8, 0, 8, 8, 0], [0, 1, 0, 0, 0, 0, 1, 0, 0, 0], [8, 0, 8, 0, 0, 8, 0, 8, 0, 0], [0, 0, 0, 0, 0, 0, 0, 0, 0, 0]]}, {"input": [[0, 3, 0], [0, 0, 0], [0, 0, 3], [0, 0, 0], [0, 0, 0], [3, 0, 0]], "output": [[0, 3, 0, 0, 3, 0], [8, 8, 8, 8, 8, 8], [0, 0, 3, 0, 0, 3], [0, 8, 0, 8, 8, 0], [0, 8, 8, 0, 8, 0], [3, 0, 8, 3, 0, 8], [0, 3, 8, 0, 3, 0], [8, 8, 8, 8, 8, 8], [0, 0, 3, 0, 0, 3], [0, 8, 0, 8, 8, 0], [0, 8, 8, 0, 8, 0], [3, 0, 0, 3, 0, 0]]}, {"input": [[0, 0, 0, 0, 0, 0], [0, 0, 0, 0, 0, 2]], "output": [[0, 0, 0, 0, 8, 0, 8, 0, 0, 0, 8, 0], [0, 0, 0, 0, 0, 2, 0, 0, 0, 0, 0, 2], [0, 0, 0, 0, 8, 0, 8, 0, 0, 0, 8, 0], [0, 0, 0, 0, 0, 2, 0, 0, 0, 0, 0, 2]]}, {"input": [[0, 7], [0, 0], [0, 0], [7, 0], [0, 0], [0, 7]], "output": [[0, 7, 0, 7], [8, 0, 8, 0], [0, 8, 0, 8], [7, 0, 7, 0], [8, 8, 8, 8], [8, 7, 8, 7], [8, 7, 8, 7], [8, 0, 8, 0], [0, 8, 0, 8], [7, 0, 7, 0], [8, 8, 8, 8], [0, 7, 0, 7]]}, {"input": [[0, 0, 9, 0], [0, 0, 0, 0], [0, 0, 0, 9], [0, 0, 0, 0], [0, 0, 0, 9], [0, 0, 0, 0]], "output": [[0, 0, 9, 0, 0, 0, 9, 0], [0, 8, 8, 8, 8, 8, 8, 8], [0, 0, 0, 9, 0, 0, 0, 9], [0, 0, 8, 0, 8, 0, 8, 0], [0, 0, 0, 9, 0, 0, 0, 9], [0, 8, 8, 8, 8, 8, 8, 8], [0, 0, 9, 0, 0, 0, 9, 0], [0, 8, 8, 8, 8, 8, 8, 8], [0, 0, 0, 9, 0, 0, 0, 9], [0, 0, 8, 0, 8, 0, 8, 0], [0, 0, 0, 9, 0, 0, 0, 9], [0, 0, 8, 0, 8, 0, 8, 0]]}, {"input": [[0, 0, 5, 0, 0], [0, 0, 0, 0, 0], [0, 0, 0, 0, 0], [5, 0, 0, 0, 0]], "output": [[0, 0, 5, 0, 0, 0, 0, 5, 0, 0], [0, 8, 0, 8, 0, 0, 8, 0, 8, 0], [0, 8, 0, 0, 8, 0, 8, 0, 0, 0], [5, 8, 0, 8, 0, 5, 8, 0, 8, 0], [0, 8, 5, 0, 8, 0, 8, 5, 0, 0], [0, 8, 0, 8, 0, 0, 8, 0, 8, 0], [0, 8, 0, 0, 8, 0, 8, 0, 0, 0], [5, 0, 0, 0, 0, 5, 0, 0, 0, 0]]}, {"input": [[0, 0, 0], [2, 0, 0], [0, 0, 0], [0, 0, 0], [2, 0, 0], [0, 0, 0]], "output": [[0, 8, 8, 0, 8, 0], [2, 0, 0, 2, 0, 0], [0, 8, 8, 0, 8, 0], [0, 8, 8, 0, 8, 0], [2, 0, 0, 2, 0, 0], [0, 8, 8, 0, 8, 0], [0, 8, 8, 0, 8, 0], [2, 0, 0, 2, 0, 0], [0, 8, 8, 0, 8, 0], [0, 8, 8, 0, 8, 0], [2, 0, 0, 2, 0, 0], [0, 8, 8, 0, 8, 0]]}, {"input": [[0, 0, 0, 0, 0, 0], [0, 0, 0, 7, 0, 0], [0, 0, 0, 0, 0, 0]], "output": [[0, 0, 8, 0, 8, 0, 0, 0, 8, 0, 8, 0], [0, 0, 0, 7, 0, 0, 0, 0, 0, 7, 0, 0], [0, 0, 8, 0, 8, 0, 0, 0, 8, 0, 8, 0], [0, 0, 8, 0, 8, 0, 0, 0, 8, 0, 8, 0], [0, 0, 0, 7, 0, 0, 0, 0, 0, 7, 0, 0], [0, 0, 8, 0, 8, 0, 0, 0, 8, 0, 8, 0]]}, {"input": [[0, 0, 0], [2, 0, 0], [0, 0, 0], [0, 0, 0], [2, 0, 0]], "output": [[0, 8, 8, 0, 8, 0], [2, 0, 0, 2, 0, 0], [0, 8, 8, 0, 8, 0], [0, 8, 8, 0, 8, 0], [2, 0, 0, 2, 0, 0], [0, 8, 8, 0, 8, 0], [2, 0, 0, 2, 0, 0], [0, 8, 8, 0, 8, 0], [0, 8, 8, 0, 8, 0], [2, 0, 0, 2, 0, 0]]}, {"input": [[0, 4], [0, 0]], "output": [[0, 4, 0, 4], [8, 0, 8, 0], [0, 4, 0, 4], [8, 0, 8, 0]]}, {"input": [[0, 0, 0, 0], [1, 0, 0, 0], [0, 0, 0, 0]], "output": [[0, 8, 0, 8, 0, 8, 0, 0], [1, 0, 0, 0, 1, 0, 0, 0], [0, 8, 0, 8, 0, 8, 0, 0], [0, 8, 0, 8, 0, 8, 0, 0], [1, 0, 0, 0, 1, 0, 0, 0], [0, 8, 0, 8, 0, 8, 0, 0]]}, {"input": [[0, 0, 5], [0, 0, 0], [0, 5, 0], [0, 0, 0], [0, 0, 0], [0, 5, 0]], "output": [[0, 0, 5, 0, 0, 5], [8, 8, 8, 8, 8, 8], [0, 5, 0, 0, 5, 0], [8, 0, 8, 8, 0, 8], [8, 0, 8, 8, 0, 8], [0, 5, 0, 8, 5, 0], [8, 0, 5, 8, 0, 5], [8, 8, 8, 8, 8, 8], [0, 5, 0, 0, 5, 0], [8, 0, 8, 8, 0, 8], [8, 0, 8, 8, 0, 8], [0, 5, 0, 0, 5, 0]]}, {"input": [[0, 0], [0, 5], [0, 0], [0, 0], [0, 5]], "output": [[8, 0, 8, 0], [0, 5, 0, 5], [8, 0, 8, 0], [8, 0, 8, 0], [0, 5, 0, 5], [8, 0, 8, 0], [0, 5, 0, 5], [8, 0, 8, 0], [8, 0, 8, 0], [0, 5, 0, 5]]}, {"input": [[0, 0, 0, 0], [6, 0, 0, 0], [0, 0, 0, 0], [0, 0, 0, 0], [6, 0, 0, 0]], "output": [[0, 8, 0, 8, 0, 8, 0, 0], [6, 0, 0, 0, 6, 0, 0, 0], [0, 8, 0, 8, 0, 8, 0, 0], [0, 8, 0, 8, 0, 8, 0, 0], [6, 0, 0, 0, 6, 0, 0, 0], [0, 8, 0, 8, 0, 8, 0, 0], [6, 0, 0, 0, 6, 0, 0, 0], [0, 8, 0, 8, 0, 8, 0, 0], [0, 8, 0, 8, 0, 8, 0, 0], [6, 0, 0, 0, 6, 0, 0, 0]]}, {"input": [[0, 6, 0], [0, 0, 0], [0, 0, 0], [0, 0, 6], [0, 0, 0], [0, 0, 0]], "output": [[0, 6, 0, 0, 6, 0], [8, 0, 8, 8, 0, 8], [0, 8, 0, 8, 8, 0], [0, 0, 6, 0, 0, 6], [0, 8, 0, 8, 8, 0], [8, 0, 8, 8, 0, 8], [0, 6, 0, 0, 6, 0], [8, 0, 8, 8, 0, 8], [0, 8, 0, 8, 8, 0], [0, 0, 6, 0, 0, 6], [0, 8, 0, 8, 8, 0], [0, 0, 0, 0, 0, 0]]}, {"input": [[0, 0, 0], [5, 0, 0], [0, 0, 0], [0, 5, 0], [0, 0, 0], [5, 0, 0]], "output": [[0, 8, 8, 0, 8, 0], [5, 0, 0, 5, 0, 0], [8, 8, 8, 8, 8, 8], [0, 5, 0, 0, 5, 0], [8, 8, 8, 8, 8, 8], [5, 0, 0, 5, 0, 0], [0, 8, 8, 0, 8, 0], [5, 0, 0, 5, 0, 0], [8, 8, 8, 8, 8, 8], [0, 5, 0, 0, 5, 0], [8, 8, 8, 8, 8, 8], [5, 0, 0, 5, 0, 0]]}, {"input": [[0, 0, 0, 0], [7, 0, 0, 0], [0, 0, 0, 0], [0, 0, 0, 0], [0, 0, 7, 0], [0, 0, 0, 0]], "output": [[0, 8, 0, 8, 0, 8, 0, 0], [7, 0, 0, 0, 7, 0, 0, 0], [0, 8, 0, 8, 0, 8, 0, 0], [0, 8, 0, 8, 0, 8, 0, 8], [0, 0, 7, 0, 0, 0, 7, 0], [0, 8, 0, 8, 0, 8, 0, 8], [0, 8, 0, 8, 0, 8, 0, 0], [7, 0, 0, 0, 7, 0, 0, 0], [0, 8, 0, 8, 0, 8, 0, 0], [0, 8, 0, 8, 0, 8, 0, 8], [0, 0, 7, 0, 0, 0, 7, 0], [0, 8, 0, 8, 0, 8, 0, 8]]}, {"input": [[1, 0, 0, 0, 0, 0], [0, 0, 0, 0, 0, 0], [1, 0, 0, 0, 0, 0], [0, 0, 0, 0, 0, 0], [0, 0, 0, 0, 0, 1]], "output": [[1, 0, 0, 0, 0, 0, 1, 0, 0, 0, 0, 0], [0, 8, 0, 0, 0, 8, 0, 8, 0, 0, 0, 0], [1, 0, 0, 0, 0, 0, 1, 0, 0, 0, 0, 0], [0, 8, 0, 0, 8, 8, 8, 8, 0, 0, 8, 0], [0, 8, 0, 0, 0, 1, 0, 8, 0, 0, 0, 1], [1, 0, 0, 0, 8, 0, 1, 0, 0, 0, 8, 0], [0, 8, 0, 0, 0, 8, 0, 8, 0, 0, 0, 0], [1, 0, 0, 0, 0, 0, 1, 0, 0, 0, 0, 0], [0, 8, 0, 0, 8, 8, 8, 8, 0, 0, 8, 0], [0, 0, 0, 0, 0, 1, 0, 0, 0, 0, 0, 1]]}, {"input": [[1, 0], [0, 0], [0, 0]], "output": [[1, 0, 1, 0], [0, 8, 0, 8], [0, 8, 0, 8], [1, 0, 1, 0], [0, 8, 0, 8], [0, 0, 0, 0]]}, {"input": [[0, 4, 0, 0], [0, 0, 0, 0]], "output": [[0, 4, 0, 0, 0, 4, 0, 0], [8, 0, 8, 0, 8, 0, 8, 0], [0, 4, 0, 0, 0, 4, 0, 0], [8, 0, 8, 0, 8, 0, 8, 0]]}, {"input": [[9, 0], [0, 0], [0, 0], [9, 0]], "output": [[9, 0, 9, 0], [0, 8, 0, 8], [0, 8, 0, 8], [9, 8, 9, 8], [9, 8, 9, 8], [0, 8, 0, 8], [0, 8, 0, 8], [9, 0, 9, 0]]}, {"input": [[1, 0], [0, 0], [0, 1], [0, 0]], "output": [[1, 0, 1, 0], [8, 8, 8, 8], [0, 1, 0, 1], [8, 8, 8, 8], [1, 0, 1, 0], [8, 8, 8, 8], [0, 1, 0, 1], [8, 0, 8, 0]]}, {"input": [[0, 0, 0, 0], [0, 0, 0, 3], [0, 0, 0, 0], [0, 3, 0, 0], [0, 0, 0, 0], [3, 0, 0, 0]], "output": [[0, 0, 8, 0, 8, 0, 8, 0], [0, 0, 0, 3, 0, 0, 0, 3], [8, 0, 8, 0, 8, 0, 8, 0], [0, 3, 0, 0, 0, 3, 0, 0], [8, 8, 8, 8, 8, 8, 8, 0], [3, 0, 0, 0, 3, 0, 0, 0], [0, 8, 8, 8, 8, 8, 8, 0], [0, 0, 0, 3, 0, 0, 0, 3], [8, 0, 8, 0, 8, 0, 8, 0], [0, 3, 0, 0, 0, 3, 0, 0], [8, 8, 8, 8, 8, 8, 8, 0], [3, 0, 0, 0, 3, 0, 0, 0]]}, {"input": [[0, 4], [0, 0], [0, 0], [0, 4], [0, 0]], "output": [[0, 4, 0, 4], [8, 0, 8, 0], [8, 0, 8, 0], [0, 4, 0, 4], [8, 0, 8, 0], [0, 4, 0, 4], [8, 0, 8, 0], [8, 0, 8, 0], [0, 4, 0, 4], [8, 0, 8, 0]]}, {"input": [[0, 0, 0, 7, 0, 0], [0, 0, 0, 0, 0, 0], [0, 0, 0, 7, 0, 0], [0, 0, 0, 0, 0, 0]], "output": [[0, 0, 0, 7, 0, 0, 0, 0, 0, 7, 0, 0], [0, 0, 8, 0, 8, 0, 0, 0, 8, 0, 8, 0], [0, 0, 0, 7, 0, 0, 0, 0, 0, 7, 0, 0], [0, 0, 8, 0, 8, 0, 0, 0, 8, 0, 8, 0], [0, 0, 0, 7, 0, 0, 0, 0, 0, 7, 0, 0], [0, 0, 8, 0, 8, 0, 0, 0, 8, 0, 8, 0], [0, 0, 0, 7, 0, 0, 0, 0, 0, 7, 0, 0], [0, 0, 8, 0, 8, 0, 0, 0, 8, 0, 8, 0]]}, {"input": [[0, 0, 0], [5, 0, 0], [0, 0, 0], [5, 0, 0], [0, 0, 0], [0, 0, 0]], "output": [[0, 8, 8, 0, 8, 0], [5, 0, 0, 5, 0, 0], [0, 8, 8, 0, 8, 0], [5, 0, 0, 5, 0, 0], [0, 8, 8, 0, 8, 0], [0, 0, 0, 0, 0, 0], [0, 8, 8, 0, 8, 0], [5, 0, 0, 5, 0, 0], [0, 8, 8, 0, 8, 0], [5, 0, 0, 5, 0, 0], [0, 8, 8, 0, 8, 0], [0, 0, 0, 0, 0, 0]]}, {"input": [[0, 0, 7, 0], [0, 0, 0, 0], [0, 0, 0, 0]], "output": [[0, 0, 7, 0, 0, 0, 7, 0], [0, 8, 0, 8, 0, 8, 0, 8], [0, 8, 0, 8, 0, 8, 0, 8], [0, 0, 7, 0, 0, 0, 7, 0], [0, 8, 0, 8, 0, 8, 0, 8], [0, 0, 0, 0, 0, 0, 0, 0]]}, {"input": [[0, 0, 0, 0, 0], [0, 6, 0, 0, 0], [0, 0, 0, 0, 0]], "output": [[8, 0, 8, 0, 0, 8, 0, 8, 0, 0], [0, 6, 0, 0, 0, 0, 6, 0, 0, 0], [8, 0, 8, 0, 0, 8, 0, 8, 0, 0], [8, 0, 8, 0, 0, 8, 0, 8, 0, 0], [0, 6, 0, 0, 0, 0, 6, 0, 0, 0], [8, 0, 8, 0, 0, 8, 0, 8, 0, 0]]}, {"input": [[0, 0, 0], [0, 3, 0]], "output": [[8, 0, 8, 8, 0, 8], [0, 3, 0, 0, 3, 0], [8, 0, 8, 8, 0, 8], [0, 3, 0, 0, 3, 0]]}, {"input": [[2, 0], [0, 0]], "output": [[2, 0, 2, 0], [0, 8, 0, 8], [2, 0, 2, 0], [0, 8, 0, 8]]}, {"input": [[0, 0, 2, 0, 0, 0], [0, 0, 0, 0, 0, 0]], "output": [[0, 0, 2, 0, 0, 0, 0, 0, 2, 0, 0, 0], [0, 8, 0, 8, 0, 0, 0, 8, 0, 8, 0, 0], [0, 0, 2, 0, 0, 0, 0, 0, 2, 0, 0, 0], [0, 8, 0, 8, 0, 0, 0, 8, 0, 8, 0, 0]]}, {"input": [[0, 0, 0, 0], [0, 4, 0, 0]], "output": [[8, 0, 8, 0, 8, 0, 8, 0], [0, 4, 0, 0, 0, 4, 0, 0], [8, 0, 8, 0, 8, 0, 8, 0], [0, 4, 0, 0, 0, 4, 0, 0]]}, {"input": [[9, 0, 0], [0, 0, 0], [9, 0, 0], [0, 0, 0], [0, 0, 0]], "output": [[9, 0, 0, 9, 0, 0], [0, 8, 8, 0, 8, 0], [9, 0, 0, 9, 0, 0], [0, 8, 8, 0, 8, 0], [0, 8, 8, 0, 8, 0], [9, 0, 0, 9, 0, 0], [0, 8, 8, 0, 8, 0], [9, 0, 0, 9, 0, 0], [0, 8, 8, 0, 8, 0], [0, 0, 0, 0, 0, 0]]}, {"input": [[3, 0], [0, 0]], "output": [[3, 0, 3, 0], [0, 8, 0, 8], [3, 0, 3, 0], [0, 8, 0, 8]]}, {"input": [[0, 0, 0, 0, 0, 0], [0, 0, 0, 0, 0, 3], [0, 0, 0, 0, 0, 0], [0, 0, 0, 0, 0, 0], [3, 0, 0, 0, 0, 0], [0, 0, 0, 0, 0, 0]], "output": [[0, 0, 0, 0, 8, 0, 8, 0, 0, 0, 8, 0], [0, 0, 0, 0, 0, 3, 0, 0, 0, 0, 0, 3], [0, 0, 0, 0, 8, 0, 8, 0, 0, 0, 8, 0], [0, 8, 0, 0, 0, 8, 0, 8, 0, 0, 0, 0], [3, 0, 0, 0, 0, 0, 3, 0, 0, 0, 0, 0], [0, 8, 0, 0, 0, 8, 0, 8, 0, 0, 0, 0], [0, 0, 0, 0, 8, 0, 8, 0, 0, 0, 8, 0], [0, 0, 0, 0, 0, 3, 0, 0, 0, 0, 0, 3], [0, 0, 0, 0, 8, 0, 8, 0, 0, 0, 8, 0], [0, 8, 0, 0, 0, 8, 0, 8, 0, 0, 0, 0], [3, 0, 0, 0, 0, 0, 3, 0, 0, 0, 0, 0], [0, 8, 0, 0, 0, 8, 0, 8, 0, 0, 0, 0]]}, {"input": [[0, 0], [0, 2]], "output": [[8, 0, 8, 0], [0, 2, 0, 2], [8, 0, 8, 0], [0, 2, 0, 2]]}, {"input": [[0, 0, 0, 0, 0, 0], [0, 0, 0, 4, 0, 0]], "output": [[0, 0, 8, 0, 8, 0, 0, 0, 8, 0, 8, 0], [0, 0, 0, 4, 0, 0, 0, 0, 0, 4, 0, 0], [0, 0, 8, 0, 8, 0, 0, 0, 8, 0, 8, 0], [0, 0, 0, 4, 0, 0, 0, 0, 0, 4, 0, 0]]}, {"input": [[0, 0, 0, 0, 9], [0, 0, 0, 0, 0], [0, 0, 0, 0, 0], [0, 0, 0, 0, 9], [0, 0, 0, 0, 0]], "output": [[0, 0, 0, 0, 9, 0, 0, 0, 0, 9], [0, 0, 0, 8, 0, 8, 0, 0, 8, 0], [0, 0, 0, 8, 0, 8, 0, 0, 8, 0], [0, 0, 0, 0, 9, 0, 0, 0, 0, 9], [0, 0, 0, 8, 0, 8, 0, 0, 8, 0], [0, 0, 0, 0, 9, 0, 0, 0, 0, 9], [0, 0, 0, 8, 0, 8, 0, 0, 8, 0], [0, 0, 0, 8, 0, 8, 0, 0, 8, 0], [0, 0, 0, 0, 9, 0, 0, 0, 0, 9], [0, 0, 0, 8, 0, 8, 0, 0, 8, 0]]}, {"input": [[7, 0, 0, 0], [0, 0, 0, 0], [0, 0, 0, 0], [7, 0, 0, 0]], "output": [[7, 0, 0, 0, 7, 0, 0, 0], [0, 8, 0, 8, 0, 8, 0, 0], [0, 8, 0, 8, 0, 8, 0, 0], [7, 8, 0, 8, 7, 8, 0, 0], [7, 8, 0, 8, 7, 8, 0, 0], [0, 8, 0, 8, 0, 8, 0, 0], [0, 8, 0, 8, 0, 8, 0, 0], [7, 0, 0, 0, 7, 0, 0, 0]]}, {"input": [[4, 0], [0, 0], [4, 0]], "output": [[4, 0, 4, 0], [0, 8, 0, 8], [4, 8, 4, 8], [4, 8, 4, 8], [0, 8, 0, 8], [4, 0, 4, 0]]}, {"input": [[0, 0], [4, 0], [0, 0], [0, 4], [0, 0]], "output": [[0, 8, 0, 8], [4, 0, 4, 0], [8, 8, 8, 8], [0, 4, 0, 4], [8, 0, 8, 0], [0, 8, 0, 8], [4, 0, 4, 0], [8, 8, 8, 8], [0, 4, 0, 4], [8, 0, 8, 0]]}, {"input": [[0, 0], [0, 2], [0, 0], [0, 0]], "output": [[8, 0, 8, 0], [0, 2, 0, 2], [8, 0, 8, 0], [0, 0, 0, 0], [8, 0, 8, 0], [0, 2, 0, 2], [8, 0, 8, 0], [0, 0, 0, 0]]}, {"input": [[0, 0, 0, 0, 0, 0], [0, 0, 0, 0, 0, 9]], "output": [[0, 0, 0, 0, 8, 0, 8, 0, 0, 0, 8, 0], [0, 0, 0, 0, 0, 9, 0, 0, 0, 0, 0, 9], [0, 0, 0, 0, 8, 0, 8, 0, 0, 0, 8, 0], [0, 0, 0, 0, 0, 9, 0, 0, 0, 0, 0, 9]]}, {"input": [[0, 0, 2, 0, 0, 0], [0, 0, 0, 0, 0, 0], [0, 0, 0, 0, 0, 0]], "output": [[0, 0, 2, 0, 0, 0, 0, 0, 2, 0, 0, 0], [0, 8, 0, 8, 0, 0, 0, 8, 0, 8, 0, 0], [0, 8, 0, 8, 0, 0, 0, 8, 0, 8, 0, 0], [0, 0, 2, 0, 0, 0, 0, 0, 2, 0, 0, 0], [0, 8, 0, 8, 0, 0, 0, 8, 0, 8, 0, 0], [0, 0, 0, 0, 0, 0, 0, 0, 0, 0, 0, 0]]}, {"input": [[0, 0, 0, 0], [0, 6, 0, 0], [0, 0, 0, 0], [0, 0, 0, 6], [0, 0, 0, 0], [0, 0, 0, 0]], "output": [[8, 0, 8, 0, 8, 0, 8, 0], [0, 6, 0, 0, 0, 6, 0, 0], [8, 0, 8, 0, 8, 0, 8, 0], [0, 0, 0, 6, 0, 0, 0, 6], [0, 0, 8, 0, 8, 0, 8, 0], [0, 0, 0, 0, 0, 0, 0, 0], [8, 0, 8, 0, 8, 0, 8, 0], [0, 6, 0, 0, 0, 6, 0, 0], [8, 0, 8, 0, 8, 0, 8, 0], [0, 0, 0, 6, 0, 0, 0, 6], [0, 0, 8, 0, 8, 0, 8, 0], [0, 0, 0, 0, 0, 0, 0, 0]]}, {"input": [[0, 7, 0, 0], [0, 0, 0, 0], [0, 0, 0, 0], [0, 7, 0, 0], [0, 0, 0, 0]], "output": [[0, 7, 0, 0, 0, 7, 0, 0], [8, 0, 8, 0, 8, 0, 8, 0], [8, 0, 8, 0, 8, 0, 8, 0], [0, 7, 0, 0, 0, 7, 0, 0], [8, 0, 8, 0, 8, 0, 8, 0], [0, 7, 0, 0, 0, 7, 0, 0], [8, 0, 8, 0, 8, 0, 8, 0], [8, 0, 8, 0, 8, 0, 8, 0], [0, 7, 0, 0, 0, 7, 0, 0], [8, 0, 8, 0, 8, 0, 8, 0]]}, {"input": [[0, 6, 0], [0, 0, 0], [0, 0, 0], [6, 0, 0], [0, 0, 0], [0, 0, 0]], "output": [[0, 6, 0, 0, 6, 0], [8, 0, 8, 8, 0, 8], [0, 8, 8, 0, 8, 0], [6, 0, 0, 6, 0, 0], [0, 8, 8, 0, 8, 0], [8, 0, 8, 8, 0, 8], [0, 6, 0, 0, 6, 0], [8, 0, 8, 8, 0, 8], [0, 8, 8, 0, 8, 0], [6, 0, 0, 6, 0, 0], [0, 8, 8, 0, 8, 0], [0, 0, 0, 0, 0, 0]]}, {"input": [[0, 0, 0, 0, 9, 0], [0, 0, 0, 0, 0, 0], [0, 0, 0, 0, 0, 0], [0, 9, 0, 0, 0, 0]], "output": [[0, 0, 0, 0, 9, 0, 0, 0, 0, 0, 9, 0], [0, 0, 0, 8, 0, 8, 0, 0, 0, 8, 0, 8], [8, 0, 8, 0, 0, 0, 8, 0, 8, 0, 0, 0], [0, 9, 0, 8, 0, 8, 0, 9, 0, 8, 0, 8], [8, 0, 8, 0, 9, 0, 8, 0, 8, 0, 9, 0], [0, 0, 0, 8, 0, 8, 0, 0, 0, 8, 0, 8], [8, 0, 8, 0, 0, 0, 8, 0, 8, 0, 0, 0], [0, 9, 0, 0, 0, 0, 0, 9, 0, 0, 0, 0]]}, {"input": [[0, 0, 6], [0, 0, 0], [0, 6, 0], [0, 0, 0]], "output": [[0, 0, 6, 0, 0, 6], [8, 8, 8, 8, 8, 8], [0, 6, 0, 0, 6, 0], [8, 8, 8, 8, 8, 8], [0, 0, 6, 0, 0, 6], [8, 8, 8, 8, 8, 8], [0, 6, 0, 0, 6, 0], [8, 0, 8, 8, 0, 8]]}, {"input": [[0, 0], [3, 0], [0, 0], [0, 0]], "output": [[0, 8, 0, 8], [3, 0, 3, 0], [0, 8, 0, 8], [0, 0, 0, 0], [0, 8, 0, 8], [3, 0, 3, 0], [0, 8, 0, 8], [0, 0, 0, 0]]}, {"input": [[0, 0, 2, 0, 0, 0], [0, 0, 0, 0, 0, 0], [0, 0, 0, 0, 0, 0], [0, 0, 2, 0, 0, 0], [0, 0, 0, 0, 0, 0]], "output": [[0, 0, 2, 0, 0, 0, 0, 0, 2, 0, 0, 0], [0, 8, 0, 8, 0, 0, 0, 8, 0, 8, 0, 0], [0, 8, 0, 8, 0, 0, 0, 8, 0, 8, 0, 0], [0, 0, 2, 0, 0, 0, 0, 0, 2, 0, 0, 0], [0, 8, 0, 8, 0, 0, 0, 8, 0, 8, 0, 0], [0, 0, 2, 0, 0, 0, 0, 0, 2, 0, 0, 0], [0, 8, 0, 8, 0, 0, 0, 8, 0, 8, 0, 0], [0, 8, 0, 8, 0, 0, 0, 8, 0, 8, 0, 0], [0, 0, 2, 0, 0, 0, 0, 0, 2, 0, 0, 0], [0, 8, 0, 8, 0, 0, 0, 8, 0, 8, 0, 0]]}, {"input": [[0, 0, 6, 0, 0, 0], [0, 0, 0, 0, 0, 0], [0, 0, 0, 0, 0, 0], [6, 0, 0, 0, 0, 0], [0, 0, 0, 0, 0, 0]], "output": [[0, 0, 6, 0, 0, 0, 0, 0, 6, 0, 0, 0], [0, 8, 0, 8, 0, 0, 0, 8, 0, 8, 0, 0], [0, 8, 0, 0, 0, 8, 0, 8, 0, 0, 0, 0], [6, 0, 0, 0, 0, 0, 6, 0, 0, 0, 0, 0], [0, 8, 0, 8, 0, 8, 0, 8, 0, 8, 0, 0], [0, 0, 6, 0, 0, 0, 0, 0, 6, 0, 0, 0], [0, 8, 0, 8, 0, 0, 0, 8, 0, 8, 0, 0], [0, 8, 0, 0, 0, 8, 0, 8, 0, 0, 0, 0], [6, 0, 0, 0, 0, 0, 6, 0, 0, 0, 0, 0], [0, 8, 0, 0, 0, 8, 0, 8, 0, 0, 0, 0]]}, {"input": [[2, 0, 0], [0, 0, 0], [2, 0, 0], [0, 0, 0]], "output": [[2, 0, 0, 2, 0, 0], [0, 8, 8, 0, 8, 0], [2, 0, 0, 2, 0, 0], [0, 8, 8, 0, 8, 0], [2, 0, 0, 2, 0, 0], [0, 8, 8, 0, 8, 0], [2, 0, 0, 2, 0, 0], [0, 8, 8, 0, 8, 0]]}, {"input": [[0, 0, 0, 0], [0, 0, 7, 0]], "output": [[0, 8, 0, 8, 0, 8, 0, 8], [0, 0, 7, 0, 0, 0, 7, 0], [0, 8, 0, 8, 0, 8, 0, 8], [0, 0, 7, 0, 0, 0, 7, 0]]}, {"input": [[6, 0, 0], [0, 0, 0], [0, 0, 0], [6, 0, 0]], "output": [[6, 0, 0, 6, 0, 0], [0, 8, 8, 0, 8, 0], [0, 8, 8, 0, 8, 0], [6, 8, 8, 6, 8, 0], [6, 8, 8, 6, 8, 0], [0, 8, 8, 0, 8, 0], [0, 8, 8, 0, 8, 0], [6, 0, 0, 6, 0, 0]]}, {"input": [[0, 4], [0, 0], [0, 0], [0, 4], [0, 0], [0, 0]], "output": [[0, 4, 0, 4], [8, 0, 8, 0], [8, 0, 8, 0], [0, 4, 0, 4], [8, 0, 8, 0], [8, 0, 8, 0], [0, 4, 0, 4], [8, 0, 8, 0], [8, 0, 8, 0], [0, 4, 0, 4], [8, 0, 8, 0], [0, 0, 0, 0]]}, {"input": [[0, 0, 0, 0], [0, 2, 0, 0], [0, 0, 0, 0], [0, 0, 2, 0]], "output": [[8, 0, 8, 0, 8, 0, 8, 0], [0, 2, 0, 0, 0, 2, 0, 0], [8, 8, 8, 8, 8, 8, 8, 8], [0, 0, 2, 0, 0, 0, 2, 0], [8, 8, 8, 8, 8, 8, 8, 8], [0, 2, 0, 0, 0, 2, 0, 0], [8, 8, 8, 8, 8, 8, 8, 8], [0, 0, 2, 0, 0, 0, 2, 0]]}, {"input": [[0, 0, 0, 0], [0, 0, 3, 0], [0, 0, 0, 0], [0, 3, 0, 0]], "output": [[0, 8, 0, 8, 0, 8, 0, 8], [0, 0, 3, 0, 0, 0, 3, 0], [8, 8, 8, 8, 8, 8, 8, 8], [0, 3, 0, 0, 0, 3, 0, 0], [8, 8, 8, 8, 8, 8, 8, 8], [0, 0, 3, 0, 0, 0, 3, 0], [8, 8, 8, 8, 8, 8, 8, 8], [0, 3, 0, 0, 0, 3, 0, 0]]}, {"input": [[0, 0, 4, 0, 0], [0, 0, 0, 0, 0], [4, 0, 0, 0, 0], [0, 0, 0, 0, 0], [0, 0, 0, 0, 0], [0, 0, 0, 0, 4]], "output": [[0, 0, 4, 0, 0, 0, 0, 4, 0, 0], [0, 8, 0, 8, 8, 0, 8, 0, 8, 0], [4, 0, 0, 0, 0, 4, 0, 0, 0, 0], [0, 8, 0, 0, 8, 0, 8, 0, 0, 0], [0, 0, 0, 8, 0, 8, 0, 0, 8, 0], [0, 8, 0, 8, 4, 0, 8, 0, 8, 4], [0, 0, 4, 8, 0, 8, 0, 4, 8, 0], [0, 8, 0, 8, 8, 0, 8, 0, 8, 0], [4, 0, 0, 0, 0, 4, 0, 0, 0, 0], [0, 8, 0, 0, 8, 0, 8, 0, 0, 0], [0, 0, 0, 8, 0, 8, 0, 0, 8, 0], [0, 0, 0, 0, 4, 0, 0, 0, 0, 4]]}, {"input": [[0, 0, 6], [0, 0, 0], [0, 0, 0], [6, 0, 0]], "output": [[0, 0, 6, 0, 0, 6], [0, 8, 0, 8, 8, 0], [0, 8, 8, 0, 8, 0], [6, 8, 0, 6, 8, 0], [0, 8, 6, 0, 8, 6], [0, 8, 0, 8, 8, 0], [0, 8, 8, 0, 8, 0], [6, 0, 0, 6, 0, 0]]}, {"input": [[0, 0], [0, 7], [0, 0], [0, 0]], "output": [[8, 0, 8, 0], [0, 7, 0, 7], [8, 0, 8, 0], [0, 0, 0, 0], [8, 0, 8, 0], [0, 7, 0, 7], [8, 0, 8, 0], [0, 0, 0, 0]]}, {"input": [[0, 0, 0, 4, 0, 0], [0, 0, 0, 0, 0, 0]], "output": [[0, 0, 0, 4, 0, 0, 0, 0, 0, 4, 0, 0], [0, 0, 8, 0, 8, 0, 0, 0, 8, 0, 8, 0], [0, 0, 0, 4, 0, 0, 0, 0, 0, 4, 0, 0], [0, 0, 8, 0, 8, 0, 0, 0, 8, 0, 8, 0]]}, {"input": [[0, 0], [0, 7]], "output": [[8, 0, 8, 0], [0, 7, 0, 7], [8, 0, 8, 0], [0, 7, 0, 7]]}, {"input": [[1, 0, 0, 0], [0, 0, 0, 0], [0, 1, 0, 0], [0, 0, 0, 0]], "output": [[1, 0, 0, 0, 1, 0, 0, 0], [8, 8, 8, 8, 8, 8, 8, 0], [0, 1, 0, 0, 0, 1, 0, 0], [8, 8, 8, 8, 8, 8, 8, 0], [1, 0, 0, 0, 1, 0, 0, 0], [8, 8, 8, 8, 8, 8, 8, 0], [0, 1, 0, 0, 0, 1, 0, 0], [8, 0, 8, 0, 8, 0, 8, 0]]}, {"input": [[0, 0, 0, 0, 3, 0], [0, 0, 0, 0, 0, 0], [0, 0, 0, 0, 0, 0]], "output": [[0, 0, 0, 0, 3, 0, 0, 0, 0, 0, 3, 0], [0, 0, 0, 8, 0, 8, 0, 0, 0, 8, 0, 8], [0, 0, 0, 8, 0, 8, 0, 0, 0, 8, 0, 8], [0, 0, 0, 0, 3, 0, 0, 0, 0, 0, 3, 0], [0, 0, 0, 8, 0, 8, 0, 0, 0, 8, 0, 8], [0, 0, 0, 0, 0, 0, 0, 0, 0, 0, 0, 0]]}, {"input": [[0, 6, 0], [0, 0, 0]], "output": [[0, 6, 0, 0, 6, 0], [8, 0, 8, 8, 0, 8], [0, 6, 0, 0, 6, 0], [8, 0, 8, 8, 0, 8]]}, {"input": [[0, 0, 7, 0], [0, 0, 0, 0]], "output": [[0, 0, 7, 0, 0, 0, 7, 0], [0, 8, 0, 8, 0, 8, 0, 8], [0, 0, 7, 0, 0, 0, 7, 0], [0, 8, 0, 8, 0, 8, 0, 8]]}, {"input": [[0, 0, 0, 0], [0, 0, 0, 2], [0, 0, 0, 0], [0, 0, 0, 0]], "output": [[0, 0, 8, 0, 8, 0, 8, 0], [0, 0, 0, 2, 0, 0, 0, 2], [0, 0, 8, 0, 8, 0, 8, 0], [0, 0, 0, 0, 0, 0, 0, 0], [0, 0, 8, 0, 8, 0, 8, 0], [0, 0, 0, 2, 0, 0, 0, 2], [0, 0, 8, 0, 8, 0, 8, 0], [0, 0, 0, 0, 0, 0, 0, 0]]}, {"input": [[0, 0, 0, 0, 0, 0], [0, 5, 0, 0, 0, 0], [0, 0, 0, 0, 0, 0], [0, 0, 0, 0, 0, 0], [5, 0, 0, 0, 0, 0]], "output": [[8, 0, 8, 0, 0, 0, 8, 0, 8, 0, 0, 0], [0, 5, 0, 0, 0, 0, 0, 5, 0, 0, 0, 0], [8, 0, 8, 0, 0, 0, 8, 0, 8, 0, 0, 0], [0, 8, 0, 0, 0, 8, 0, 8, 0, 0, 0, 0], [5, 0, 0, 0, 0, 0, 5, 0, 0, 0, 0, 0], [8, 8, 8, 0, 0, 8, 8, 8, 8, 0, 0, 0], [0, 5, 0, 0, 0, 0, 0, 5, 0, 0, 0, 0], [8, 0, 8, 0, 0, 0, 8, 0, 8, 0, 0, 0], [0, 8, 0, 0, 0, 8, 0, 8, 0, 0, 0, 0], [5, 0, 0, 0, 0, 0, 5, 0, 0, 0, 0, 0]]}, {"input": [[0, 0, 0, 0, 0, 0], [0, 7, 0, 0, 0, 0], [0, 0, 0, 0, 0, 0], [0, 0, 0, 0, 0, 0], [0, 0, 7, 0, 0, 0], [0, 0, 0, 0, 0, 0]], "output": [[8, 0, 8, 0, 0, 0, 8, 0, 8, 0, 0, 0], [0, 7, 0, 0, 0, 0, 0, 7, 0, 0, 0, 0], [8, 0, 8, 0, 0, 0, 8, 0, 8, 0, 0, 0], [0, 8, 0, 8, 0, 0, 0, 8, 0, 8, 0, 0], [0, 0, 7, 0, 0, 0, 0, 0, 7, 0, 0, 0], [0, 8, 0, 8, 0, 0, 0, 8, 0, 8, 0, 0], [8, 0, 8, 0, 0, 0, 8, 0, 8, 0, 0, 0], [0, 7, 0, 0, 0, 0, 0, 7, 0, 0, 0, 0], [8, 0, 8, 0, 0, 0, 8, 0, 8, 0, 0, 0], [0, 8, 0, 8, 0, 0, 0, 8, 0, 8, 0, 0], [0, 0, 7, 0, 0, 0, 0, 0, 7, 0, 0, 0], [0, 8, 0, 8, 0, 0, 0, 8, 0, 8, 0, 0]]}, {"input": [[0, 0, 0, 0, 0], [0, 0, 0, 7, 0]], "output": [[0, 0, 8, 0, 8, 0, 0, 8, 0, 8], [0, 0, 0, 7, 0, 0, 0, 0, 7, 0], [0, 0, 8, 0, 8, 0, 0, 8, 0, 8], [0, 0, 0, 7, 0, 0, 0, 0, 7, 0]]}, {"input": [[0, 0, 0, 0, 0, 2], [0, 0, 0, 0, 0, 0]], "output": [[0, 0, 0, 0, 0, 2, 0, 0, 0, 0, 0, 2], [0, 0, 0, 0, 8, 0, 8, 0, 0, 0, 8, 0], [0, 0, 0, 0, 0, 2, 0, 0, 0, 0, 0, 2], [0, 0, 0, 0, 8, 0, 8, 0, 0, 0, 8, 0]]}, {"input": [[7, 0, 0], [0, 0, 0], [0, 7, 0], [0, 0, 0], [0, 0, 7]], "output": [[7, 0, 0, 7, 0, 0], [8, 8, 8, 8, 8, 8], [0, 7, 0, 0, 7, 0], [8, 8, 8, 8, 8, 8], [0, 8, 7, 0, 8, 7], [7, 8, 0, 7, 8, 0], [8, 8, 8, 8, 8, 8], [0, 7, 0, 0, 7, 0], [8, 8, 8, 8, 8, 8], [0, 0, 7, 0, 0, 7]]}, {"input": [[0, 0], [2, 0], [0, 0], [0, 0]], "output": [[0, 8, 0, 8], [2, 0, 2, 0], [0, 8, 0, 8], [0, 0, 0, 0], [0, 8, 0, 8], [2, 0, 2, 0], [0, 8, 0, 8], [0, 0, 0, 0]]}, {"input": [[0, 0, 0, 0], [0, 0, 1, 0], [0, 0, 0, 0]], "output": [[0, 8, 0, 8, 0, 8, 0, 8], [0, 0, 1, 0, 0, 0, 1, 0], [0, 8, 0, 8, 0, 8, 0, 8], [0, 8, 0, 8, 0, 8, 0, 8], [0, 0, 1, 0, 0, 0, 1, 0], [0, 8, 0, 8, 0, 8, 0, 8]]}, {"input": [[0, 0, 0, 0, 0], [0, 0, 0, 3, 0], [0, 0, 0, 0, 0], [0, 0, 0, 0, 0], [0, 3, 0, 0, 0]], "output": [[0, 0, 8, 0, 8, 0, 0, 8, 0, 8], [0, 0, 0, 3, 0, 0, 0, 0, 3, 0], [0, 0, 8, 0, 8, 0, 0, 8, 0, 8], [8, 0, 8, 0, 0, 8, 0, 8, 0, 0], [0, 3, 0, 0, 0, 0, 3, 0, 0, 0], [8, 0, 8, 0, 8, 8, 0, 8, 0, 8], [0, 0, 0, 3, 0, 0, 0, 0, 3, 0], [0, 0, 8, 0, 8, 0, 0, 8, 0, 8], [8, 0, 8, 0, 0, 8, 0, 8, 0, 0], [0, 3, 0, 0, 0, 0, 3, 0, 0, 0]]}, {"input": [[0, 0], [5, 0]], "output": [[0, 8, 0, 8], [5, 0, 5, 0], [0, 8, 0, 8], [5, 0, 5, 0]]}, {"input": [[2, 0, 0], [0, 0, 0], [0, 0, 0], [0, 2, 0]], "output": [[2, 0, 0, 2, 0, 0], [0, 8, 8, 0, 8, 0], [8, 0, 8, 8, 0, 8], [0, 2, 8, 0, 2, 0], [2, 0, 8, 2, 0, 8], [0, 8, 8, 0, 8, 0], [8, 0, 8, 8, 0, 8], [0, 2, 0, 0, 2, 0]]}, {"input": [[0, 0, 0, 0, 0], [0, 5, 0, 0, 0], [0, 0, 0, 0, 0], [5, 0, 0, 0, 0], [0, 0, 0, 0, 0]], "output": [[8, 0, 8, 0, 0, 8, 0, 8, 0, 0], [0, 5, 0, 0, 0, 0, 5, 0, 0, 0], [8, 8, 8, 0, 8, 8, 8, 8, 0, 0], [5, 0, 0, 0, 0, 5, 0, 0, 0, 0], [0, 8, 0, 0, 8, 0, 8, 0, 0, 0], [8, 0, 8, 0, 0, 8, 0, 8, 0, 0], [0, 5, 0, 0, 0, 0, 5, 0, 0, 0], [8, 8, 8, 0, 8, 8, 8, 8, 0, 0], [5, 0, 0, 0, 0, 5, 0, 0, 0, 0], [0, 8, 0, 0, 8, 0, 8, 0, 0, 0]]}, {"input": [[0, 3, 0], [0, 0, 0], [0, 3, 0], [0, 0, 0], [3, 0, 0], [0, 0, 0]], "output": [[0, 3, 0, 0, 3, 0], [8, 0, 8, 8, 0, 8], [0, 3, 0, 0, 3, 0], [8, 8, 8, 8, 8, 8], [3, 0, 0, 3, 0, 0], [8, 8, 8, 8, 8, 8], [0, 3, 0, 0, 3, 0], [8, 0, 8, 8, 0, 8], [0, 3, 0, 0, 3, 0], [8, 8, 8, 8, 8, 8], [3, 0, 0, 3, 0, 0], [0, 8, 8, 0, 8, 0]]}, {"input": [[0, 0], [0, 3], [0, 0], [3, 0], [0, 0], [3, 0]], "output": [[8, 0, 8, 0], [0, 3, 0, 3], [8, 8, 8, 8], [3, 0, 3, 0], [0, 8, 0, 8], [3, 0, 3, 0], [8, 8, 8, 8], [0, 3, 0, 3], [8, 8, 8, 8], [3, 0, 3, 0], [0, 8, 0, 8], [3, 0, 3, 0]]}, {"input": [[0, 1], [0, 0]], "output": [[0, 1, 0, 1], [8, 0, 8, 0], [0, 1, 0, 1], [8, 0, 8, 0]]}, {"input": [[0, 0], [0, 9], [0, 0], [0, 0], [9, 0]], "output": [[8, 0, 8, 0], [0, 9, 0, 9], [8, 0, 8, 0], [0, 8, 0, 8], [9, 0, 9, 0], [8, 8, 8, 8], [0, 9, 0, 9], [8, 0, 8, 0], [0, 8, 0, 8], [9, 0, 9, 0]]}, {"input": [[0, 4], [0, 0], [0, 0], [4, 0]], "output": [[0, 4, 0, 4], [8, 0, 8, 0], [0, 8, 0, 8], [4, 0, 4, 0], [0, 4, 0, 4], [8, 0, 8, 0], [0, 8, 0, 8], [4, 0, 4, 0]]}, {"input": [[0, 7, 0, 0], [0, 0, 0, 0]], "output": [[0, 7, 0, 0, 0, 7, 0, 0], [8, 0, 8, 0, 8, 0, 8, 0], [0, 7, 0, 0, 0, 7, 0, 0], [8, 0, 8, 0, 8, 0, 8, 0]]}, {"input": [[0, 5, 0, 0], [0, 0, 0, 0], [5, 0, 0, 0], [0, 0, 0, 0], [0, 0, 0, 0], [0, 5, 0, 0]], "output": [[0, 5, 0, 0, 0, 5, 0, 0], [8, 8, 8, 8, 8, 8, 8, 0], [5, 0, 0, 0, 5, 0, 0, 0], [0, 8, 0, 8, 0, 8, 0, 0], [8, 0, 8, 0, 8, 0, 8, 0], [8, 5, 8, 0, 8, 5, 8, 0], [8, 5, 8, 0, 8, 5, 8, 0], [8, 8, 8, 8, 8, 8, 8, 0], [5, 0, 0, 0, 5, 0, 0, 0], [0, 8, 0, 8, 0, 8, 0, 0], [8, 0, 8, 0, 8, 0, 8, 0], [0, 5, 0, 0, 0, 5, 0, 0]]}, {"input": [[0, 0, 0], [0, 0, 9], [0, 0, 0], [0, 0, 0]], "output": [[0, 8, 0, 8, 8, 0], [0, 0, 9, 0, 0, 9], [0, 8, 0, 8, 8, 0], [0, 0, 0, 0, 0, 0], [0, 8, 0, 8, 8, 0], [0, 0, 9, 0, 0, 9], [0, 8, 0, 8, 8, 0], [0, 0, 0, 0, 0, 0]]}, {"input": [[0, 0], [6, 0], [0, 0], [6, 0], [0, 0]], "output": [[0, 8, 0, 8], [6, 0, 6, 0], [0, 8, 0, 8], [6, 0, 6, 0], [0, 8, 0, 8], [0, 8, 0, 8], [6, 0, 6, 0], [0, 8, 0, 8], [6, 0, 6, 0], [0, 8, 0, 8]]}, {"input": [[0, 0, 4, 0, 0, 0], [0, 0, 0, 0, 0, 0]], "output": [[0, 0, 4, 0, 0, 0, 0, 0, 4, 0, 0, 0], [0, 8, 0, 8, 0, 0, 0, 8, 0, 8, 0, 0], [0, 0, 4, 0, 0, 0, 0, 0, 4, 0, 0, 0], [0, 8, 0, 8, 0, 0, 0, 8, 0, 8, 0, 0]]}, {"input": [[0, 0], [0, 1], [0, 0], [0, 0], [0, 1]], "output": [[8, 0, 8, 0], [0, 1, 0, 1], [8, 0, 8, 0], [8, 0, 8, 0], [0, 1, 0, 1], [8, 0, 8, 0], [0, 1, 0, 1], [8, 0, 8, 0], [8, 0, 8, 0], [0, 1, 0, 1]]}, {"input": [[0, 1], [0, 0], [1, 0], [0, 0]], "output": [[0, 1, 0, 1], [8, 8, 8, 8], [1, 0, 1, 0], [8, 8, 8, 8], [0, 1, 0, 1], [8, 8, 8, 8], [1, 0, 1, 0], [0, 8, 0, 8]]}, {"input": [[0, 0, 0, 0, 0, 0], [0, 0, 0, 0, 1, 0], [0, 0, 0, 0, 0, 0]], "output": [[0, 0, 0, 8, 0, 8, 0, 0, 0, 8, 0, 8], [0, 0, 0, 0, 1, 0, 0, 0, 0, 0, 1, 0], [0, 0, 0, 8, 0, 8, 0, 0, 0, 8, 0, 8], [0, 0, 0, 8, 0, 8, 0, 0, 0, 8, 0, 8], [0, 0, 0, 0, 1, 0, 0, 0, 0, 0, 1, 0], [0, 0, 0, 8, 0, 8, 0, 0, 0, 8, 0, 8]]}, {"input": [[0, 0, 0], [0, 7, 0], [0, 0, 0], [0, 0, 0]], "output": [[8, 0, 8, 8, 0, 8], [0, 7, 0, 0, 7, 0], [8, 0, 8, 8, 0, 8], [0, 0, 0, 0, 0, 0], [8, 0, 8, 8, 0, 8], [0, 7, 0, 0, 7, 0], [8, 0, 8, 8, 0, 8], [0, 0, 0, 0, 0, 0]]}, {"input": [[0, 0, 0, 0, 0, 0], [0, 3, 0, 0, 0, 0], [0, 0, 0, 0, 0, 0], [0, 0, 0, 0, 0, 0], [0, 0, 0, 3, 0, 0], [0, 0, 0, 0, 0, 0]], "output": [[8, 0, 8, 0, 0, 0, 8, 0, 8, 0, 0, 0], [0, 3, 0, 0, 0, 0, 0, 3, 0, 0, 0, 0], [8, 0, 8, 0, 0, 0, 8, 0, 8, 0, 0, 0], [0, 0, 8, 0, 8, 0, 0, 0, 8, 0, 8, 0], [0, 0, 0, 3, 0, 0, 0, 0, 0, 3, 0, 0], [0, 0, 8, 0, 8, 0, 0, 0, 8, 0, 8, 0], [8, 0, 8, 0, 0, 0, 8, 0, 8, 0, 0, 0], [0, 3, 0, 0, 0, 0, 0, 3, 0, 0, 0, 0], [8, 0, 8, 0, 0, 0, 8, 0, 8, 0, 0, 0], [0, 0, 8, 0, 8, 0, 0, 0, 8, 0, 8, 0], [0, 0, 0, 3, 0, 0, 0, 0, 0, 3, 0, 0], [0, 0, 8, 0, 8, 0, 0, 0, 8, 0, 8, 0]]}, {"input": [[0, 0, 0, 0], [0, 0, 0, 7], [0, 0, 0, 0], [0, 0, 7, 0], [0, 0, 0, 0], [0, 0, 0, 0]], "output": [[0, 0, 8, 0, 8, 0, 8, 0], [0, 0, 0, 7, 0, 0, 0, 7], [0, 8, 8, 8, 8, 8, 8, 8], [0, 0, 7, 0, 0, 0, 7, 0], [0, 8, 0, 8, 0, 8, 0, 8], [0, 0, 0, 0, 0, 0, 0, 0], [0, 0, 8, 0, 8, 0, 8, 0], [0, 0, 0, 7, 0, 0, 0, 7], [0, 8, 8, 8, 8, 8, 8, 8], [0, 0, 7, 0, 0, 0, 7, 0], [0, 8, 0, 8, 0, 8, 0, 8], [0, 0, 0, 0, 0, 0, 0, 0]]}, {"input": [[0, 0, 0, 0, 0], [0, 0, 9, 0, 0], [0, 0, 0, 0, 0], [0, 0, 0, 9, 0]], "output": [[0, 8, 0, 8, 0, 0, 8, 0, 8, 0], [0, 0, 9, 0, 0, 0, 0, 9, 0, 0], [0, 8, 8, 8, 8, 0, 8, 8, 8, 8], [0, 0, 0, 9, 0, 0, 0, 0, 9, 0], [0, 8, 8, 8, 8, 0, 8, 8, 8, 8], [0, 0, 9, 0, 0, 0, 0, 9, 0, 0], [0, 8, 8, 8, 8, 0, 8, 8, 8, 8], [0, 0, 0, 9, 0, 0, 0, 0, 9, 0]]}, {"input": [[0, 0, 0, 0], [7, 0, 0, 0], [0, 0, 0, 0]], "output": [[0, 8, 0, 8, 0, 8, 0, 0], [7, 0, 0, 0, 7, 0, 0, 0], [0, 8, 0, 8, 0, 8, 0, 0], [0, 8, 0, 8, 0, 8, 0, 0], [7, 0, 0, 0, 7, 0, 0, 0], [0, 8, 0, 8, 0, 8, 0, 0]]}, {"input": [[0, 0], [1, 0]], "output": [[0, 8, 0, 8], [1, 0, 1, 0], [0, 8, 0, 8], [1, 0, 1, 0]]}, {"input": [[0, 6, 0, 0, 0, 0], [0, 0, 0, 0, 0, 0], [0, 0, 0, 0, 0, 0], [0, 6, 0, 0, 0, 0], [0, 0, 0, 0, 0, 0], [0, 0, 0, 0, 6, 0]], "output": [[0, 6, 0, 0, 0, 0, 0, 6, 0, 0, 0, 0], [8, 0, 8, 0, 0, 0, 8, 0, 8, 0, 0, 0], [8, 0, 8, 0, 0, 0, 8, 0, 8, 0, 0, 0], [0, 6, 0, 0, 0, 0, 0, 6, 0, 0, 0, 0], [8, 0, 8, 8, 0, 8, 8, 0, 8, 8, 0, 8], [8, 0, 8, 0, 6, 0, 8, 0, 8, 0, 6, 0], [0, 6, 0, 8, 0, 8, 0, 6, 0, 8, 0, 8], [8, 0, 8, 0, 0, 0, 8, 0, 8, 0, 0, 0], [8, 0, 8, 0, 0, 0, 8, 0, 8, 0, 0, 0], [0, 6, 0, 0, 0, 0, 0, 6, 0, 0, 0, 0], [8, 0, 8, 8, 0, 8, 8, 0, 8, 8, 0, 8], [0, 0, 0, 0, 6, 0, 0, 0, 0, 0, 6, 0]]}, {"input": [[0, 0, 0, 0, 0, 0], [0, 5, 0, 0, 0, 0], [0, 0, 0, 0, 0, 0], [0, 0, 0, 0, 0, 0]], "output": [[8, 0, 8, 0, 0, 0, 8, 0, 8, 0, 0, 0], [0, 5, 0, 0, 0, 0, 0, 5, 0, 0, 0, 0], [8, 0, 8, 0, 0, 0, 8, 0, 8, 0, 0, 0], [0, 0, 0, 0, 0, 0, 0, 0, 0, 0, 0, 0], [8, 0, 8, 0, 0, 0, 8, 0, 8, 0, 0, 0], [0, 5, 0, 0, 0, 0, 0, 5, 0, 0, 0, 0], [8, 0, 8, 0, 0, 0, 8, 0, 8, 0, 0, 0], [0, 0, 0, 0, 0, 0, 0, 0, 0, 0, 0, 0]]}, {"input": [[0, 0, 0, 0, 5], [0, 0, 0, 0, 0], [0, 0, 0, 0, 0]], "output": [[0, 0, 0, 0, 5, 0, 0, 0, 0, 5], [0, 0, 0, 8, 0, 8, 0, 0, 8, 0], [0, 0, 0, 8, 0, 8, 0, 0, 8, 0], [0, 0, 0, 0, 5, 0, 0, 0, 0, 5], [0, 0, 0, 8, 0, 8, 0, 0, 8, 0], [0, 0, 0, 0, 0, 0, 0, 0, 0, 0]]}, {"input": [[0, 1, 0, 0], [0, 0, 0, 0], [0, 0, 0, 0], [1, 0, 0, 0], [0, 0, 0, 0], [1, 0, 0, 0]], "output": [[0, 1, 0, 0, 0, 1, 0, 0], [8, 0, 8, 0, 8, 0, 8, 0], [0, 8, 0, 8, 0, 8, 0, 0], [1, 0, 0, 0, 1, 0, 0, 0], [0, 8, 0, 8, 0, 8, 0, 0], [1, 0, 8, 0, 1, 0, 8, 0], [0, 1, 0, 8, 0, 1, 0, 0], [8, 0, 8, 0, 8, 0, 8, 0], [0, 8, 0, 8, 0, 8, 0, 0], [1, 0, 0, 0, 1, 0, 0, 0], [0, 8, 0, 8, 0, 8, 0, 0], [1, 0, 0, 0, 1, 0, 0, 0]]}, {"input": [[5, 0, 0], [0, 0, 0]], "output": [[5, 0, 0, 5, 0, 0], [0, 8, 8, 0, 8, 0], [5, 0, 0, 5, 0, 0], [0, 8, 8, 0, 8, 0]]}, {"input": [[0, 0, 0, 0, 0], [0, 0, 0, 0, 6], [0, 0, 0, 0, 0], [0, 0, 0, 0, 0], [0, 0, 0, 6, 0], [0, 0, 0, 0, 0]], "output": [[0, 0, 0, 8, 0, 8, 0, 0, 8, 0], [0, 0, 0, 0, 6, 0, 0, 0, 0, 6], [0, 0, 0, 8, 0, 8, 0, 0, 8, 0], [0, 0, 8, 0, 8, 0, 0, 8, 0, 8], [0, 0, 0, 6, 0, 0, 0, 0, 6, 0], [0, 0, 8, 0, 8, 0, 0, 8, 0, 8], [0, 0, 0, 8, 0, 8, 0, 0, 8, 0], [0, 0, 0, 0, 6, 0, 0, 0, 0, 6], [0, 0, 0, 8, 0, 8, 0, 0, 8, 0], [0, 0, 8, 0, 8, 0, 0, 8, 0, 8], [0, 0, 0, 6, 0, 0, 0, 0, 6, 0], [0, 0, 8, 0, 8, 0, 0, 8, 0, 8]]}, {"input": [[0, 0, 0, 6], [0, 0, 0, 0], [0, 0, 6, 0]], "output": [[0, 0, 0, 6, 0, 0, 0, 6], [0, 8, 8, 8, 8, 8, 8, 8], [0, 0, 6, 0, 8, 0, 6, 0], [0, 8, 0, 6, 0, 8, 0, 6], [0, 8, 8, 8, 8, 8, 8, 8], [0, 0, 6, 0, 0, 0, 6, 0]]}, {"input": [[9, 0, 0, 0], [0, 0, 0, 0], [0, 0, 0, 0], [9, 0, 0, 0], [0, 0, 0, 0], [0, 9, 0, 0]], "output": [[9, 0, 0, 0, 9, 0, 0, 0], [0, 8, 0, 8, 0, 8, 0, 0], [0, 8, 0, 8, 0, 8, 0, 0], [9, 0, 0, 0, 9, 0, 0, 0], [8, 8, 8, 8, 8, 8, 8, 0], [0, 9, 0, 8, 0, 9, 0, 0], [9, 0, 8, 0, 9, 0, 8, 0], [0, 8, 0, 8, 0, 8, 0, 0], [0, 8, 0, 8, 0, 8, 0, 0], [9, 0, 0, 0, 9, 0, 0, 0], [8, 8, 8, 8, 8, 8, 8, 0], [0, 9, 0, 0, 0, 9, 0, 0]]}, {"input": [[0, 0, 0], [0, 2, 0]], "output": [[8, 0, 8, 8, 0, 8], [0, 2, 0, 0, 2, 0], [8, 0, 8, 8, 0, 8], [0, 2, 0, 0, 2, 0]]}, {"input": [[0, 0], [2, 0], [0, 0], [2, 0], [0, 0]], "output": [[0, 8, 0, 8], [2, 0, 2, 0], [0, 8, 0, 8], [2, 0, 2, 0], [0, 8, 0, 8], [0, 8, 0, 8], [2, 0, 2, 0], [0, 8, 0, 8], [2, 0, 2, 0], [0, 8, 0, 8]]}, {"input": [[0, 0, 0, 0], [0, 1, 0, 0], [0, 0, 0, 0], [0, 0, 0, 0]], "output": [[8, 0, 8, 0, 8, 0, 8, 0], [0, 1, 0, 0, 0, 1, 0, 0], [8, 0, 8, 0, 8, 0, 8, 0], [0, 0, 0, 0, 0, 0, 0, 0], [8, 0, 8, 0, 8, 0, 8, 0], [0, 1, 0, 0, 0, 1, 0, 0], [8, 0, 8, 0, 8, 0, 8, 0], [0, 0, 0, 0, 0, 0, 0, 0]]}, {"input": [[0, 0, 0, 0], [0, 0, 4, 0]], "output": [[0, 8, 0, 8, 0, 8, 0, 8], [0, 0, 4, 0, 0, 0, 4, 0], [0, 8, 0, 8, 0, 8, 0, 8], [0, 0, 4, 0, 0, 0, 4, 0]]}, {"input": [[0, 0, 0], [0, 0, 1], [0, 0, 0]], "output": [[0, 8, 0, 8, 8, 0], [0, 0, 1, 0, 0, 1], [0, 8, 0, 8, 8, 0], [0, 8, 0, 8, 8, 0], [0, 0, 1, 0, 0, 1], [0, 8, 0, 8, 8, 0]]}, {"input": [[0, 0, 0, 0, 0, 0], [0, 0, 0, 0, 0, 1], [0, 0, 0, 0, 0, 0], [0, 0, 0, 1, 0, 0], [0, 0, 0, 0, 0, 0], [0, 0, 1, 0, 0, 0]], "output": [[0, 0, 0, 0, 8, 0, 8, 0, 0, 0, 8, 0], [0, 0, 0, 0, 0, 1, 0, 0, 0, 0, 0, 1], [0, 0, 8, 0, 8, 0, 8, 0, 8, 0, 8, 0], [0, 0, 0, 1, 0, 0, 0, 0, 0, 1, 0, 0], [0, 8, 8, 8, 8, 0, 0, 8, 8, 8, 8, 0], [0, 0, 1, 0, 0, 0, 0, 0, 1, 0, 0, 0], [0, 8, 0, 8, 8, 0, 8, 8, 0, 8, 8, 0], [0, 0, 0, 0, 0, 1, 0, 0, 0, 0, 0, 1], [0, 0, 8, 0, 8, 0, 8, 0, 8, 0, 8, 0], [0, 0, 0, 1, 0, 0, 0, 0, 0, 1, 0, 0], [0, 8, 8, 8, 8, 0, 0, 8, 8, 8, 8, 0], [0, 0, 1, 0, 0, 0, 0, 0, 1, 0, 0, 0]]}, {"input": [[9, 0, 0, 0, 0, 0], [0, 0, 0, 0, 0, 0], [0, 0, 0, 0, 0, 0], [9, 0, 0, 0, 0, 0], [0, 0, 0, 0, 0, 0]], "output": [[9, 0, 0, 0, 0, 0, 9, 0, 0, 0, 0, 0], [0, 8, 0, 0, 0, 8, 0, 8, 0, 0, 0, 0], [0, 8, 0, 0, 0, 8, 0, 8, 0, 0, 0, 0], [9, 0, 0, 0, 0, 0, 9, 0, 0, 0, 0, 0], [0, 8, 0, 0, 0, 8, 0, 8, 0, 0, 0, 0], [9, 0, 0, 0, 0, 0, 9, 0, 0, 0, 0, 0], [0, 8, 0, 0, 0, 8, 0, 8, 0, 0, 0, 0], [0, 8, 0, 0, 0, 8, 0, 8, 0, 0, 0, 0], [9, 0, 0, 0, 0, 0, 9, 0, 0, 0, 0, 0], [0, 8, 0, 0, 0, 8, 0, 8, 0, 0, 0, 0]]}, {"input": [[0, 1, 0, 0, 0, 0], [0, 0, 0, 0, 0, 0], [0, 0, 1, 0, 0, 0]], "output": [[0, 1, 0, 0, 0, 0, 0, 1, 0, 0, 0, 0], [8, 8, 8, 8, 0, 0, 8, 8, 8, 8, 0, 0], [8, 0, 1, 0, 0, 0, 8, 0, 1, 0, 0, 0], [0, 1, 0, 8, 0, 0, 0, 1, 0, 8, 0, 0], [8, 8, 8, 8, 0, 0, 8, 8, 8, 8, 0, 0], [0, 0, 1, 0, 0, 0, 0, 0, 1, 0, 0, 0]]}, {"input": [[0, 0], [0, 1]], "output": [[8, 0, 8, 0], [0, 1, 0, 1], [8, 0, 8, 0], [0, 1, 0, 1]]}, {"input": [[0, 0, 5, 0], [0, 0, 0, 0], [0, 5, 0, 0], [0, 0, 0, 0], [0, 0, 0, 0], [0, 5, 0, 0]], "output": [[0, 0, 5, 0, 0, 0, 5, 0], [8, 8, 8, 8, 8, 8, 8, 8], [0, 5, 0, 0, 0, 5, 0, 0], [8, 0, 8, 0, 8, 0, 8, 0], [8, 0, 8, 0, 8, 0, 8, 0], [0, 5, 0, 8, 0, 5, 0, 8], [8, 0, 5, 0, 8, 0, 5, 0], [8, 8, 8, 8, 8, 8, 8, 8], [0, 5, 0, 0, 0, 5, 0, 0], [8, 0, 8, 0, 8, 0, 8, 0], [8, 0, 8, 0, 8, 0, 8, 0], [0, 5, 0, 0, 0, 5, 0, 0]]}, {"input": [[0, 0, 0, 0, 0, 0], [0, 0, 0, 0, 7, 0], [0, 0, 0, 0, 0, 0], [0, 0, 0, 0, 0, 0], [0, 0, 0, 0, 0, 7], [0, 0, 0, 0, 0, 0]], "output": [[0, 0, 0, 8, 0, 8, 0, 0, 0, 8, 0, 8], [0, 0, 0, 0, 7, 0, 0, 0, 0, 0, 7, 0], [0, 0, 0, 8, 0, 8, 0, 0, 0, 8, 0, 8], [0, 0, 0, 0, 8, 0, 8, 0, 0, 0, 8, 0], [0, 0, 0, 0, 0, 7, 0, 0, 0, 0, 0, 7], [0, 0, 0, 0, 8, 0, 8, 0, 0, 0, 8, 0], [0, 0, 0, 8, 0, 8, 0, 0, 0, 8, 0, 8], [0, 0, 0, 0, 7, 0, 0, 0, 0, 0, 7, 0], [0, 0, 0, 8, 0, 8, 0, 0, 0, 8, 0, 8], [0, 0, 0, 0, 8, 0, 8, 0, 0, 0, 8, 0], [0, 0, 0, 0, 0, 7, 0, 0, 0, 0, 0, 7], [0, 0, 0, 0, 8, 0, 8, 0, 0, 0, 8, 0]]}, {"input": [[0, 0, 0], [0, 0, 9], [0, 0, 0], [0, 0, 9], [0, 0, 0]], "output": [[0, 8, 0, 8, 8, 0], [0, 0, 9, 0, 0, 9], [0, 8, 0, 8, 8, 0], [0, 0, 9, 0, 0, 9], [0, 8, 0, 8, 8, 0], [0, 8, 0, 8, 8, 0], [0, 0, 9, 0, 0, 9], [0, 8, 0, 8, 8, 0], [0, 0, 9, 0, 0, 9], [0, 8, 0, 8, 8, 0]]}, {"input": [[0, 0, 0, 0], [0, 9, 0, 0], [0, 0, 0, 0], [9, 0, 0, 0], [0, 0, 0, 0], [0, 9, 0, 0]], "output": [[8, 0, 8, 0, 8, 0, 8, 0], [0, 9, 0, 0, 0, 9, 0, 0], [8, 8, 8, 8, 8, 8, 8, 0], [9, 0, 0, 0, 9, 0, 0, 0], [8, 8, 8, 8, 8, 8, 8, 0], [0, 9, 0, 0, 0, 9, 0, 0], [8, 0, 8, 0, 8, 0, 8, 0], [0, 9, 0, 0, 0, 9, 0, 0], [8, 8, 8, 8, 8, 8, 8, 0], [9, 0, 0, 0, 9, 0, 0, 0], [8, 8, 8, 8, 8, 8, 8, 0], [0, 9, 0, 0, 0, 9, 0, 0]]}, {"input": [[0, 0, 0, 9, 0], [0, 0, 0, 0, 0], [0, 0, 0, 0, 9], [0, 0, 0, 0, 0], [0, 0, 0, 0, 9], [0, 0, 0, 0, 0]], "output": [[0, 0, 0, 9, 0, 0, 0, 0, 9, 0], [0, 0, 8, 8, 8, 8, 0, 8, 8, 8], [0, 0, 0, 0, 9, 0, 0, 0, 0, 9], [0, 0, 0, 8, 0, 8, 0, 0, 8, 0], [0, 0, 0, 0, 9, 0, 0, 0, 0, 9], [0, 0, 8, 8, 8, 8, 0, 8, 8, 8], [0, 0, 0, 9, 0, 0, 0, 0, 9, 0], [0, 0, 8, 8, 8, 8, 0, 8, 8, 8], [0, 0, 0, 0, 9, 0, 0, 0, 0, 9], [0, 0, 0, 8, 0, 8, 0, 0, 8, 0], [0, 0, 0, 0, 9, 0, 0, 0, 0, 9], [0, 0, 0, 8, 0, 8, 0, 0, 8, 0]]}, {"input": [[0, 0, 9, 0, 0], [0, 0, 0, 0, 0], [0, 0, 9, 0, 0]], "output": [[0, 0, 9, 0, 0, 0, 0, 9, 0, 0], [0, 8, 0, 8, 0, 0, 8, 0, 8, 0], [0, 8, 9, 8, 0, 0, 8, 9, 8, 0], [0, 8, 9, 8, 0, 0, 8, 9, 8, 0], [0, 8, 0, 8, 0, 0, 8, 0, 8, 0], [0, 0, 9, 0, 0, 0, 0, 9, 0, 0]]}, {"input": [[0, 0, 0, 0, 0, 0], [0, 3, 0, 0, 0, 0], [0, 0, 0, 0, 0, 0], [0, 0, 0, 0, 0, 3]], "output": [[8, 0, 8, 0, 0, 0, 8, 0, 8, 0, 0, 0], [0, 3, 0, 0, 0, 0, 0, 3, 0, 0, 0, 0], [8, 0, 8, 0, 8, 0, 8, 0, 8, 0, 8, 0], [0, 0, 0, 0, 0, 3, 0, 0, 0, 0, 0, 3], [8, 0, 8, 0, 8, 0, 8, 0, 8, 0, 8, 0], [0, 3, 0, 0, 0, 0, 0, 3, 0, 0, 0, 0], [8, 0, 8, 0, 8, 0, 8, 0, 8, 0, 8, 0], [0, 0, 0, 0, 0, 3, 0, 0, 0, 0, 0, 3]]}, {"input": [[7, 0, 0], [0, 0, 0], [7, 0, 0], [0, 0, 0], [0, 7, 0]], "output": [[7, 0, 0, 7, 0, 0], [0, 8, 8, 0, 8, 0], [7, 0, 0, 7, 0, 0], [8, 8, 8, 8, 8, 8], [0, 7, 8, 0, 7, 0], [7, 0, 8, 7, 0, 8], [0, 8, 8, 0, 8, 0], [7, 0, 0, 7, 0, 0], [8, 8, 8, 8, 8, 8], [0, 7, 0, 0, 7, 0]]}, {"input": [[0, 0, 0, 0, 0], [0, 2, 0, 0, 0], [0, 0, 0, 0, 0], [0, 0, 0, 0, 0], [0, 2, 0, 0, 0]], "output": [[8, 0, 8, 0, 0, 8, 0, 8, 0, 0], [0, 2, 0, 0, 0, 0, 2, 0, 0, 0], [8, 0, 8, 0, 0, 8, 0, 8, 0, 0], [8, 0, 8, 0, 0, 8, 0, 8, 0, 0], [0, 2, 0, 0, 0, 0, 2, 0, 0, 0], [8, 0, 8, 0, 0, 8, 0, 8, 0, 0], [0, 2, 0, 0, 0, 0, 2, 0, 0, 0], [8, 0, 8, 0, 0, 8, 0, 8, 0, 0], [8, 0, 8, 0, 0, 8, 0, 8, 0, 0], [0, 2, 0, 0, 0, 0, 2, 0, 0, 0]]}, {"input": [[0, 0, 0, 0], [0, 7, 0, 0], [0, 0, 0, 0]], "output": [[8, 0, 8, 0, 8, 0, 8, 0], [0, 7, 0, 0, 0, 7, 0, 0], [8, 0, 8, 0, 8, 0, 8, 0], [8, 0, 8, 0, 8, 0, 8, 0], [0, 7, 0, 0, 0, 7, 0, 0], [8, 0, 8, 0, 8, 0, 8, 0]]}]