[{"input": [[0, 0, 8, 8, 8], [8, 8, 2, 2, 8], [0, 0, 2, 2, 0], [0, 8, 8, 0, 0], [8, 2, 2, 8, 8], [8, 2, 2, 8, 8], [0, 8, 0, 0, 0], [0, 8, 0, 0, 0]], "output": [[8]]}, {"input": [[0, 0, 0, 8, 8], [0, 0, 0, 0, 0], [0, 0, 0, 8, 0], [8, 0, 0, 2, 2], [2, 2, 8, 2, 2], [2, 2, 0, 8, 8], [0, 8, 0, 0, 0]], "output": [[8]]}, {"input": [[8, 0, 0, 0, 0], [8, 8, 8, 2, 2], [0, 8, 8, 2, 2], [0, 8, 0, 8, 0], [0, 0, 8, 8, 0], [0, 0, 2, 2, 8], [0, 8, 2, 2, 8], [8, 0, 0, 8, 8]], "output": [[8]]}, {"input": [[0, 8, 8, 8, 8, 2, 2], [2, 2, 0, 0, 8, 2, 2], [2, 2, 8, 0, 0, 0, 0], [0, 0, 0, 0, 8, 8, 0], [8, 0, 8, 8, 8, 0, 0], [0, 0, 0, 8, 0, 0, 0]], "output": [[8]]}, {"input": [[0, 8, 8, 0, 0, 0, 8, 8], [0, 0, 2, 2, 0, 0, 8, 8], [0, 0, 2, 2, 8, 0, 8, 8], [0, 0, 0, 0, 0, 0, 8, 8], [8, 0, 8, 0, 0, 0, 8, 0], [0, 8, 8, 0, 0, 8, 2, 2], [8, 8, 8, 8, 0, 8, 2, 2], [0, 0, 0, 8, 8, 0, 8, 0]], "output": [[0]]}, {"input": [[8, 0, 0, 0, 0, 0, 0], [8, 8, 0, 8, 0, 0, 0], [8, 0, 0, 8, 0, 8, 8], [2, 2, 0, 0, 8, 0, 0], [2, 2, 0, 8, 0, 0, 8], [0, 8, 8, 2, 2, 8, 8], [0, 0, 0, 2, 2, 0, 8], [0, 0, 8, 8, 0, 0, 0]], "output": [[8]]}, {"input": [[8, 8, 2, 2, 8, 0], [0, 0, 2, 2, 8, 0], [8, 0, 0, 8, 8, 8], [8, 8, 0, 0, 8, 8], [0, 8, 0, 0, 8, 0], [0, 0, 8, 8, 2, 2], [0, 8, 0, 0, 2, 2]], "output": [[8]]}, {"input": [[8, 2, 2, 0, 0], [0, 2, 2, 0, 0], [8, 0, 8, 8, 0], [0, 2, 2, 0, 8], [0, 2, 2, 0, 8], [8, 0, 8, 8, 0], [0, 8, 0, 0, 8], [0, 8, 0, 8, 0]], "output": [[8]]}, {"input": [[0, 8, 0, 8, 0, 8, 2, 2], [8, 0, 8, 8, 0, 0, 2, 2], [8, 0, 8, 2, 2, 8, 8, 8], [0, 8, 0, 2, 2, 0, 0, 8], [0, 8, 8, 0, 0, 0, 0, 0], [8, 0, 0, 8, 8, 0, 0, 0]], "output": [[8]]}, {"input": [[8, 0, 8, 8, 8], [8, 8, 8, 8, 0], [8, 0, 0, 2, 2], [8, 8, 0, 2, 2], [8, 0, 8, 8, 8], [0, 2, 2, 8, 0], [0, 2, 2, 0, 0]], "output": [[8]]}, {"input": [[2, 2, 0, 0, 0, 8, 0], [2, 2, 8, 0, 0, 8, 8], [8, 8, 0, 0, 0, 8, 0], [0, 8, 0, 8, 2, 2, 0], [0, 0, 0, 0, 2, 2, 8], [0, 0, 0, 8, 0, 0, 8]], "output": [[0]]}, {"input": [[8, 0, 8, 0, 0], [0, 0, 0, 2, 2], [8, 8, 8, 2, 2], [8, 0, 8, 0, 0], [8, 8, 8, 0, 0], [0, 0, 8, 0, 0], [0, 0, 2, 2, 0], [0, 0, 2, 2, 0]], "output": [[8]]}, {"input": [[8, 2, 2, 8, 2, 2, 0], [0, 2, 2, 8, 2, 2, 0], [0, 8, 8, 0, 0, 8, 0], [0, 0, 0, 8, 0, 0, 0], [0, 0, 8, 0, 8, 0, 0]], "output": [[8]]}, {"input": [[8, 0, 0, 0, 0], [8, 8, 0, 8, 0], [8, 0, 0, 2, 2], [8, 8, 0, 2, 2], [0, 0, 8, 8, 0], [0, 0, 8, 8, 0], [0, 8, 2, 2, 0], [0, 0, 2, 2, 0]], "output": [[8]]}, {"input": [[0, 0, 8, 2, 2, 0, 0, 0], [2, 2, 8, 2, 2, 0, 0, 0], [2, 2, 8, 0, 8, 0, 0, 0], [8, 0, 0, 8, 8, 8, 8, 8], [0, 0, 8, 0, 0, 8, 8, 0]], "output": [[8]]}, {"input": [[0, 0, 0, 0, 0, 8, 8, 8], [0, 2, 2, 0, 0, 8, 8, 0], [8, 2, 2, 8, 8, 0, 0, 8], [0, 0, 0, 8, 0, 0, 2, 2], [0, 0, 0, 8, 8, 8, 2, 2], [0, 8, 8, 8, 8, 0, 0, 0], [8, 0, 0, 0, 0, 0, 0, 0]], "output": [[8]]}, {"input": [[2, 2, 0, 0, 8], [2, 2, 8, 8, 8], [0, 0, 8, 0, 0], [0, 8, 8, 8, 8], [8, 0, 2, 2, 0], [0, 8, 2, 2, 8], [8, 0, 8, 0, 8], [8, 8, 0, 8, 8]], "output": [[8]]}, {"input": [[0, 8, 2, 2, 8, 0, 8], [0, 0, 2, 2, 0, 0, 0], [0, 0, 8, 8, 0, 0, 8], [8, 0, 8, 0, 0, 8, 0], [0, 2, 2, 0, 8, 0, 8], [0, 2, 2, 0, 0, 8, 8]], "output": [[8]]}, {"input": [[0, 0, 0, 0, 0, 0, 0, 8], [0, 8, 0, 0, 0, 0, 8, 0], [8, 8, 8, 0, 0, 0, 0, 0], [0, 0, 0, 8, 0, 0, 0, 8], [2, 2, 0, 2, 2, 8, 8, 0], [2, 2, 0, 2, 2, 0, 8, 8]], "output": [[0]]}, {"input": [[8, 0, 8, 0, 8], [2, 2, 0, 0, 8], [2, 2, 8, 8, 0], [0, 0, 8, 2, 2], [0, 8, 0, 2, 2], [0, 0, 8, 8, 0], [0, 8, 0, 0, 8]], "output": [[8]]}, {"input": [[2, 2, 8, 8, 8, 8], [2, 2, 0, 0, 0, 0], [0, 0, 0, 0, 0, 8], [0, 8, 0, 0, 0, 0], [0, 0, 8, 0, 0, 8], [0, 8, 0, 0, 0, 8], [2, 2, 0, 0, 0, 8], [2, 2, 0, 0, 0, 8]], "output": [[0]]}, {"input": [[0, 8, 8, 8, 0, 2, 2, 8], [0, 8, 8, 0, 8, 2, 2, 0], [8, 8, 8, 0, 8, 8, 8, 0], [8, 0, 0, 8, 0, 0, 8, 0], [0, 0, 0, 0, 0, 8, 8, 8], [0, 8, 8, 0, 8, 0, 2, 2], [8, 0, 0, 0, 0, 8, 2, 2]], "output": [[8]]}, {"input": [[2, 2, 0, 0, 8, 8], [2, 2, 0, 0, 0, 0], [8, 0, 0, 0, 0, 0], [0, 8, 0, 8, 0, 8], [0, 0, 0, 8, 0, 8], [0, 8, 8, 8, 2, 2], [0, 0, 8, 8, 2, 2], [8, 8, 0, 0, 8, 0]], "output": [[0]]}, {"input": [[0, 0, 0, 0, 0, 8, 0], [8, 0, 0, 8, 8, 0, 0], [0, 2, 2, 0, 0, 0, 0], [0, 2, 2, 8, 8, 0, 0], [0, 8, 8, 0, 0, 0, 8], [8, 8, 8, 8, 0, 0, 8], [0, 0, 0, 8, 8, 2, 2], [8, 8, 0, 0, 0, 2, 2]], "output": [[8]]}, {"input": [[0, 0, 0, 2, 2, 0, 0], [0, 0, 0, 2, 2, 0, 0], [8, 0, 8, 8, 8, 0, 8], [8, 2, 2, 0, 0, 8, 0], [8, 2, 2, 0, 0, 0, 0]], "output": [[8]]}, {"input": [[0, 0, 0, 0, 0, 0, 0], [2, 2, 0, 0, 0, 0, 8], [2, 2, 8, 0, 0, 0, 0], [0, 8, 0, 8, 0, 0, 0], [8, 2, 2, 0, 8, 0, 8], [0, 2, 2, 0, 0, 0, 0]], "output": [[8]]}, {"input": [[0, 8, 8, 0, 8, 0], [0, 8, 0, 0, 0, 0], [0, 0, 0, 8, 8, 0], [8, 8, 0, 0, 2, 2], [0, 0, 0, 8, 2, 2], [2, 2, 8, 8, 0, 0], [2, 2, 0, 0, 8, 8], [0, 0, 0, 0, 0, 0]], "output": [[8]]}, {"input": [[0, 0, 8, 8, 0, 0, 8], [0, 8, 0, 8, 8, 8, 0], [0, 0, 8, 8, 8, 0, 0], [2, 2, 0, 0, 0, 8, 8], [2, 2, 0, 0, 0, 8, 0], [8, 0, 0, 0, 8, 0, 0], [2, 2, 0, 8, 0, 8, 8], [2, 2, 8, 8, 8, 0, 0]], "output": [[8]]}, {"input": [[8, 8, 0, 0, 0, 2, 2], [8, 0, 8, 8, 8, 2, 2], [8, 0, 8, 0, 8, 8, 0], [0, 0, 0, 0, 8, 8, 0], [0, 0, 8, 0, 8, 8, 0], [0, 0, 8, 2, 2, 0, 0], [0, 0, 0, 2, 2, 0, 0]], "output": [[8]]}, {"input": [[8, 2, 2, 8, 0, 0], [8, 2, 2, 0, 0, 0], [0, 0, 8, 0, 2, 2], [0, 8, 8, 8, 2, 2], [8, 8, 0, 0, 0, 8]], "output": [[8]]}, {"input": [[0, 8, 8, 0, 2, 2], [8, 0, 0, 0, 2, 2], [8, 0, 0, 8, 8, 0], [0, 8, 0, 8, 0, 8], [0, 8, 0, 0, 0, 0], [8, 8, 8, 8, 2, 2], [8, 0, 8, 8, 2, 2]], "output": [[0]]}, {"input": [[8, 0, 0, 8, 8, 0, 0], [0, 0, 2, 2, 8, 2, 2], [0, 8, 2, 2, 0, 2, 2], [8, 0, 0, 0, 0, 8, 0], [0, 8, 0, 0, 8, 8, 0], [0, 0, 8, 8, 0, 0, 0], [0, 8, 8, 8, 8, 8, 8], [0, 0, 0, 0, 0, 0, 8]], "output": [[8]]}, {"input": [[0, 0, 0, 0, 0, 0, 0, 0], [8, 8, 0, 8, 8, 0, 0, 8], [8, 0, 8, 0, 8, 0, 0, 0], [2, 2, 0, 0, 8, 8, 0, 8], [2, 2, 0, 0, 0, 0, 0, 0], [8, 8, 0, 0, 2, 2, 0, 0], [8, 0, 0, 0, 2, 2, 0, 0]], "output": [[0]]}, {"input": [[0, 8, 0, 0, 8, 8], [8, 0, 0, 2, 2, 8], [2, 2, 0, 2, 2, 8], [2, 2, 8, 8, 0, 8], [8, 0, 8, 8, 8, 8]], "output": [[8]]}, {"input": [[0, 8, 0, 8, 0, 0, 0, 0], [8, 0, 0, 8, 8, 0, 8, 8], [0, 0, 0, 0, 0, 0, 0, 0], [0, 2, 2, 0, 8, 0, 2, 2], [8, 2, 2, 8, 8, 8, 2, 2]], "output": [[8]]}, {"input": [[8, 2, 2, 8, 0, 0, 0], [8, 2, 2, 8, 8, 0, 0], [0, 8, 8, 0, 0, 8, 8], [0, 0, 0, 8, 0, 0, 0], [8, 0, 8, 8, 0, 2, 2], [8, 0, 0, 0, 0, 2, 2], [8, 8, 0, 0, 0, 8, 8]], "output": [[0]]}, {"input": [[0, 8, 0, 0, 0, 0, 8], [8, 8, 8, 8, 0, 8, 0], [8, 2, 2, 8, 2, 2, 0], [8, 2, 2, 0, 2, 2, 8], [0, 8, 8, 0, 0, 0, 0], [8, 0, 8, 8, 0, 0, 0], [0, 0, 0, 0, 8, 0, 0]], "output": [[8]]}, {"input": [[0, 0, 8, 0, 0, 0, 0], [8, 0, 0, 0, 0, 8, 0], [0, 0, 8, 8, 0, 8, 0], [8, 0, 8, 2, 2, 0, 8], [0, 8, 0, 2, 2, 0, 8], [0, 0, 0, 8, 0, 8, 0], [0, 8, 0, 8, 2, 2, 0], [8, 0, 0, 8, 2, 2, 0]], "output": [[8]]}, {"input": [[2, 2, 0, 0, 8, 0], [2, 2, 8, 0, 0, 0], [8, 8, 0, 0, 0, 0], [8, 8, 0, 8, 0, 8], [8, 2, 2, 0, 0, 8], [0, 2, 2, 0, 0, 0]], "output": [[8]]}, {"input": [[2, 2, 0, 2, 2, 0, 0], [2, 2, 0, 2, 2, 8, 8], [0, 8, 0, 0, 0, 0, 0], [8, 8, 8, 0, 0, 8, 0], [8, 0, 0, 8, 0, 0, 0]], "output": [[0]]}, {"input": [[8, 8, 8, 0, 8, 2, 2], [0, 8, 0, 8, 8, 2, 2], [0, 0, 0, 0, 8, 0, 8], [8, 0, 0, 0, 0, 2, 2], [0, 0, 0, 0, 8, 2, 2]], "output": [[8]]}, {"input": [[8, 2, 2, 0, 8], [0, 2, 2, 8, 0], [0, 0, 0, 0, 0], [8, 0, 2, 2, 8], [0, 8, 2, 2, 0], [0, 0, 0, 8, 8], [8, 8, 0, 8, 0]], "output": [[0]]}, {"input": [[0, 8, 0, 0, 0], [8, 0, 8, 0, 8], [0, 8, 0, 8, 0], [0, 0, 0, 8, 0], [2, 2, 8, 2, 2], [2, 2, 0, 2, 2]], "output": [[8]]}, {"input": [[0, 8, 0, 8, 0], [0, 0, 2, 2, 0], [8, 0, 2, 2, 0], [0, 8, 8, 0, 0], [0, 0, 2, 2, 0], [0, 0, 2, 2, 8], [8, 0, 8, 0, 8], [0, 0, 0, 8, 8]], "output": [[8]]}, {"input": [[0, 0, 8, 0, 0, 8, 8], [0, 8, 8, 0, 8, 0, 0], [0, 8, 8, 8, 8, 0, 8], [8, 0, 0, 2, 2, 8, 8], [2, 2, 8, 2, 2, 8, 8], [2, 2, 8, 8, 0, 8, 0], [0, 0, 8, 0, 0, 0, 8]], "output": [[8]]}, {"input": [[0, 8, 8, 0, 0, 2, 2, 8], [8, 0, 8, 0, 8, 2, 2, 8], [8, 8, 8, 0, 0, 8, 0, 0], [8, 0, 2, 2, 0, 8, 0, 0], [0, 8, 2, 2, 0, 0, 0, 8]], "output": [[0]]}, {"input": [[0, 8, 8, 0, 8], [2, 2, 8, 8, 8], [2, 2, 0, 2, 2], [0, 8, 0, 2, 2], [8, 0, 8, 8, 8], [0, 0, 0, 0, 0]], "output": [[8]]}, {"input": [[0, 2, 2, 0, 0, 0, 0], [0, 2, 2, 0, 8, 8, 0], [8, 0, 8, 8, 0, 0, 0], [0, 0, 8, 2, 2, 0, 0], [8, 0, 8, 2, 2, 0, 8], [0, 0, 8, 8, 0, 0, 0]], "output": [[8]]}, {"input": [[8, 8, 8, 8, 8, 0], [0, 8, 8, 8, 2, 2], [0, 2, 2, 0, 2, 2], [0, 2, 2, 0, 8, 0], [0, 0, 0, 8, 8, 0]], "output": [[8]]}, {"input": [[0, 0, 8, 0, 2, 2, 0], [8, 8, 0, 8, 2, 2, 0], [0, 8, 8, 0, 8, 0, 0], [0, 8, 0, 2, 2, 8, 0], [8, 0, 8, 2, 2, 0, 0], [8, 0, 0, 0, 0, 0, 8]], "output": [[8]]}, {"input": [[2, 2, 0, 0, 8, 0, 8], [2, 2, 8, 8, 2, 2, 0], [0, 0, 8, 8, 2, 2, 0], [8, 0, 8, 8, 8, 0, 8], [0, 8, 8, 0, 8, 0, 0], [8, 8, 0, 8, 8, 0, 0], [8, 0, 0, 0, 0, 0, 0], [8, 8, 8, 8, 0, 8, 8]], "output": [[8]]}, {"input": [[0, 0, 2, 2, 0, 0], [8, 0, 2, 2, 8, 0], [0, 0, 0, 0, 0, 8], [0, 0, 2, 2, 0, 8], [0, 0, 2, 2, 0, 0]], "output": [[0]]}, {"input": [[0, 0, 8, 0, 0, 0, 0], [2, 2, 0, 0, 0, 0, 0], [2, 2, 0, 8, 8, 0, 8], [0, 8, 8, 0, 8, 8, 0], [0, 0, 0, 8, 8, 0, 8], [2, 2, 0, 0, 8, 8, 0], [2, 2, 0, 8, 8, 0, 8]], "output": [[0]]}, {"input": [[8, 8, 0, 0, 8], [0, 0, 0, 0, 0], [2, 2, 0, 8, 8], [2, 2, 8, 2, 2], [8, 8, 8, 2, 2], [8, 8, 0, 8, 0]], "output": [[8]]}, {"input": [[0, 8, 8, 0, 0, 0, 0, 8], [2, 2, 8, 0, 0, 0, 2, 2], [2, 2, 8, 0, 8, 8, 2, 2], [0, 8, 0, 0, 8, 8, 0, 0], [0, 0, 0, 8, 0, 8, 0, 8], [0, 0, 0, 8, 0, 0, 8, 8]], "output": [[0]]}, {"input": [[0, 0, 8, 0, 0], [2, 2, 8, 8, 0], [2, 2, 0, 8, 0], [8, 8, 8, 2, 2], [0, 0, 0, 2, 2], [8, 0, 0, 0, 8], [0, 0, 8, 0, 8], [8, 8, 0, 0, 8]], "output": [[8]]}, {"input": [[0, 8, 0, 0, 0, 0, 0, 0], [8, 8, 8, 8, 8, 2, 2, 0], [0, 0, 8, 8, 0, 2, 2, 0], [0, 0, 0, 0, 8, 0, 0, 0], [0, 2, 2, 0, 8, 8, 0, 0], [0, 2, 2, 0, 8, 0, 0, 8]], "output": [[0]]}, {"input": [[0, 2, 2, 8, 8], [8, 2, 2, 8, 8], [0, 0, 8, 8, 0], [0, 2, 2, 8, 0], [0, 2, 2, 0, 8]], "output": [[8]]}, {"input": [[8, 8, 0, 8, 8], [2, 2, 0, 2, 2], [2, 2, 8, 2, 2], [0, 8, 0, 0, 8], [0, 0, 0, 0, 0]], "output": [[8]]}, {"input": [[0, 8, 0, 8, 8, 8, 0, 0], [8, 8, 0, 0, 0, 8, 0, 8], [2, 2, 8, 0, 0, 0, 8, 0], [2, 2, 8, 8, 8, 8, 2, 2], [8, 8, 8, 8, 8, 0, 2, 2], [0, 0, 8, 8, 0, 0, 0, 8], [0, 0, 0, 0, 0, 8, 8, 8]], "output": [[8]]}, {"input": [[2, 2, 8, 8, 0], [2, 2, 0, 8, 8], [8, 8, 0, 8, 0], [2, 2, 0, 0, 0], [2, 2, 0, 0, 8], [8, 0, 8, 8, 0]], "output": [[8]]}, {"input": [[0, 0, 0, 0, 8, 8, 0], [0, 0, 8, 0, 8, 8, 8], [8, 0, 0, 0, 8, 2, 2], [8, 8, 0, 8, 0, 2, 2], [2, 2, 0, 0, 0, 0, 8], [2, 2, 0, 0, 8, 0, 0]], "output": [[0]]}, {"input": [[8, 0, 0, 8, 8, 0], [0, 0, 8, 0, 8, 0], [0, 8, 8, 0, 2, 2], [0, 0, 0, 8, 2, 2], [2, 2, 0, 0, 0, 0], [2, 2, 8, 8, 8, 8]], "output": [[0]]}, {"input": [[0, 8, 8, 0, 0, 0, 8, 8], [0, 8, 8, 2, 2, 8, 0, 0], [0, 0, 8, 2, 2, 0, 0, 0], [8, 8, 8, 8, 0, 0, 0, 8], [0, 0, 0, 8, 2, 2, 0, 8], [8, 8, 8, 0, 2, 2, 8, 0]], "output": [[8]]}, {"input": [[0, 8, 0, 0, 8, 8, 0, 8], [0, 8, 0, 8, 0, 0, 2, 2], [0, 0, 0, 8, 8, 8, 2, 2], [8, 8, 2, 2, 0, 8, 0, 8], [0, 8, 2, 2, 8, 8, 8, 0]], "output": [[8]]}, {"input": [[0, 8, 8, 8, 8, 0], [0, 0, 0, 8, 0, 0], [0, 0, 2, 2, 0, 0], [0, 0, 2, 2, 8, 0], [0, 8, 0, 8, 8, 8], [8, 0, 8, 0, 2, 2], [0, 8, 0, 8, 2, 2]], "output": [[8]]}, {"input": [[8, 8, 8, 8, 8, 0, 0], [8, 8, 8, 8, 0, 0, 0], [8, 0, 8, 8, 8, 8, 8], [2, 2, 0, 8, 2, 2, 0], [2, 2, 8, 0, 2, 2, 8], [0, 0, 0, 0, 0, 0, 0], [0, 8, 0, 0, 0, 8, 8], [8, 8, 0, 0, 8, 0, 0]], "output": [[8]]}, {"input": [[8, 2, 2, 8, 8, 8, 8, 8], [0, 2, 2, 0, 8, 0, 0, 0], [0, 8, 8, 8, 8, 0, 0, 0], [8, 0, 8, 0, 0, 0, 8, 8], [8, 0, 0, 0, 8, 0, 0, 8], [0, 0, 0, 0, 8, 0, 0, 0], [0, 8, 0, 8, 0, 2, 2, 0], [0, 8, 8, 0, 8, 2, 2, 8]], "output": [[0]]}, {"input": [[8, 8, 0, 8, 0, 8, 0, 0], [0, 8, 2, 2, 0, 0, 0, 0], [0, 0, 2, 2, 0, 8, 0, 0], [0, 0, 0, 8, 8, 0, 8, 0], [0, 8, 0, 8, 8, 8, 0, 8], [8, 8, 0, 8, 2, 2, 0, 0], [0, 8, 8, 8, 2, 2, 0, 0]], "output": [[8]]}, {"input": [[2, 2, 0, 8, 8], [2, 2, 0, 0, 0], [0, 8, 0, 8, 0], [0, 0, 0, 0, 0], [0, 0, 0, 0, 0], [0, 0, 2, 2, 8], [0, 8, 2, 2, 0]], "output": [[0]]}, {"input": [[0, 8, 8, 0, 0, 8, 0], [0, 0, 0, 0, 0, 0, 0], [0, 8, 0, 0, 0, 8, 0], [0, 8, 2, 2, 0, 0, 8], [0, 8, 2, 2, 0, 0, 8], [8, 8, 0, 8, 0, 0, 8], [0, 2, 2, 0, 8, 8, 0], [0, 2, 2, 0, 8, 0, 8]], "output": [[8]]}, {"input": [[0, 0, 0, 8, 0], [0, 0, 8, 8, 8], [2, 2, 8, 0, 8], [2, 2, 8, 2, 2], [0, 8, 8, 2, 2]], "output": [[8]]}, {"input": [[8, 8, 8, 2, 2], [2, 2, 0, 2, 2], [2, 2, 8, 8, 0], [0, 0, 0, 8, 8], [0, 8, 8, 0, 0], [8, 0, 0, 0, 8], [8, 8, 8, 8, 8], [0, 0, 8, 8, 0]], "output": [[8]]}, {"input": [[8, 0, 0, 8, 0, 8], [8, 0, 0, 8, 0, 0], [2, 2, 0, 2, 2, 0], [2, 2, 8, 2, 2, 8], [8, 0, 8, 8, 0, 8]], "output": [[8]]}, {"input": [[0, 2, 2, 8, 0, 0, 8, 8], [0, 2, 2, 0, 0, 0, 0, 8], [0, 0, 0, 0, 8, 0, 8, 0], [0, 8, 8, 0, 8, 0, 8, 8], [0, 8, 2, 2, 0, 8, 0, 8], [0, 8, 2, 2, 0, 0, 8, 8]], "output": [[0]]}, {"input": [[0, 0, 0, 0, 8, 8, 0], [0, 8, 8, 0, 8, 0, 0], [0, 8, 0, 8, 0, 0, 8], [0, 2, 2, 0, 0, 8, 8], [0, 2, 2, 0, 8, 0, 0], [0, 0, 8, 0, 8, 8, 0], [0, 2, 2, 0, 0, 0, 0], [0, 2, 2, 0, 0, 8, 8]], "output": [[8]]}, {"input": [[8, 0, 0, 0, 2, 2, 0], [0, 8, 0, 8, 2, 2, 0], [0, 8, 8, 8, 0, 0, 0], [0, 0, 8, 8, 2, 2, 8], [8, 0, 0, 0, 2, 2, 0], [0, 8, 0, 0, 0, 0, 8]], "output": [[8]]}, {"input": [[0, 0, 0, 0, 0, 2, 2], [0, 8, 8, 0, 8, 2, 2], [2, 2, 8, 0, 0, 8, 0], [2, 2, 0, 8, 0, 8, 0], [8, 0, 8, 8, 0, 0, 0]], "output": [[0]]}, {"input": [[8, 0, 0, 0, 0], [0, 0, 0, 0, 0], [2, 2, 0, 0, 0], [2, 2, 0, 0, 0], [0, 8, 0, 0, 0], [2, 2, 8, 8, 0], [2, 2, 0, 0, 8]], "output": [[8]]}, {"input": [[0, 0, 0, 8, 0, 8], [8, 0, 0, 0, 2, 2], [8, 8, 0, 8, 2, 2], [8, 2, 2, 8, 0, 8], [0, 2, 2, 8, 8, 8], [0, 0, 8, 0, 8, 0]], "output": [[8]]}, {"input": [[0, 0, 8, 0, 8, 0], [0, 0, 0, 8, 8, 8], [2, 2, 8, 8, 0, 8], [2, 2, 0, 0, 0, 8], [8, 0, 8, 0, 0, 0], [8, 2, 2, 8, 8, 8], [0, 2, 2, 0, 0, 0], [8, 8, 0, 8, 0, 0]], "output": [[8]]}, {"input": [[8, 0, 0, 8, 8, 0, 2, 2], [0, 0, 0, 0, 0, 0, 2, 2], [0, 0, 0, 8, 8, 8, 8, 8], [0, 0, 2, 2, 0, 0, 8, 8], [8, 0, 2, 2, 8, 0, 8, 0], [0, 0, 8, 0, 0, 8, 8, 0]], "output": [[8]]}, {"input": [[0, 0, 0, 0, 8], [0, 0, 0, 0, 0], [0, 8, 8, 2, 2], [0, 8, 0, 2, 2], [2, 2, 0, 8, 0], [2, 2, 0, 8, 8]], "output": [[8]]}, {"input": [[8, 8, 8, 0, 0, 0, 0], [8, 0, 8, 0, 0, 2, 2], [0, 0, 8, 8, 0, 2, 2], [0, 2, 2, 0, 0, 0, 0], [8, 2, 2, 0, 0, 0, 0], [0, 8, 0, 8, 8, 0, 0]], "output": [[0]]}, {"input": [[8, 8, 8, 0, 8, 0, 8, 0], [8, 0, 8, 0, 8, 2, 2, 0], [8, 0, 8, 8, 0, 2, 2, 0], [0, 8, 8, 0, 8, 8, 0, 0], [0, 0, 0, 0, 8, 8, 0, 0], [8, 0, 0, 0, 8, 8, 8, 0], [8, 0, 0, 2, 2, 8, 0, 0], [0, 0, 8, 2, 2, 8, 0, 8]], "output": [[8]]}, {"input": [[0, 0, 8, 8, 0], [8, 0, 8, 0, 8], [0, 0, 0, 0, 0], [0, 0, 0, 0, 8], [2, 2, 0, 2, 2], [2, 2, 0, 2, 2]], "output": [[0]]}, {"input": [[8, 0, 0, 0, 0, 8, 0], [0, 0, 0, 0, 8, 0, 8], [8, 8, 8, 0, 0, 0, 0], [8, 8, 0, 0, 0, 2, 2], [2, 2, 8, 0, 0, 2, 2], [2, 2, 0, 8, 0, 0, 0], [8, 0, 8, 8, 0, 8, 8], [0, 0, 0, 0, 8, 8, 8]], "output": [[0]]}, {"input": [[8, 8, 0, 2, 2], [0, 0, 8, 2, 2], [0, 8, 0, 8, 0], [0, 0, 0, 8, 8], [8, 8, 8, 8, 8], [2, 2, 0, 0, 8], [2, 2, 8, 8, 0], [8, 8, 0, 0, 0]], "output": [[8]]}, {"input": [[8, 0, 2, 2, 0], [0, 0, 2, 2, 0], [8, 0, 0, 8, 8], [8, 2, 2, 8, 8], [0, 2, 2, 8, 0], [0, 0, 0, 0, 0], [0, 0, 0, 0, 0]], "output": [[8]]}, {"input": [[0, 8, 0, 8, 8, 0], [8, 8, 8, 2, 2, 8], [8, 8, 0, 2, 2, 8], [8, 0, 0, 8, 0, 0], [8, 2, 2, 0, 8, 0], [0, 2, 2, 0, 0, 8]], "output": [[8]]}, {"input": [[0, 0, 0, 0, 0, 8, 0], [2, 2, 8, 8, 2, 2, 0], [2, 2, 8, 8, 2, 2, 8], [0, 0, 8, 0, 8, 8, 0], [0, 0, 8, 0, 8, 0, 0], [8, 8, 0, 8, 8, 8, 0], [8, 8, 0, 8, 8, 8, 8]], "output": [[8]]}, {"input": [[8, 0, 8, 8, 0, 8], [0, 8, 0, 0, 0, 8], [8, 0, 8, 8, 2, 2], [8, 2, 2, 0, 2, 2], [0, 2, 2, 0, 0, 8], [0, 0, 0, 8, 0, 8]], "output": [[8]]}, {"input": [[0, 0, 8, 0, 8, 0], [0, 0, 8, 8, 0, 8], [0, 8, 0, 0, 0, 0], [2, 2, 0, 0, 8, 8], [2, 2, 0, 8, 8, 0], [0, 8, 0, 2, 2, 8], [8, 0, 0, 2, 2, 0], [8, 0, 0, 0, 0, 0]], "output": [[0]]}, {"input": [[0, 0, 0, 8, 0, 0, 8, 8], [8, 8, 0, 0, 0, 0, 8, 0], [0, 0, 0, 0, 8, 0, 8, 8], [0, 8, 0, 2, 2, 0, 0, 0], [8, 8, 8, 2, 2, 8, 8, 8], [0, 0, 8, 0, 0, 8, 8, 0], [0, 0, 8, 8, 0, 0, 2, 2], [0, 0, 8, 8, 8, 8, 2, 2]], "output": [[8]]}, {"input": [[0, 8, 0, 0, 0, 8], [8, 0, 0, 0, 0, 8], [8, 0, 2, 2, 8, 8], [0, 0, 2, 2, 8, 0], [8, 0, 0, 8, 8, 0], [0, 0, 0, 2, 2, 8], [8, 0, 8, 2, 2, 0]], "output": [[8]]}, {"input": [[8, 0, 8, 8, 8, 8, 0, 0], [8, 0, 8, 0, 8, 0, 8, 0], [8, 0, 8, 0, 0, 2, 2, 8], [0, 2, 2, 8, 8, 2, 2, 0], [0, 2, 2, 8, 0, 0, 8, 0], [0, 0, 0, 8, 0, 0, 0, 0]], "output": [[8]]}, {"input": [[0, 0, 0, 0, 0, 8], [8, 0, 0, 8, 8, 0], [0, 0, 8, 8, 2, 2], [0, 2, 2, 8, 2, 2], [8, 2, 2, 0, 8, 0]], "output": [[8]]}, {"input": [[0, 8, 8, 0, 0, 8, 0, 8], [0, 0, 0, 8, 0, 0, 0, 8], [8, 8, 8, 0, 0, 8, 8, 8], [0, 8, 8, 8, 0, 0, 2, 2], [8, 8, 0, 8, 8, 0, 2, 2], [0, 8, 0, 8, 0, 0, 0, 0], [0, 0, 2, 2, 0, 0, 0, 8], [0, 8, 2, 2, 0, 0, 0, 0]], "output": [[0]]}, {"input": [[0, 0, 0, 8, 8, 2, 2, 8], [0, 0, 0, 8, 0, 2, 2, 8], [0, 8, 8, 0, 8, 8, 0, 0], [0, 8, 0, 8, 8, 8, 2, 2], [8, 8, 0, 0, 8, 8, 2, 2]], "output": [[8]]}, {"input": [[0, 2, 2, 0, 0], [0, 2, 2, 8, 8], [8, 0, 8, 0, 0], [2, 2, 8, 0, 8], [2, 2, 0, 8, 0]], "output": [[8]]}, {"input": [[0, 0, 0, 0, 0, 0, 0], [8, 8, 0, 8, 0, 0, 0], [8, 0, 0, 0, 0, 2, 2], [0, 2, 2, 0, 0, 2, 2], [0, 2, 2, 8, 0, 8, 8]], "output": [[0]]}, {"input": [[0, 0, 8, 0, 0, 8], [0, 0, 0, 0, 0, 8], [0, 2, 2, 0, 8, 0], [8, 2, 2, 0, 2, 2], [0, 0, 8, 0, 2, 2]], "output": [[0]]}, {"input": [[2, 2, 0, 0, 0], [2, 2, 0, 8, 8], [0, 0, 0, 8, 0], [0, 0, 0, 2, 2], [0, 0, 0, 2, 2], [8, 8, 8, 0, 8], [8, 8, 0, 0, 0]], "output": [[0]]}, {"input": [[8, 8, 8, 2, 2], [0, 8, 0, 2, 2], [0, 8, 0, 0, 8], [0, 8, 8, 0, 8], [8, 8, 2, 2, 0], [0, 8, 2, 2, 0]], "output": [[8]]}, {"input": [[8, 0, 0, 0, 8, 0], [8, 0, 8, 0, 8, 8], [8, 0, 0, 8, 2, 2], [8, 8, 8, 0, 2, 2], [0, 0, 0, 8, 0, 8], [0, 0, 8, 2, 2, 8], [0, 0, 0, 2, 2, 0], [0, 0, 8, 0, 8, 8]], "output": [[8]]}, {"input": [[0, 0, 0, 0, 8, 8], [8, 0, 8, 0, 0, 8], [0, 8, 8, 0, 0, 0], [8, 0, 0, 0, 8, 8], [2, 2, 8, 2, 2, 0], [2, 2, 0, 2, 2, 8], [8, 0, 0, 8, 8, 0]], "output": [[8]]}, {"input": [[8, 8, 0, 8, 8, 0, 0, 8], [2, 2, 0, 0, 0, 0, 0, 0], [2, 2, 8, 0, 0, 8, 0, 0], [0, 8, 8, 8, 0, 0, 0, 0], [8, 2, 2, 0, 8, 0, 0, 8], [8, 2, 2, 8, 8, 8, 0, 0], [8, 0, 0, 0, 0, 8, 0, 8]], "output": [[8]]}, {"input": [[8, 0, 0, 0, 8, 0, 8, 0], [8, 2, 2, 8, 0, 0, 0, 0], [8, 2, 2, 0, 8, 0, 0, 8], [0, 0, 0, 8, 0, 0, 2, 2], [8, 8, 8, 0, 0, 0, 2, 2]], "output": [[0]]}, {"input": [[2, 2, 0, 8, 0], [2, 2, 8, 0, 0], [0, 8, 0, 0, 8], [2, 2, 8, 8, 8], [2, 2, 0, 0, 0], [0, 8, 0, 0, 0], [0, 0, 8, 0, 0]], "output": [[8]]}, {"input": [[0, 0, 8, 0, 0, 0, 0, 0], [0, 8, 0, 8, 8, 8, 2, 2], [0, 0, 2, 2, 8, 8, 2, 2], [0, 0, 2, 2, 0, 8, 0, 8], [0, 8, 0, 0, 0, 8, 0, 0], [8, 0, 8, 0, 0, 0, 8, 8], [0, 0, 8, 8, 8, 0, 8, 8]], "output": [[8]]}, {"input": [[0, 8, 8, 8, 8], [0, 0, 0, 0, 8], [0, 0, 8, 0, 8], [2, 2, 0, 2, 2], [2, 2, 8, 2, 2], [0, 0, 0, 8, 0]], "output": [[8]]}, {"input": [[0, 8, 8, 8, 8, 0], [0, 0, 0, 0, 2, 2], [0, 2, 2, 0, 2, 2], [0, 2, 2, 0, 0, 0], [0, 8, 8, 0, 0, 8]], "output": [[0]]}, {"input": [[2, 2, 0, 2, 2, 8, 8], [2, 2, 8, 2, 2, 0, 0], [0, 8, 8, 8, 0, 0, 8], [0, 8, 0, 8, 0, 0, 0], [0, 0, 8, 8, 0, 0, 8], [8, 8, 8, 0, 0, 0, 0], [0, 0, 0, 8, 0, 0, 0]], "output": [[8]]}, {"input": [[8, 2, 2, 0, 0, 0, 0], [8, 2, 2, 0, 8, 0, 0], [0, 0, 0, 0, 0, 2, 2], [0, 0, 0, 0, 8, 2, 2], [0, 8, 0, 8, 8, 0, 0], [0, 0, 0, 0, 0, 0, 0], [8, 8, 0, 0, 0, 0, 8]], "output": [[0]]}, {"input": [[0, 0, 8, 8, 0, 0], [8, 8, 8, 8, 2, 2], [8, 8, 8, 0, 2, 2], [2, 2, 8, 8, 0, 8], [2, 2, 8, 0, 8, 0]], "output": [[8]]}, {"input": [[8, 0, 0, 8, 8, 8, 8], [8, 8, 0, 0, 0, 0, 8], [0, 2, 2, 0, 0, 2, 2], [0, 2, 2, 0, 0, 2, 2], [0, 0, 8, 0, 0, 8, 8], [0, 0, 8, 0, 8, 8, 0], [8, 0, 8, 0, 0, 8, 0]], "output": [[0]]}, {"input": [[2, 2, 8, 0, 0, 8, 0, 8], [2, 2, 0, 0, 0, 8, 0, 0], [0, 0, 8, 0, 8, 8, 8, 0], [0, 0, 8, 8, 0, 0, 0, 0], [0, 0, 8, 0, 0, 0, 2, 2], [0, 0, 0, 0, 0, 8, 2, 2]], "output": [[0]]}, {"input": [[8, 0, 8, 8, 0, 0], [8, 8, 0, 8, 2, 2], [8, 2, 2, 0, 2, 2], [0, 2, 2, 8, 8, 8], [8, 8, 8, 0, 0, 8]], "output": [[8]]}, {"input": [[2, 2, 0, 0, 0, 8], [2, 2, 0, 8, 8, 0], [8, 0, 0, 0, 8, 0], [8, 0, 2, 2, 0, 0], [0, 0, 2, 2, 8, 8]], "output": [[0]]}, {"input": [[8, 0, 0, 0, 0, 0, 8, 0], [0, 8, 8, 0, 2, 2, 0, 8], [8, 0, 8, 8, 2, 2, 0, 0], [0, 8, 8, 0, 0, 8, 0, 8], [8, 8, 0, 0, 8, 0, 0, 0], [0, 2, 2, 0, 8, 0, 8, 0], [8, 2, 2, 8, 0, 0, 0, 0]], "output": [[8]]}, {"input": [[0, 8, 2, 2, 0, 8, 0, 0], [8, 8, 2, 2, 0, 0, 0, 0], [0, 0, 8, 8, 8, 2, 2, 0], [0, 0, 8, 0, 8, 2, 2, 0], [0, 0, 0, 0, 8, 8, 8, 0]], "output": [[8]]}, {"input": [[0, 8, 0, 8, 0, 8], [0, 8, 8, 0, 8, 0], [8, 0, 2, 2, 0, 0], [8, 0, 2, 2, 8, 8], [0, 0, 0, 8, 0, 8], [0, 0, 0, 2, 2, 8], [8, 0, 0, 2, 2, 8]], "output": [[8]]}, {"input": [[0, 0, 0, 0, 0, 0], [0, 8, 0, 8, 0, 0], [0, 0, 0, 8, 0, 8], [8, 2, 2, 0, 2, 2], [0, 2, 2, 8, 2, 2], [0, 0, 0, 0, 8, 0], [8, 0, 8, 0, 0, 8]], "output": [[8]]}, {"input": [[0, 8, 0, 8, 0, 0, 0, 0], [0, 0, 0, 0, 0, 0, 2, 2], [0, 0, 8, 0, 0, 8, 2, 2], [8, 0, 2, 2, 0, 8, 0, 0], [8, 8, 2, 2, 0, 0, 8, 8]], "output": [[0]]}, {"input": [[0, 0, 8, 8, 0], [8, 8, 8, 2, 2], [8, 0, 8, 2, 2], [0, 0, 8, 0, 0], [0, 0, 0, 0, 0], [2, 2, 0, 8, 8], [2, 2, 0, 0, 0]], "output": [[0]]}, {"input": [[8, 8, 8, 8, 8, 8, 8, 0], [0, 0, 0, 0, 8, 8, 0, 8], [0, 2, 2, 0, 0, 0, 0, 0], [0, 2, 2, 0, 8, 8, 8, 0], [0, 0, 8, 0, 8, 0, 8, 0], [0, 0, 2, 2, 0, 8, 8, 8], [0, 8, 2, 2, 8, 0, 0, 0]], "output": [[8]]}, {"input": [[0, 0, 0, 0, 0, 0, 8], [8, 0, 0, 0, 0, 2, 2], [0, 2, 2, 0, 0, 2, 2], [8, 2, 2, 0, 8, 8, 0], [8, 8, 0, 0, 8, 0, 8], [8, 8, 0, 0, 0, 8, 8], [8, 8, 8, 8, 0, 0, 0], [0, 0, 8, 8, 0, 8, 0]], "output": [[0]]}, {"input": [[8, 0, 0, 0, 8, 2, 2, 0], [0, 0, 8, 0, 0, 2, 2, 0], [0, 0, 8, 8, 0, 0, 8, 0], [0, 0, 8, 2, 2, 0, 0, 0], [8, 0, 0, 2, 2, 0, 8, 0], [8, 0, 8, 8, 8, 0, 8, 8]], "output": [[0]]}, {"input": [[0, 8, 8, 8, 0], [2, 2, 0, 0, 0], [2, 2, 0, 2, 2], [0, 0, 0, 2, 2], [0, 0, 0, 0, 0]], "output": [[0]]}, {"input": [[8, 8, 0, 0, 0, 0, 0, 0], [8, 0, 0, 0, 2, 2, 8, 8], [8, 8, 0, 8, 2, 2, 8, 0], [8, 0, 8, 0, 0, 8, 0, 8], [8, 8, 0, 8, 2, 2, 0, 0], [8, 8, 0, 0, 2, 2, 8, 0], [0, 8, 0, 0, 0, 0, 0, 0], [0, 8, 0, 0, 8, 0, 0, 0]], "output": [[8]]}, {"input": [[0, 0, 8, 2, 2], [0, 0, 0, 2, 2], [8, 0, 0, 0, 0], [0, 0, 0, 0, 8], [8, 0, 0, 2, 2], [0, 8, 8, 2, 2]], "output": [[0]]}, {"input": [[8, 0, 8, 0, 0, 0, 0, 8], [0, 0, 0, 0, 8, 8, 0, 0], [0, 8, 0, 0, 0, 0, 0, 8], [0, 8, 8, 0, 0, 0, 8, 8], [0, 2, 2, 0, 0, 2, 2, 0], [0, 2, 2, 0, 8, 2, 2, 0]], "output": [[0]]}, {"input": [[0, 8, 2, 2, 0, 0, 0], [8, 0, 2, 2, 8, 8, 0], [0, 0, 0, 0, 0, 8, 0], [0, 8, 2, 2, 0, 0, 0], [0, 0, 2, 2, 0, 0, 8], [0, 0, 8, 8, 0, 0, 8], [8, 0, 0, 8, 8, 8, 0], [0, 8, 0, 0, 8, 8, 0]], "output": [[0]]}, {"input": [[0, 0, 0, 2, 2, 0, 8, 0], [0, 8, 8, 2, 2, 0, 0, 0], [0, 8, 8, 8, 0, 0, 0, 8], [0, 0, 0, 0, 0, 0, 0, 8], [0, 8, 8, 8, 0, 8, 0, 8], [0, 8, 0, 8, 2, 2, 8, 0], [0, 0, 0, 8, 2, 2, 0, 8]], "output": [[0]]}, {"input": [[0, 8, 0, 8, 8, 8, 0], [0, 0, 0, 8, 0, 8, 8], [0, 0, 8, 0, 0, 2, 2], [2, 2, 0, 8, 0, 2, 2], [2, 2, 8, 8, 8, 8, 0]], "output": [[8]]}, {"input": [[0, 0, 0, 0, 0, 0, 0], [0, 8, 0, 8, 0, 0, 0], [8, 0, 0, 0, 0, 8, 8], [0, 8, 8, 8, 2, 2, 0], [8, 0, 8, 0, 2, 2, 0], [8, 8, 0, 8, 0, 8, 0], [0, 0, 8, 0, 2, 2, 0], [0, 0, 8, 0, 2, 2, 8]], "output": [[8]]}, {"input": [[0, 0, 0, 2, 2], [0, 8, 0, 2, 2], [0, 0, 0, 8, 8], [8, 8, 0, 8, 0], [8, 8, 0, 2, 2], [0, 0, 0, 2, 2], [0, 0, 0, 0, 8]], "output": [[8]]}, {"input": [[8, 0, 0, 8, 0, 8, 0, 8], [0, 0, 0, 8, 8, 0, 8, 8], [0, 0, 0, 8, 0, 0, 0, 0], [0, 0, 0, 8, 0, 0, 2, 2], [0, 0, 8, 8, 0, 0, 2, 2], [8, 8, 8, 0, 8, 0, 0, 0], [0, 0, 2, 2, 8, 8, 0, 0], [0, 0, 2, 2, 0, 8, 0, 0]], "output": [[0]]}, {"input": [[0, 0, 8, 0, 0, 0, 0, 0], [0, 0, 2, 2, 0, 0, 8, 0], [0, 8, 2, 2, 8, 8, 0, 8], [0, 0, 8, 0, 8, 8, 8, 8], [8, 2, 2, 8, 8, 8, 0, 0], [8, 2, 2, 8, 8, 0, 0, 8], [8, 0, 0, 8, 8, 8, 0, 0]], "output": [[8]]}, {"input": [[8, 8, 8, 0, 0, 0, 8], [0, 0, 8, 8, 8, 2, 2], [0, 0, 0, 8, 8, 2, 2], [8, 8, 8, 8, 8, 8, 8], [2, 2, 0, 0, 0, 0, 0], [2, 2, 0, 0, 8, 8, 8]], "output": [[8]]}, {"input": [[0, 0, 0, 0, 8, 0, 0, 0], [2, 2, 8, 8, 0, 8, 8, 8], [2, 2, 0, 8, 0, 8, 0, 0], [8, 0, 8, 0, 8, 0, 0, 0], [0, 0, 0, 8, 0, 0, 8, 0], [0, 0, 0, 0, 0, 8, 0, 8], [0, 0, 2, 2, 0, 0, 0, 0], [8, 0, 2, 2, 0, 8, 8, 0]], "output": [[0]]}, {"input": [[2, 2, 0, 8, 0, 0], [2, 2, 0, 0, 0, 0], [0, 8, 8, 0, 0, 8], [0, 0, 0, 0, 2, 2], [0, 8, 0, 8, 2, 2]], "output": [[0]]}, {"input": [[0, 0, 0, 0, 0], [8, 8, 0, 8, 8], [0, 8, 0, 8, 8], [8, 0, 0, 0, 0], [2, 2, 0, 0, 8], [2, 2, 8, 2, 2], [8, 0, 0, 2, 2], [0, 8, 0, 8, 8]], "output": [[8]]}, {"input": [[8, 0, 2, 2, 8], [0, 0, 2, 2, 0], [0, 0, 0, 0, 0], [8, 0, 0, 2, 2], [8, 8, 8, 2, 2]], "output": [[0]]}, {"input": [[8, 8, 0, 0, 0, 0, 0], [0, 8, 0, 0, 0, 8, 0], [0, 0, 0, 0, 0, 2, 2], [0, 8, 8, 8, 8, 2, 2], [8, 8, 2, 2, 0, 0, 0], [0, 0, 2, 2, 0, 8, 8]], "output": [[8]]}, {"input": [[0, 0, 0, 8, 8, 0, 2, 2], [0, 8, 8, 0, 0, 0, 2, 2], [0, 0, 0, 2, 2, 8, 8, 0], [0, 0, 8, 2, 2, 0, 8, 0], [0, 0, 0, 8, 0, 0, 0, 0], [8, 0, 8, 0, 8, 8, 0, 8], [8, 8, 0, 8, 8, 8, 0, 8]], "output": [[8]]}, {"input": [[0, 0, 0, 8, 2, 2], [0, 0, 0, 8, 2, 2], [0, 8, 0, 0, 8, 8], [0, 0, 0, 8, 2, 2], [0, 8, 8, 8, 2, 2], [0, 8, 0, 8, 0, 0], [0, 0, 0, 0, 0, 8], [0, 8, 0, 0, 0, 0]], "output": [[8]]}, {"input": [[8, 0, 8, 0, 0, 0], [0, 8, 8, 0, 2, 2], [0, 0, 0, 8, 2, 2], [8, 8, 0, 8, 0, 0], [0, 8, 0, 0, 0, 0], [2, 2, 0, 8, 8, 8], [2, 2, 0, 0, 8, 8]], "output": [[0]]}, {"input": [[0, 0, 8, 8, 8, 0], [8, 2, 2, 8, 2, 2], [8, 2, 2, 0, 2, 2], [8, 8, 0, 0, 8, 0], [8, 8, 8, 0, 0, 0], [8, 0, 0, 0, 0, 8], [0, 8, 0, 8, 8, 0], [0, 8, 0, 0, 0, 8]], "output": [[8]]}, {"input": [[0, 0, 0, 0, 8], [0, 8, 0, 2, 2], [0, 8, 8, 2, 2], [2, 2, 0, 0, 0], [2, 2, 0, 0, 0]], "output": [[8]]}, {"input": [[8, 8, 0, 8, 0, 8, 8], [0, 0, 0, 0, 0, 8, 0], [0, 0, 8, 8, 0, 0, 0], [0, 0, 0, 0, 2, 2, 8], [0, 2, 2, 0, 2, 2, 8], [8, 2, 2, 8, 8, 0, 0]], "output": [[8]]}, {"input": [[8, 0, 0, 0, 2, 2], [8, 0, 8, 8, 2, 2], [0, 8, 0, 0, 8, 8], [0, 8, 0, 2, 2, 0], [0, 0, 8, 2, 2, 0]], "output": [[8]]}, {"input": [[0, 8, 0, 8, 0], [2, 2, 0, 8, 0], [2, 2, 0, 8, 0], [0, 0, 0, 8, 0], [0, 8, 8, 0, 0], [8, 8, 2, 2, 8], [8, 0, 2, 2, 0]], "output": [[0]]}, {"input": [[0, 0, 8, 8, 8], [0, 0, 0, 2, 2], [2, 2, 0, 2, 2], [2, 2, 0, 0, 0], [0, 8, 0, 8, 8], [0, 0, 8, 0, 0], [0, 0, 0, 0, 8], [8, 0, 8, 0, 0]], "output": [[0]]}, {"input": [[0, 0, 0, 8, 8, 0, 8], [8, 0, 8, 0, 0, 8, 0], [0, 8, 8, 0, 0, 0, 0], [8, 0, 0, 8, 8, 0, 8], [8, 0, 2, 2, 0, 2, 2], [8, 0, 2, 2, 8, 2, 2], [0, 0, 8, 0, 0, 8, 0], [0, 8, 0, 0, 0, 0, 0]], "output": [[8]]}, {"input": [[0, 0, 2, 2, 8, 0], [0, 8, 2, 2, 0, 0], [0, 8, 0, 0, 8, 0], [0, 8, 2, 2, 0, 8], [0, 8, 2, 2, 0, 8]], "output": [[8]]}, {"input": [[0, 8, 0, 8, 8, 8], [8, 0, 0, 0, 0, 8], [8, 8, 0, 0, 0, 8], [2, 2, 0, 2, 2, 0], [2, 2, 8, 2, 2, 0], [0, 0, 0, 8, 8, 8], [8, 8, 8, 0, 8, 8], [0, 0, 0, 8, 0, 8]], "output": [[8]]}, {"input": [[0, 8, 0, 8, 0, 8, 0], [8, 8, 0, 0, 2, 2, 8], [8, 8, 8, 8, 2, 2, 0], [8, 2, 2, 0, 8, 8, 0], [0, 2, 2, 0, 8, 0, 8], [0, 0, 0, 8, 8, 0, 8], [0, 0, 8, 0, 0, 0, 0]], "output": [[8]]}, {"input": [[0, 8, 0, 8, 8, 0, 0, 0], [0, 0, 0, 8, 0, 0, 2, 2], [8, 0, 0, 8, 0, 0, 2, 2], [0, 8, 0, 2, 2, 8, 8, 8], [0, 0, 0, 2, 2, 0, 0, 0]], "output": [[8]]}, {"input": [[8, 8, 2, 2, 0], [0, 8, 2, 2, 0], [0, 0, 0, 0, 0], [8, 0, 0, 0, 0], [2, 2, 0, 0, 8], [2, 2, 8, 0, 0]], "output": [[0]]}, {"input": [[0, 2, 2, 0, 0, 0, 0], [0, 2, 2, 0, 8, 0, 0], [0, 0, 0, 0, 0, 0, 8], [8, 8, 0, 0, 2, 2, 0], [8, 0, 0, 8, 2, 2, 8]], "output": [[0]]}, {"input": [[8, 2, 2, 8, 0], [0, 2, 2, 0, 0], [0, 8, 0, 0, 0], [0, 8, 0, 8, 0], [0, 8, 0, 8, 0], [2, 2, 0, 0, 0], [2, 2, 0, 8, 8]], "output": [[8]]}, {"input": [[0, 8, 8, 0, 0], [8, 2, 2, 0, 0], [8, 2, 2, 0, 0], [0, 0, 0, 0, 8], [8, 0, 8, 0, 8], [0, 0, 2, 2, 0], [0, 0, 2, 2, 0]], "output": [[0]]}, {"input": [[0, 8, 0, 0, 8, 8, 0], [0, 0, 2, 2, 8, 8, 8], [0, 8, 2, 2, 0, 0, 0], [0, 8, 0, 8, 8, 0, 0], [8, 0, 0, 0, 0, 0, 8], [0, 8, 0, 2, 2, 0, 8], [8, 8, 0, 2, 2, 0, 0]], "output": [[0]]}, {"input": [[0, 8, 0, 0, 0], [2, 2, 0, 8, 8], [2, 2, 8, 0, 8], [0, 8, 8, 8, 0], [0, 0, 8, 0, 0], [8, 0, 0, 0, 0], [0, 8, 2, 2, 0], [0, 0, 2, 2, 8]], "output": [[0]]}, {"input": [[2, 2, 0, 8, 0, 0, 0], [2, 2, 8, 0, 0, 0, 8], [0, 8, 8, 0, 8, 0, 0], [0, 0, 2, 2, 0, 0, 0], [0, 8, 2, 2, 8, 8, 0]], "output": [[8]]}, {"input": [[0, 2, 2, 8, 0, 0], [8, 2, 2, 8, 2, 2], [8, 0, 0, 8, 2, 2], [0, 8, 0, 0, 0, 8], [8, 8, 0, 0, 0, 8], [0, 0, 0, 8, 0, 0], [0, 0, 8, 0, 0, 8]], "output": [[8]]}, {"input": [[8, 8, 0, 2, 2, 8, 8], [0, 8, 0, 2, 2, 0, 0], [8, 8, 8, 8, 0, 0, 8], [0, 0, 0, 0, 0, 8, 0], [0, 2, 2, 0, 0, 0, 8], [0, 2, 2, 8, 0, 8, 8]], "output": [[0]]}, {"input": [[0, 8, 8, 8, 0], [8, 8, 0, 0, 0], [2, 2, 0, 8, 0], [2, 2, 0, 0, 0], [0, 0, 0, 2, 2], [0, 0, 8, 2, 2], [0, 0, 0, 0, 0], [0, 0, 8, 0, 0]], "output": [[0]]}, {"input": [[0, 0, 8, 0, 8, 2, 2, 8], [8, 0, 8, 0, 0, 2, 2, 0], [8, 8, 0, 0, 8, 8, 8, 0], [8, 0, 8, 0, 8, 0, 8, 8], [8, 8, 0, 2, 2, 8, 0, 8], [0, 8, 8, 2, 2, 0, 8, 0]], "output": [[8]]}, {"input": [[8, 2, 2, 8, 0, 0], [0, 2, 2, 8, 0, 0], [0, 0, 0, 8, 8, 8], [0, 8, 2, 2, 0, 0], [0, 8, 2, 2, 8, 0]], "output": [[8]]}, {"input": [[0, 8, 0, 2, 2], [0, 8, 8, 2, 2], [8, 0, 0, 8, 8], [8, 8, 0, 0, 8], [8, 0, 0, 8, 8], [8, 0, 8, 2, 2], [8, 0, 8, 2, 2]], "output": [[8]]}, {"input": [[8, 0, 8, 8, 0], [2, 2, 0, 0, 0], [2, 2, 8, 2, 2], [0, 0, 8, 2, 2], [8, 0, 8, 8, 8]], "output": [[8]]}, {"input": [[8, 0, 0, 0, 0], [8, 0, 0, 8, 8], [0, 0, 8, 8, 0], [2, 2, 0, 2, 2], [2, 2, 8, 2, 2]], "output": [[8]]}, {"input": [[2, 2, 0, 8, 0], [2, 2, 8, 8, 8], [8, 0, 8, 8, 8], [0, 8, 2, 2, 0], [8, 0, 2, 2, 8]], "output": [[8]]}, {"input": [[0, 8, 2, 2, 8, 8, 8], [0, 8, 2, 2, 8, 8, 8], [0, 0, 8, 0, 8, 0, 8], [0, 0, 0, 8, 0, 2, 2], [0, 0, 0, 0, 8, 2, 2]], "output": [[8]]}, {"input": [[0, 2, 2, 8, 0, 0], [0, 2, 2, 0, 0, 0], [0, 8, 8, 8, 8, 0], [0, 8, 0, 0, 8, 8], [0, 8, 0, 0, 0, 8], [0, 0, 8, 8, 2, 2], [0, 8, 0, 0, 2, 2], [8, 8, 0, 0, 0, 0]], "output": [[8]]}, {"input": [[0, 0, 0, 2, 2], [2, 2, 0, 2, 2], [2, 2, 0, 0, 8], [8, 0, 8, 0, 8], [0, 0, 0, 0, 0]], "output": [[0]]}, {"input": [[8, 0, 8, 0, 8, 0, 0], [0, 0, 8, 0, 8, 8, 0], [0, 0, 8, 0, 0, 8, 8], [0, 0, 8, 8, 0, 8, 0], [2, 2, 8, 8, 8, 0, 8], [2, 2, 0, 2, 2, 0, 0], [0, 0, 8, 2, 2, 0, 8], [8, 8, 0, 0, 8, 0, 8]], "output": [[8]]}, {"input": [[0, 0, 8, 8, 8], [0, 0, 0, 2, 2], [2, 2, 0, 2, 2], [2, 2, 0, 8, 0], [0, 8, 8, 8, 0]], "output": [[8]]}, {"input": [[8, 8, 8, 0, 8], [8, 2, 2, 0, 0], [8, 2, 2, 8, 8], [0, 0, 0, 0, 0], [0, 2, 2, 8, 8], [0, 2, 2, 8, 0], [0, 0, 8, 0, 8]], "output": [[0]]}, {"input": [[0, 0, 0, 0, 8, 0, 2, 2], [8, 0, 8, 2, 2, 8, 2, 2], [0, 8, 8, 2, 2, 0, 8, 0], [0, 8, 0, 8, 8, 8, 8, 0], [0, 0, 8, 0, 8, 0, 0, 0], [8, 0, 8, 8, 0, 8, 0, 0], [8, 8, 0, 8, 0, 0, 0, 8], [0, 0, 0, 0, 0, 0, 0, 0]], "output": [[8]]}, {"input": [[0, 0, 2, 2, 0, 0, 8], [0, 8, 2, 2, 0, 0, 0], [0, 0, 0, 0, 0, 0, 0], [2, 2, 0, 0, 0, 0, 8], [2, 2, 0, 0, 8, 8, 0], [8, 0, 8, 8, 0, 0, 8], [0, 0, 8, 8, 8, 0, 0]], "output": [[0]]}, {"input": [[8, 2, 2, 8, 0], [0, 2, 2, 0, 8], [8, 0, 0, 0, 8], [0, 0, 0, 0, 8], [2, 2, 8, 0, 0], [2, 2, 8, 8, 0]], "output": [[0]]}, {"input": [[0, 8, 8, 8, 0], [0, 8, 0, 8, 8], [2, 2, 8, 0, 0], [2, 2, 8, 8, 0], [0, 8, 8, 0, 0], [0, 2, 2, 8, 8], [0, 2, 2, 0, 0], [8, 0, 0, 0, 0]], "output": [[8]]}, {"input": [[8, 8, 0, 0, 0], [2, 2, 8, 8, 0], [2, 2, 8, 2, 2], [8, 0, 0, 2, 2], [0, 0, 8, 0, 8], [8, 8, 8, 8, 8], [0, 0, 0, 0, 0]], "output": [[8]]}, {"input": [[0, 2, 2, 0, 8], [0, 2, 2, 8, 0], [0, 0, 0, 0, 0], [8, 0, 8, 2, 2], [0, 0, 8, 2, 2], [0, 8, 0, 0, 0], [8, 8, 8, 0, 0]], "output": [[0]]}, {"input": [[2, 2, 8, 2, 2, 8], [2, 2, 0, 2, 2, 8], [0, 0, 0, 8, 0, 8], [0, 0, 0, 8, 8, 0], [8, 0, 0, 0, 8, 8], [0, 0, 0, 8, 0, 0]], "output": [[8]]}, {"input": [[8, 0, 0, 8, 0, 0, 8], [0, 0, 8, 8, 8, 8, 0], [8, 0, 8, 8, 8, 0, 0], [0, 2, 2, 0, 2, 2, 0], [0, 2, 2, 8, 2, 2, 0], [0, 0, 8, 0, 8, 0, 0], [0, 0, 0, 0, 8, 8, 8], [0, 8, 8, 0, 0, 0, 8]], "output": [[8]]}, {"input": [[0, 0, 8, 8, 0, 0, 8], [8, 0, 0, 0, 0, 0, 0], [0, 0, 8, 8, 8, 0, 0], [0, 0, 2, 2, 8, 0, 8], [0, 8, 2, 2, 0, 0, 0], [8, 0, 0, 8, 8, 0, 8], [0, 8, 2, 2, 0, 0, 0], [0, 0, 2, 2, 8, 8, 8]], "output": [[8]]}, {"input": [[0, 2, 2, 0, 0, 0], [8, 2, 2, 8, 0, 8], [8, 0, 0, 0, 0, 0], [8, 2, 2, 0, 8, 0], [0, 2, 2, 8, 0, 0], [0, 0, 0, 0, 8, 8]], "output": [[8]]}, {"input": [[2, 2, 0, 0, 8, 8, 8], [2, 2, 0, 0, 0, 8, 0], [8, 0, 0, 0, 0, 0, 0], [0, 0, 0, 0, 0, 0, 0], [0, 0, 2, 2, 8, 0, 8], [0, 8, 2, 2, 0, 8, 0]], "output": [[0]]}, {"input": [[8, 8, 8, 0, 8, 0], [0, 0, 8, 8, 8, 0], [2, 2, 0, 0, 0, 0], [2, 2, 0, 0, 0, 0], [8, 8, 8, 8, 2, 2], [0, 0, 8, 0, 2, 2], [0, 8, 8, 0, 8, 0]], "output": [[8]]}, {"input": [[2, 2, 0, 8, 8], [2, 2, 0, 0, 0], [0, 0, 0, 8, 0], [8, 0, 0, 0, 0], [8, 8, 2, 2, 0], [0, 0, 2, 2, 8], [8, 0, 8, 8, 0]], "output": [[0]]}, {"input": [[8, 8, 0, 8, 8], [2, 2, 0, 0, 0], [2, 2, 0, 0, 8], [0, 0, 0, 2, 2], [0, 8, 0, 2, 2], [8, 8, 0, 8, 8]], "output": [[0]]}, {"input": [[0, 0, 0, 8, 8, 2, 2, 8], [0, 8, 0, 0, 0, 2, 2, 0], [0, 8, 8, 0, 0, 0, 8, 0], [0, 8, 0, 0, 8, 0, 2, 2], [0, 0, 8, 0, 8, 8, 2, 2], [8, 0, 8, 8, 8, 0, 0, 0]], "output": [[8]]}, {"input": [[8, 8, 8, 8, 0, 0, 0, 8], [0, 0, 2, 2, 8, 8, 8, 8], [0, 0, 2, 2, 0, 2, 2, 0], [0, 0, 0, 0, 0, 2, 2, 0], [0, 0, 8, 0, 0, 8, 0, 8]], "output": [[8]]}, {"input": [[0, 8, 0, 8, 8, 8], [0, 8, 0, 0, 0, 0], [8, 0, 0, 2, 2, 0], [8, 8, 0, 2, 2, 8], [0, 0, 0, 0, 0, 8], [8, 8, 2, 2, 8, 8], [8, 0, 2, 2, 0, 0]], "output": [[8]]}, {"input": [[0, 8, 0, 0, 0, 8, 8], [0, 8, 8, 0, 0, 8, 0], [8, 0, 8, 0, 8, 2, 2], [0, 2, 2, 8, 0, 2, 2], [0, 2, 2, 8, 8, 8, 8]], "output": [[8]]}, {"input": [[0, 0, 0, 0, 0, 0], [0, 2, 2, 0, 0, 0], [8, 2, 2, 0, 0, 8], [0, 0, 0, 0, 2, 2], [0, 8, 0, 0, 2, 2]], "output": [[0]]}, {"input": [[8, 8, 8, 2, 2, 0], [0, 0, 8, 2, 2, 8], [0, 8, 0, 0, 8, 0], [8, 0, 8, 8, 8, 0], [0, 8, 8, 8, 2, 2], [0, 8, 0, 0, 2, 2], [0, 8, 8, 0, 0, 0]], "output": [[8]]}, {"input": [[8, 8, 8, 8, 0], [2, 2, 0, 0, 8], [2, 2, 8, 2, 2], [0, 0, 0, 2, 2], [8, 8, 0, 0, 0]], "output": [[8]]}, {"input": [[8, 8, 0, 0, 0, 8, 0], [8, 0, 8, 0, 2, 2, 8], [8, 0, 8, 8, 2, 2, 0], [8, 0, 8, 0, 8, 0, 0], [8, 8, 0, 8, 8, 8, 0], [8, 0, 0, 8, 2, 2, 8], [0, 0, 0, 8, 2, 2, 0]], "output": [[8]]}, {"input": [[8, 0, 8, 0, 0, 8, 0], [0, 0, 0, 8, 0, 0, 0], [8, 0, 8, 0, 8, 8, 0], [0, 8, 0, 2, 2, 0, 8], [0, 0, 8, 2, 2, 0, 0], [2, 2, 8, 8, 0, 8, 0], [2, 2, 0, 0, 8, 8, 0]], "output": [[8]]}, {"input": [[8, 0, 8, 8, 0, 0, 8, 8], [0, 0, 8, 0, 8, 0, 0, 8], [0, 2, 2, 8, 0, 8, 8, 8], [0, 2, 2, 8, 0, 8, 8, 0], [0, 8, 8, 8, 2, 2, 0, 0], [0, 8, 8, 0, 2, 2, 8, 0]], "output": [[8]]}, {"input": [[0, 8, 0, 0, 2, 2], [8, 0, 8, 0, 2, 2], [0, 0, 0, 0, 0, 0], [0, 0, 0, 0, 0, 0], [0, 8, 8, 8, 0, 0], [0, 0, 8, 2, 2, 0], [0, 8, 0, 2, 2, 0]], "output": [[0]]}, {"input": [[0, 0, 0, 0, 0], [8, 0, 0, 8, 0], [2, 2, 8, 0, 8], [2, 2, 8, 2, 2], [8, 0, 0, 2, 2], [8, 8, 0, 0, 0]], "output": [[8]]}, {"input": [[0, 0, 8, 2, 2], [2, 2, 8, 2, 2], [2, 2, 0, 8, 0], [0, 0, 8, 0, 8], [0, 8, 0, 0, 8], [0, 0, 8, 0, 0], [0, 0, 8, 8, 8]], "output": [[8]]}, {"input": [[8, 0, 2, 2, 8], [8, 0, 2, 2, 0], [0, 0, 8, 8, 0], [0, 2, 2, 0, 0], [0, 2, 2, 8, 0]], "output": [[8]]}, {"input": [[2, 2, 0, 0, 0], [2, 2, 8, 8, 8], [8, 0, 0, 0, 8], [2, 2, 8, 0, 0], [2, 2, 8, 0, 0]], "output": [[8]]}, {"input": [[0, 0, 8, 8, 8, 0, 8], [0, 8, 0, 8, 0, 0, 0], [0, 8, 8, 0, 0, 2, 2], [0, 2, 2, 8, 0, 2, 2], [8, 2, 2, 0, 0, 0, 8], [0, 0, 8, 0, 8, 0, 8], [0, 0, 0, 8, 0, 0, 0]], "output": [[0]]}, {"input": [[0, 0, 2, 2, 8, 8], [0, 8, 2, 2, 8, 0], [0, 8, 8, 0, 0, 0], [8, 8, 8, 0, 8, 0], [8, 0, 0, 0, 2, 2], [0, 0, 0, 8, 2, 2]], "output": [[0]]}, {"input": [[8, 8, 0, 8, 0], [0, 0, 0, 8, 0], [0, 8, 0, 2, 2], [2, 2, 8, 2, 2], [2, 2, 8, 0, 8]], "output": [[8]]}, {"input": [[0, 8, 0, 0, 2, 2], [0, 0, 8, 8, 2, 2], [0, 8, 0, 8, 0, 0], [8, 8, 2, 2, 0, 0], [0, 0, 2, 2, 8, 8]], "output": [[8]]}, {"input": [[2, 2, 0, 0, 0, 0, 0], [2, 2, 0, 8, 0, 2, 2], [0, 8, 8, 0, 0, 2, 2], [0, 0, 0, 0, 8, 0, 8], [0, 8, 8, 0, 0, 0, 8]], "output": [[0]]}, {"input": [[0, 0, 0, 8, 0, 8, 0], [0, 0, 8, 0, 8, 2, 2], [0, 0, 8, 8, 0, 2, 2], [8, 0, 0, 0, 0, 0, 8], [0, 8, 0, 0, 0, 0, 8], [0, 0, 8, 0, 2, 2, 8], [0, 0, 8, 8, 2, 2, 0]], "output": [[8]]}, {"input": [[8, 0, 2, 2, 8, 0, 8, 8], [0, 0, 2, 2, 0, 0, 2, 2], [8, 0, 8, 0, 0, 8, 2, 2], [8, 8, 0, 0, 0, 0, 8, 8], [8, 0, 8, 0, 8, 8, 0, 0], [0, 0, 8, 0, 8, 0, 0, 0], [0, 0, 0, 0, 0, 0, 0, 8], [8, 8, 0, 8, 0, 0, 8, 0]], "output": [[0]]}, {"input": [[8, 8, 0, 0, 0, 0, 8], [0, 8, 0, 8, 0, 0, 0], [0, 0, 8, 0, 0, 8, 8], [0, 0, 8, 0, 2, 2, 8], [0, 0, 8, 0, 2, 2, 0], [0, 0, 0, 8, 8, 0, 8], [8, 0, 8, 0, 2, 2, 0], [0, 8, 8, 8, 2, 2, 0]], "output": [[8]]}, {"input": [[8, 0, 0, 0, 0, 8, 8, 8], [8, 0, 0, 0, 0, 0, 0, 0], [8, 2, 2, 0, 0, 8, 2, 2], [8, 2, 2, 8, 8, 8, 2, 2], [0, 0, 0, 8, 8, 0, 8, 0]], "output": [[8]]}, {"input": [[2, 2, 0, 0, 0], [2, 2, 8, 2, 2], [0, 8, 0, 2, 2], [8, 0, 8, 0, 0], [0, 8, 0, 0, 8], [0, 0, 8, 0, 8]], "output": [[8]]}, {"input": [[8, 8, 8, 0, 0, 0], [0, 0, 0, 8, 0, 0], [2, 2, 8, 8, 0, 8], [2, 2, 8, 0, 0, 8], [0, 8, 8, 8, 0, 8], [0, 8, 0, 8, 0, 0], [0, 0, 2, 2, 0, 8], [0, 0, 2, 2, 8, 0]], "output": [[8]]}, {"input": [[0, 0, 0, 8, 8], [0, 0, 2, 2, 8], [8, 8, 2, 2, 8], [8, 0, 8, 0, 8], [0, 8, 0, 0, 8], [8, 0, 8, 2, 2], [0, 0, 0, 2, 2]], "output": [[8]]}, {"input": [[0, 0, 8, 8, 8], [8, 0, 8, 8, 0], [8, 0, 0, 0, 8], [2, 2, 0, 2, 2], [2, 2, 8, 2, 2], [0, 0, 0, 0, 8]], "output": [[8]]}, {"input": [[0, 0, 8, 8, 0, 0, 8], [0, 8, 0, 8, 8, 8, 0], [0, 2, 2, 8, 8, 8, 0], [0, 2, 2, 8, 0, 2, 2], [0, 8, 0, 0, 0, 2, 2]], "output": [[8]]}, {"input": [[0, 0, 8, 8, 0, 0, 8], [8, 0, 0, 2, 2, 0, 8], [8, 0, 8, 2, 2, 8, 0], [0, 8, 0, 0, 0, 8, 8], [0, 8, 0, 8, 2, 2, 0], [8, 0, 0, 8, 2, 2, 0]], "output": [[8]]}, {"input": [[8, 0, 0, 8, 8, 8, 8, 8], [8, 2, 2, 8, 8, 0, 0, 8], [0, 2, 2, 8, 0, 0, 8, 0], [0, 8, 0, 0, 0, 8, 0, 0], [8, 8, 8, 8, 0, 0, 8, 0], [8, 0, 0, 8, 8, 2, 2, 0], [0, 0, 8, 0, 0, 2, 2, 0], [0, 0, 8, 8, 0, 0, 0, 0]], "output": [[8]]}, {"input": [[8, 2, 2, 0, 8], [0, 2, 2, 0, 0], [8, 8, 0, 0, 8], [2, 2, 0, 8, 0], [2, 2, 8, 8, 0]], "output": [[8]]}, {"input": [[2, 2, 8, 8, 8, 0], [2, 2, 8, 0, 0, 8], [0, 8, 0, 0, 8, 0], [2, 2, 0, 8, 0, 0], [2, 2, 8, 8, 8, 0], [8, 0, 0, 0, 8, 8], [8, 8, 8, 8, 8, 0]], "output": [[8]]}, {"input": [[0, 0, 0, 0, 8, 8, 0, 8], [0, 8, 0, 0, 8, 8, 8, 0], [8, 0, 0, 8, 0, 0, 0, 8], [8, 8, 0, 0, 0, 0, 8, 0], [0, 0, 8, 8, 0, 0, 8, 8], [2, 2, 8, 2, 2, 0, 0, 0], [2, 2, 0, 2, 2, 0, 0, 8], [0, 0, 0, 0, 0, 8, 0, 0]], "output": [[8]]}, {"input": [[0, 0, 2, 2, 0, 0], [8, 8, 2, 2, 8, 0], [8, 0, 8, 0, 0, 0], [0, 2, 2, 0, 8, 0], [0, 2, 2, 0, 0, 8]], "output": [[8]]}, {"input": [[0, 8, 0, 2, 2], [0, 0, 8, 2, 2], [0, 8, 8, 8, 8], [8, 0, 0, 2, 2], [8, 0, 8, 2, 2], [0, 8, 0, 8, 8]], "output": [[8]]}, {"input": [[8, 8, 2, 2, 0], [0, 0, 2, 2, 8], [0, 8, 8, 8, 0], [0, 8, 2, 2, 8], [0, 8, 2, 2, 8], [0, 8, 0, 0, 0], [0, 0, 0, 0, 0]], "output": [[8]]}, {"input": [[0, 0, 0, 0, 8], [2, 2, 0, 0, 0], [2, 2, 8, 2, 2], [0, 0, 0, 2, 2], [0, 0, 0, 0, 0]], "output": [[8]]}, {"input": [[2, 2, 0, 0, 8], [2, 2, 0, 0, 8], [0, 8, 0, 8, 8], [8, 8, 0, 0, 8], [8, 0, 0, 0, 8], [8, 2, 2, 8, 0], [0, 2, 2, 0, 8], [0, 8, 8, 0, 0]], "output": [[8]]}, {"input": [[0, 8, 0, 2, 2], [8, 0, 0, 2, 2], [8, 0, 8, 8, 8], [0, 0, 8, 8, 8], [0, 8, 2, 2, 0], [0, 8, 2, 2, 8], [0, 0, 0, 0, 8]], "output": [[8]]}, {"input": [[8, 0, 2, 2, 0, 0, 0], [0, 0, 2, 2, 8, 0, 0], [0, 8, 0, 8, 0, 0, 0], [0, 8, 0, 2, 2, 0, 8], [0, 0, 0, 2, 2, 0, 0]], "output": [[8]]}, {"input": [[8, 0, 0, 0, 0, 8, 0], [0, 8, 0, 0, 8, 8, 8], [0, 8, 0, 0, 0, 2, 2], [8, 0, 0, 0, 0, 2, 2], [0, 2, 2, 8, 0, 0, 0], [0, 2, 2, 8, 0, 0, 8]], "output": [[0]]}, {"input": [[8, 0, 0, 8, 0, 0], [0, 0, 8, 0, 8, 0], [8, 8, 0, 8, 0, 0], [0, 8, 0, 0, 8, 0], [0, 0, 0, 0, 2, 2], [8, 2, 2, 8, 2, 2], [0, 2, 2, 8, 0, 8]], "output": [[8]]}, {"input": [[0, 8, 0, 8, 8], [0, 0, 0, 8, 0], [0, 8, 2, 2, 8], [8, 0, 2, 2, 8], [8, 0, 0, 8, 8], [0, 2, 2, 0, 8], [0, 2, 2, 8, 8], [8, 0, 0, 0, 8]], "output": [[8]]}, {"input": [[8, 0, 8, 0, 8], [8, 0, 8, 0, 0], [8, 8, 8, 2, 2], [2, 2, 0, 2, 2], [2, 2, 0, 0, 8]], "output": [[8]]}, {"input": [[8, 0, 0, 0, 8], [8, 8, 0, 2, 2], [2, 2, 8, 2, 2], [2, 2, 8, 8, 8], [0, 0, 8, 0, 0], [8, 0, 0, 8, 8], [0, 8, 8, 0, 8], [0, 8, 0, 8, 0]], "output": [[8]]}, {"input": [[8, 0, 8, 2, 2], [2, 2, 8, 2, 2], [2, 2, 8, 8, 8], [0, 8, 8, 0, 0], [0, 0, 8, 0, 0], [8, 0, 8, 8, 0], [8, 0, 8, 0, 0]], "output": [[8]]}, {"input": [[8, 8, 0, 8, 0, 0], [0, 8, 0, 2, 2, 8], [2, 2, 0, 2, 2, 8], [2, 2, 0, 0, 0, 8], [0, 8, 0, 8, 0, 0], [8, 0, 8, 8, 8, 0], [0, 0, 8, 8, 8, 0]], "output": [[0]]}, {"input": [[0, 0, 8, 0, 8, 0], [0, 0, 8, 0, 0, 8], [2, 2, 0, 0, 0, 8], [2, 2, 0, 0, 0, 0], [0, 8, 8, 0, 0, 8], [0, 8, 2, 2, 0, 0], [0, 0, 2, 2, 8, 0]], "output": [[8]]}, {"input": [[0, 8, 8, 0, 0, 8, 0], [8, 8, 0, 0, 8, 0, 0], [0, 2, 2, 8, 0, 0, 8], [0, 2, 2, 0, 0, 0, 0], [0, 0, 0, 0, 8, 0, 0], [8, 0, 8, 2, 2, 8, 8], [8, 0, 0, 2, 2, 0, 8], [0, 0, 0, 8, 0, 8, 0]], "output": [[0]]}, {"input": [[0, 0, 0, 0, 2, 2, 8], [0, 0, 8, 8, 2, 2, 0], [8, 0, 0, 0, 0, 8, 0], [8, 0, 0, 0, 0, 8, 8], [0, 0, 0, 8, 8, 2, 2], [0, 8, 0, 8, 0, 2, 2], [0, 8, 0, 0, 0, 0, 8]], "output": [[8]]}, {"input": [[0, 8, 0, 0, 0, 0, 8, 0], [8, 0, 0, 8, 0, 8, 0, 0], [0, 0, 8, 0, 0, 8, 0, 0], [0, 0, 8, 0, 0, 0, 2, 2], [2, 2, 8, 0, 8, 8, 2, 2], [2, 2, 0, 0, 8, 0, 0, 8], [8, 8, 8, 0, 8, 0, 0, 8]], "output": [[0]]}, {"input": [[0, 8, 2, 2, 8, 8, 0], [0, 0, 2, 2, 8, 8, 8], [0, 0, 0, 8, 8, 8, 0], [0, 8, 0, 8, 0, 8, 8], [0, 8, 0, 8, 0, 2, 2], [0, 0, 8, 0, 8, 2, 2]], "output": [[8]]}, {"input": [[0, 0, 8, 8, 8], [0, 8, 8, 8, 8], [8, 8, 0, 0, 8], [2, 2, 0, 2, 2], [2, 2, 0, 2, 2]], "output": [[8]]}, {"input": [[2, 2, 0, 0, 8], [2, 2, 0, 2, 2], [0, 8, 8, 2, 2], [0, 0, 0, 0, 0], [0, 8, 8, 0, 8], [0, 0, 8, 8, 8], [8, 0, 0, 0, 8], [0, 8, 0, 0, 0]], "output": [[8]]}, {"input": [[0, 8, 2, 2, 0, 8, 8], [8, 0, 2, 2, 8, 8, 0], [0, 8, 8, 0, 0, 8, 8], [0, 0, 0, 0, 0, 8, 8], [2, 2, 0, 0, 0, 0, 8], [2, 2, 0, 8, 8, 0, 0], [0, 0, 8, 0, 8, 8, 0], [8, 8, 0, 0, 0, 0, 8]], "output": [[0]]}, {"input": [[8, 0, 8, 0, 2, 2, 8, 8], [0, 0, 0, 8, 2, 2, 0, 8], [8, 0, 8, 0, 0, 8, 0, 8], [0, 0, 0, 8, 0, 8, 0, 0], [0, 8, 0, 2, 2, 8, 8, 0], [0, 0, 0, 2, 2, 0, 0, 8]], "output": [[8]]}, {"input": [[0, 8, 0, 2, 2, 0, 0], [0, 0, 8, 2, 2, 8, 8], [2, 2, 8, 8, 0, 8, 0], [2, 2, 0, 0, 8, 0, 8], [0, 0, 8, 8, 8, 0, 8]], "output": [[8]]}, {"input": [[8, 8, 8, 8, 0, 8], [2, 2, 8, 0, 0, 0], [2, 2, 8, 2, 2, 8], [8, 8, 8, 2, 2, 0], [0, 0, 0, 0, 8, 8]], "output": [[8]]}, {"input": [[0, 0, 0, 0, 8, 8, 2, 2], [0, 0, 0, 8, 8, 8, 2, 2], [0, 0, 0, 0, 8, 8, 8, 0], [0, 2, 2, 0, 0, 0, 8, 0], [0, 2, 2, 0, 0, 0, 8, 8], [0, 0, 0, 0, 0, 8, 0, 8], [0, 0, 8, 8, 0, 8, 0, 0], [8, 0, 0, 8, 0, 8, 0, 8]], "output": [[0]]}, {"input": [[8, 0, 0, 2, 2, 8, 8], [8, 0, 0, 2, 2, 8, 8], [8, 8, 8, 8, 0, 0, 8], [0, 0, 8, 8, 0, 8, 0], [0, 0, 2, 2, 0, 8, 8], [8, 0, 2, 2, 0, 8, 8]], "output": [[8]]}, {"input": [[0, 0, 0, 0, 8, 2, 2], [0, 8, 0, 8, 0, 2, 2], [0, 8, 8, 0, 0, 8, 8], [0, 0, 2, 2, 8, 8, 0], [0, 0, 2, 2, 8, 0, 0]], "output": [[8]]}, {"input": [[0, 0, 2, 2, 0, 0], [0, 0, 2, 2, 0, 0], [0, 8, 8, 8, 0, 0], [8, 0, 2, 2, 0, 0], [0, 0, 2, 2, 0, 0]], "output": [[8]]}, {"input": [[0, 8, 8, 0, 0], [0, 8, 2, 2, 0], [0, 0, 2, 2, 8], [8, 8, 8, 0, 0], [0, 0, 8, 0, 8], [0, 2, 2, 0, 8], [0, 2, 2, 0, 8], [8, 0, 0, 0, 0]], "output": [[8]]}, {"input": [[0, 8, 0, 0, 0, 8, 8], [0, 8, 0, 0, 0, 2, 2], [8, 0, 0, 0, 0, 2, 2], [8, 0, 2, 2, 0, 8, 8], [0, 0, 2, 2, 0, 0, 0], [0, 0, 0, 0, 8, 0, 0], [0, 8, 0, 8, 0, 8, 8]], "output": [[0]]}, {"input": [[2, 2, 0, 0, 8, 0, 0], [2, 2, 8, 8, 8, 8, 0], [0, 0, 0, 2, 2, 0, 0], [0, 0, 0, 2, 2, 0, 0], [8, 0, 8, 0, 0, 8, 0]], "output": [[8]]}, {"input": [[2, 2, 0, 0, 0, 8, 0, 8], [2, 2, 0, 8, 0, 8, 8, 8], [0, 0, 8, 0, 0, 0, 0, 0], [0, 8, 0, 0, 0, 0, 2, 2], [0, 0, 0, 0, 8, 0, 2, 2], [0, 8, 0, 8, 0, 0, 8, 0]], "output": [[0]]}]