[{"input": [[0, 0, 0, 0, 0], [0, 0, 0, 0, 0], [0, 0, 0, 1, 0], [0, 0, 0, 5, 0], [5, 5, 5, 5, 5]], "output": [[0, 0, 0, 0, 0], [0, 0, 0, 0, 0], [0, 0, 0, 0, 0], [0, 0, 0, 5, 0], [5, 5, 5, 1, 5]]}, {"input": [[0, 0, 0, 0, 0], [0, 0, 0, 0, 0], [0, 0, 1, 0, 0], [0, 0, 5, 0, 0], [5, 5, 5, 5, 5]], "output": [[0, 0, 0, 0, 0], [0, 0, 0, 0, 0], [0, 0, 0, 0, 0], [0, 0, 5, 0, 0], [5, 5, 1, 5, 5]]}, {"input": [[0, 0, 0, 0, 0], [0, 0, 0, 0, 0], [0, 0, 1, 0, 1], [0, 0, 5, 0, 5], [5, 5, 5, 5, 5]], "output": [[0, 0, 0, 0, 0], [0, 0, 0, 0, 0], [0, 0, 0, 0, 0], [0, 0, 5, 0, 5], [5, 5, 1, 5, 1]]}, {"input": [[0, 0, 0, 0, 0], [0, 0, 0, 0, 0], [0, 1, 0, 1, 0], [0, 5, 0, 5, 0], [5, 5, 5, 5, 5]], "output": [[0, 0, 0, 0, 0], [0, 0, 0, 0, 0], [0, 0, 0, 0, 0], [0, 5, 0, 5, 0], [5, 1, 5, 1, 5]]}, {"input": [[0, 0, 0, 0, 0], [0, 0, 0, 0, 0], [1, 0, 0, 0, 1], [5, 0, 0, 0, 5], [5, 5, 5, 5, 5]], "output": [[0, 0, 0, 0, 0], [0, 0, 0, 0, 0], [0, 0, 0, 0, 0], [5, 0, 0, 0, 5], [1, 5, 5, 5, 1]]}, {"input": [[0, 0, 0, 0, 0], [0, 0, 0, 0, 0], [0, 0, 0, 0, 1], [0, 0, 0, 0, 5], [5, 5, 5, 5, 5]], "output": [[0, 0, 0, 0, 0], [0, 0, 0, 0, 0], [0, 0, 0, 0, 0], [0, 0, 0, 0, 5], [5, 5, 5, 5, 1]]}, {"input": [[0, 0, 0, 0, 0], [0, 0, 0, 0, 0], [1, 0, 0, 1, 0], [5, 0, 0, 5, 0], [5, 5, 5, 5, 5]], "output": [[0, 0, 0, 0, 0], [0, 0, 0, 0, 0], [0, 0, 0, 0, 0], [5, 0, 0, 5, 0], [1, 5, 5, 1, 5]]}, {"input": [[0, 0, 0, 0, 0], [0, 0, 0, 0, 0], [1, 0, 1, 0, 0], [5, 0, 5, 0, 0], [5, 5, 5, 5, 5]], "output": [[0, 0, 0, 0, 0], [0, 0, 0, 0, 0], [0, 0, 0, 0, 0], [5, 0, 5, 0, 0], [1, 5, 1, 5, 5]]}, {"input": [[0, 0, 0, 0, 0], [0, 0, 0, 0, 0], [0, 1, 0, 0, 1], [0, 5, 0, 0, 5], [5, 5, 5, 5, 5]], "output": [[0, 0, 0, 0, 0], [0, 0, 0, 0, 0], [0, 0, 0, 0, 0], [0, 5, 0, 0, 5], [5, 1, 5, 5, 1]]}, {"input": [[0, 0, 0, 0, 0], [0, 0, 0, 0, 0], [1, 0, 0, 0, 0], [5, 0, 0, 0, 0], [5, 5, 5, 5, 5]], "output": [[0, 0, 0, 0, 0], [0, 0, 0, 0, 0], [0, 0, 0, 0, 0], [5, 0, 0, 0, 0], [1, 5, 5, 5, 5]]}, {"input": [[0, 0, 0, 0, 0], [0, 0, 0, 0, 0], [0, 1, 0, 0, 0], [0, 5, 0, 0, 0], [5, 5, 5, 5, 5]], "output": [[0, 0, 0, 0, 0], [0, 0, 0, 0, 0], [0, 0, 0, 0, 0], [0, 5, 0, 0, 0], [5, 1, 5, 5, 5]]}]