[{"input": [[6, 7, 2, 6, 1, 7, 2], [6, 7, 7, 6, 6, 6, 2], [7, 6, 7, 6, 6, 6, 2], [2, 6, 2, 7, 7, 1, 6], [6, 2, 2, 6, 2, 6, 6], [2, 1, 6, 7, 1, 7, 2], [1, 7, 7, 7, 6, 7, 6]], "output": [[2, 7, 1, 6, 2, 7, 6], [2, 6, 6, 6, 7, 7, 6], [2, 6, 6, 6, 7, 6, 7], [6, 1, 7, 7, 2, 6, 2], [6, 6, 2, 6, 2, 2, 6], [2, 7, 1, 7, 6, 1, 2], [6, 7, 6, 7, 7, 7, 1]]}, {"input": [[1, 6, 2], [7, 7, 7], [2, 6, 6]], "output": [[2, 6, 1], [7, 7, 7], [6, 6, 2]]}, {"input": [[7, 6, 6], [1, 7, 2], [7, 2, 1]], "output": [[6, 6, 7], [2, 7, 1], [1, 2, 7]]}, {"input": [[2, 6, 1, 1, 1], [2, 6, 2, 1, 1], [6, 6, 2, 6, 6], [1, 7, 2, 1, 2], [7, 7, 6, 7, 2]], "output": [[1, 1, 1, 6, 2], [1, 1, 2, 6, 2], [6, 6, 2, 6, 6], [2, 1, 2, 7, 1], [2, 7, 6, 7, 7]]}, {"input": [[7, 7, 2, 2, 7, 2, 1, 1], [7, 7, 7, 7, 2, 1, 6, 6], [7, 2, 2, 6, 2, 6, 6, 7], [1, 1, 1, 6, 6, 6, 2, 2], [1, 7, 7, 1, 7, 1, 7, 2], [6, 7, 6, 7, 6, 7, 6, 2], [1, 1, 7, 7, 6, 6, 2, 6], [1, 2, 2, 1, 2, 1, 7, 1]], "output": [[1, 1, 2, 7, 2, 2, 7, 7], [6, 6, 1, 2, 7, 7, 7, 7], [7, 6, 6, 2, 6, 2, 2, 7], [2, 2, 6, 6, 6, 1, 1, 1], [2, 7, 1, 7, 1, 7, 7, 1], [2, 6, 7, 6, 7, 6, 7, 6], [6, 2, 6, 6, 7, 7, 1, 1], [1, 7, 1, 2, 1, 2, 2, 1]]}, {"input": [[7, 1, 6, 7, 7], [7, 7, 2, 1, 6], [7, 6, 2, 7, 7], [1, 2, 7, 2, 2], [7, 1, 6, 2, 7]], "output": [[7, 7, 6, 1, 7], [6, 1, 2, 7, 7], [7, 7, 2, 6, 7], [2, 2, 7, 2, 1], [7, 2, 6, 1, 7]]}, {"input": [[2, 1, 1, 1, 7, 7, 2, 2], [7, 1, 7, 6, 2, 2, 7, 6], [1, 2, 1, 6, 7, 7, 2, 7], [1, 6, 1, 2, 1, 2, 1, 1], [7, 2, 6, 6, 6, 2, 2, 7], [6, 2, 6, 6, 1, 1, 1, 2], [1, 2, 2, 7, 7, 6, 1, 6], [2, 2, 2, 7, 2, 6, 2, 6]], "output": [[2, 2, 7, 7, 1, 1, 1, 2], [6, 7, 2, 2, 6, 7, 1, 7], [7, 2, 7, 7, 6, 1, 2, 1], [1, 1, 2, 1, 2, 1, 6, 1], [7, 2, 2, 6, 6, 6, 2, 7], [2, 1, 1, 1, 6, 6, 2, 6], [6, 1, 6, 7, 7, 2, 2, 1], [6, 2, 6, 2, 7, 2, 2, 2]]}, {"input": [[6, 7, 6, 7, 2, 2, 2, 1, 6], [2, 7, 2, 2, 1, 2, 7, 1, 2], [6, 2, 1, 2, 6, 1, 1, 7, 2], [1, 2, 7, 2, 6, 2, 1, 1, 6], [7, 6, 6, 6, 2, 6, 6, 2, 2], [2, 6, 2, 2, 2, 2, 1, 7, 7], [6, 2, 2, 2, 7, 1, 6, 2, 6], [1, 2, 1, 2, 6, 1, 7, 2, 7], [1, 6, 1, 1, 7, 6, 7, 7, 7]], "output": [[6, 1, 2, 2, 2, 7, 6, 7, 6], [2, 1, 7, 2, 1, 2, 2, 7, 2], [2, 7, 1, 1, 6, 2, 1, 2, 6], [6, 1, 1, 2, 6, 2, 7, 2, 1], [2, 2, 6, 6, 2, 6, 6, 6, 7], [7, 7, 1, 2, 2, 2, 2, 6, 2], [6, 2, 6, 1, 7, 2, 2, 2, 6], [7, 2, 7, 1, 6, 2, 1, 2, 1], [7, 7, 7, 6, 7, 1, 1, 6, 1]]}, {"input": [[2, 6, 7, 2, 7, 1], [7, 2, 7, 6, 2, 7], [2, 7, 1, 6, 6, 2], [7, 7, 7, 1, 6, 2], [6, 1, 6, 6, 2, 1], [6, 1, 7, 1, 2, 7]], "output": [[1, 7, 2, 7, 6, 2], [7, 2, 6, 7, 2, 7], [2, 6, 6, 1, 7, 2], [2, 6, 1, 7, 7, 7], [1, 2, 6, 6, 1, 6], [7, 2, 1, 7, 1, 6]]}, {"input": [[1, 1, 6], [6, 1, 6], [2, 6, 1]], "output": [[6, 1, 1], [6, 1, 6], [1, 6, 2]]}, {"input": [[1, 2, 6, 6, 7, 1, 6, 1, 6], [2, 1, 7, 6, 7, 2, 1, 2, 6], [1, 1, 6, 7, 7, 6, 1, 2, 1], [1, 1, 1, 6, 6, 2, 1, 1, 7], [2, 6, 2, 2, 6, 2, 1, 2, 1], [1, 2, 1, 7, 2, 6, 7, 6, 1], [2, 2, 1, 6, 7, 6, 2, 1, 2], [7, 7, 6, 2, 6, 1, 1, 1, 1], [1, 2, 1, 1, 1, 1, 7, 7, 7]], "output": [[6, 1, 6, 1, 7, 6, 6, 2, 1], [6, 2, 1, 2, 7, 6, 7, 1, 2], [1, 2, 1, 6, 7, 7, 6, 1, 1], [7, 1, 1, 2, 6, 6, 1, 1, 1], [1, 2, 1, 2, 6, 2, 2, 6, 2], [1, 6, 7, 6, 2, 7, 1, 2, 1], [2, 1, 2, 6, 7, 6, 1, 2, 2], [1, 1, 1, 1, 6, 2, 6, 7, 7], [7, 7, 7, 1, 1, 1, 1, 2, 1]]}, {"input": [[7, 6, 2], [6, 7, 7], [6, 6, 7]], "output": [[2, 6, 7], [7, 7, 6], [7, 6, 6]]}, {"input": [[6, 1, 7, 2, 6], [7, 6, 1, 1, 7], [1, 2, 1, 7, 7], [6, 1, 2, 7, 1], [7, 7, 2, 2, 6]], "output": [[6, 2, 7, 1, 6], [7, 1, 1, 6, 7], [7, 7, 1, 2, 1], [1, 7, 2, 1, 6], [6, 2, 2, 7, 7]]}, {"input": [[7, 6, 6], [6, 2, 2], [1, 6, 1]], "output": [[6, 6, 7], [2, 2, 6], [1, 6, 1]]}, {"input": [[7, 6, 1, 1, 1, 6, 7, 2], [1, 2, 2, 1, 6, 7, 7, 6], [2, 1, 7, 1, 1, 7, 6, 7], [6, 7, 7, 6, 2, 7, 2, 1], [2, 7, 1, 6, 7, 6, 2, 2], [7, 1, 6, 2, 1, 2, 1, 6], [7, 2, 7, 1, 1, 1, 2, 2], [2, 2, 6, 1, 6, 2, 1, 6]], "output": [[2, 7, 6, 1, 1, 1, 6, 7], [6, 7, 7, 6, 1, 2, 2, 1], [7, 6, 7, 1, 1, 7, 1, 2], [1, 2, 7, 2, 6, 7, 7, 6], [2, 2, 6, 7, 6, 1, 7, 2], [6, 1, 2, 1, 2, 6, 1, 7], [2, 2, 1, 1, 1, 7, 2, 7], [6, 1, 2, 6, 1, 6, 2, 2]]}, {"input": [[1, 7, 7, 7, 1, 2], [2, 6, 6, 2, 7, 6], [1, 1, 1, 6, 1, 2], [6, 6, 1, 1, 7, 2], [6, 6, 6, 2, 2, 1], [6, 6, 7, 2, 1, 1]], "output": [[2, 1, 7, 7, 7, 1], [6, 7, 2, 6, 6, 2], [2, 1, 6, 1, 1, 1], [2, 7, 1, 1, 6, 6], [1, 2, 2, 6, 6, 6], [1, 1, 2, 7, 6, 6]]}, {"input": [[7, 1, 2], [7, 2, 6], [2, 1, 7]], "output": [[2, 1, 7], [6, 2, 7], [7, 1, 2]]}, {"input": [[1, 2, 2, 1, 6, 7, 6, 6, 2], [7, 7, 1, 1, 7, 1, 2, 6, 6], [7, 1, 7, 6, 1, 6, 1, 1, 7], [2, 1, 7, 2, 7, 2, 2, 7, 7], [6, 2, 7, 1, 7, 7, 7, 2, 2], [6, 7, 1, 6, 2, 1, 6, 7, 7], [7, 2, 7, 6, 1, 6, 1, 7, 1], [6, 7, 1, 7, 1, 7, 6, 6, 2], [6, 6, 2, 7, 1, 7, 1, 7, 7]], "output": [[2, 6, 6, 7, 6, 1, 2, 2, 1], [6, 6, 2, 1, 7, 1, 1, 7, 7], [7, 1, 1, 6, 1, 6, 7, 1, 7], [7, 7, 2, 2, 7, 2, 7, 1, 2], [2, 2, 7, 7, 7, 1, 7, 2, 6], [7, 7, 6, 1, 2, 6, 1, 7, 6], [1, 7, 1, 6, 1, 6, 7, 2, 7], [2, 6, 6, 7, 1, 7, 1, 7, 6], [7, 7, 1, 7, 1, 7, 2, 6, 6]]}, {"input": [[2, 7, 2, 7, 1, 2], [7, 1, 7, 1, 6, 7], [1, 1, 1, 7, 6, 6], [6, 1, 2, 7, 1, 6], [1, 7, 1, 6, 1, 2], [6, 6, 1, 1, 1, 1]], "output": [[2, 1, 7, 2, 7, 2], [7, 6, 1, 7, 1, 7], [6, 6, 7, 1, 1, 1], [6, 1, 7, 2, 1, 6], [2, 1, 6, 1, 7, 1], [1, 1, 1, 1, 6, 6]]}, {"input": [[1, 6, 1], [7, 6, 6], [7, 6, 7]], "output": [[1, 6, 1], [6, 6, 7], [7, 6, 7]]}, {"input": [[7, 6, 2, 6], [1, 7, 2, 2], [7, 2, 7, 1], [6, 1, 7, 2]], "output": [[6, 2, 6, 7], [2, 2, 7, 1], [1, 7, 2, 7], [2, 7, 1, 6]]}, {"input": [[7, 1, 7, 1, 2, 6, 7], [2, 1, 7, 1, 6, 1, 2], [6, 7, 1, 1, 6, 7, 6], [2, 6, 6, 2, 6, 7, 2], [6, 6, 6, 7, 7, 7, 6], [7, 7, 2, 7, 7, 2, 2], [1, 1, 6, 1, 6, 1, 1]], "output": [[7, 6, 2, 1, 7, 1, 7], [2, 1, 6, 1, 7, 1, 2], [6, 7, 6, 1, 1, 7, 6], [2, 7, 6, 2, 6, 6, 2], [6, 7, 7, 7, 6, 6, 6], [2, 2, 7, 7, 2, 7, 7], [1, 1, 6, 1, 6, 1, 1]]}, {"input": [[2, 7, 2, 7, 6, 7, 7, 6], [6, 1, 2, 2, 7, 6, 6, 7], [6, 1, 7, 7, 2, 7, 7, 7], [2, 6, 7, 1, 2, 2, 7, 7], [1, 6, 7, 2, 6, 7, 7, 2], [6, 1, 1, 2, 1, 1, 1, 2], [6, 1, 1, 7, 6, 7, 7, 6], [6, 1, 7, 7, 6, 7, 1, 2]], "output": [[6, 7, 7, 6, 7, 2, 7, 2], [7, 6, 6, 7, 2, 2, 1, 6], [7, 7, 7, 2, 7, 7, 1, 6], [7, 7, 2, 2, 1, 7, 6, 2], [2, 7, 7, 6, 2, 7, 6, 1], [2, 1, 1, 1, 2, 1, 1, 6], [6, 7, 7, 6, 7, 1, 1, 6], [2, 1, 7, 6, 7, 7, 1, 6]]}, {"input": [[7, 7, 1, 2, 1], [6, 6, 6, 2, 6], [2, 2, 2, 7, 1], [7, 7, 6, 6, 2], [7, 2, 6, 1, 7]], "output": [[1, 2, 1, 7, 7], [6, 2, 6, 6, 6], [1, 7, 2, 2, 2], [2, 6, 6, 7, 7], [7, 1, 6, 2, 7]]}, {"input": [[1, 6, 7, 7, 6, 6, 7], [1, 7, 2, 7, 2, 7, 1], [6, 2, 6, 1, 6, 2, 1], [1, 6, 2, 7, 1, 1, 7], [1, 6, 6, 2, 2, 7, 7], [1, 6, 6, 6, 7, 7, 2], [1, 6, 7, 7, 2, 7, 1]], "output": [[7, 6, 6, 7, 7, 6, 1], [1, 7, 2, 7, 2, 7, 1], [1, 2, 6, 1, 6, 2, 6], [7, 1, 1, 7, 2, 6, 1], [7, 7, 2, 2, 6, 6, 1], [2, 7, 7, 6, 6, 6, 1], [1, 7, 2, 7, 7, 6, 1]]}, {"input": [[1, 2, 7, 1, 1, 7, 1], [1, 1, 7, 6, 2, 1, 6], [7, 7, 1, 6, 1, 1, 1], [7, 7, 1, 2, 1, 7, 7], [1, 6, 7, 7, 7, 7, 7], [7, 2, 7, 1, 2, 1, 1], [1, 6, 2, 6, 2, 6, 2]], "output": [[1, 7, 1, 1, 7, 2, 1], [6, 1, 2, 6, 7, 1, 1], [1, 1, 1, 6, 1, 7, 7], [7, 7, 1, 2, 1, 7, 7], [7, 7, 7, 7, 7, 6, 1], [1, 1, 2, 1, 7, 2, 7], [2, 6, 2, 6, 2, 6, 1]]}, {"input": [[7, 7, 1, 6], [6, 2, 7, 2], [2, 1, 6, 7], [6, 1, 7, 1]], "output": [[6, 1, 7, 7], [2, 7, 2, 6], [7, 6, 1, 2], [1, 7, 1, 6]]}, {"input": [[1, 7, 6, 2, 6, 7, 6, 2], [7, 7, 6, 2, 6, 1, 2, 2], [7, 2, 6, 6, 6, 1, 1, 7], [2, 6, 7, 6, 1, 7, 1, 2], [7, 7, 6, 7, 6, 2, 7, 6], [7, 6, 2, 1, 6, 1, 2, 6], [2, 1, 2, 7, 2, 6, 1, 2], [1, 6, 7, 7, 1, 1, 7, 6]], "output": [[2, 6, 7, 6, 2, 6, 7, 1], [2, 2, 1, 6, 2, 6, 7, 7], [7, 1, 1, 6, 6, 6, 2, 7], [2, 1, 7, 1, 6, 7, 6, 2], [6, 7, 2, 6, 7, 6, 7, 7], [6, 2, 1, 6, 1, 2, 6, 7], [2, 1, 6, 2, 7, 2, 1, 2], [6, 7, 1, 1, 7, 7, 6, 1]]}, {"input": [[1, 6, 2, 2, 7], [6, 1, 7, 6, 6], [1, 2, 2, 2, 1], [1, 1, 2, 6, 2], [6, 6, 1, 6, 7]], "output": [[7, 2, 2, 6, 1], [6, 6, 7, 1, 6], [1, 2, 2, 2, 1], [2, 6, 2, 1, 1], [7, 6, 1, 6, 6]]}, {"input": [[6, 1, 1, 2], [2, 1, 2, 2], [1, 6, 2, 6], [7, 1, 2, 2]], "output": [[2, 1, 1, 6], [2, 2, 1, 2], [6, 2, 6, 1], [2, 2, 1, 7]]}, {"input": [[1, 2, 7, 6], [6, 2, 2, 1], [7, 2, 6, 6], [7, 6, 2, 6]], "output": [[6, 7, 2, 1], [1, 2, 2, 6], [6, 6, 2, 7], [6, 2, 6, 7]]}, {"input": [[1, 7, 2, 2, 6, 6, 7], [2, 6, 6, 7, 7, 6, 6], [1, 1, 1, 1, 7, 7, 2], [7, 2, 2, 2, 1, 6, 6], [2, 7, 1, 6, 6, 7, 6], [2, 6, 2, 2, 2, 7, 1], [6, 6, 6, 1, 6, 2, 6]], "output": [[7, 6, 6, 2, 2, 7, 1], [6, 6, 7, 7, 6, 6, 2], [2, 7, 7, 1, 1, 1, 1], [6, 6, 1, 2, 2, 2, 7], [6, 7, 6, 6, 1, 7, 2], [1, 7, 2, 2, 2, 6, 2], [6, 2, 6, 1, 6, 6, 6]]}, {"input": [[7, 1, 6, 2, 6, 7, 2, 6], [1, 1, 1, 1, 2, 1, 2, 1], [6, 6, 6, 7, 2, 1, 7, 7], [1, 1, 7, 7, 1, 1, 2, 6], [1, 7, 1, 7, 6, 7, 7, 1], [1, 6, 2, 1, 6, 2, 7, 2], [7, 1, 7, 2, 7, 6, 2, 2], [7, 1, 7, 2, 1, 2, 6, 1]], "output": [[6, 2, 7, 6, 2, 6, 1, 7], [1, 2, 1, 2, 1, 1, 1, 1], [7, 7, 1, 2, 7, 6, 6, 6], [6, 2, 1, 1, 7, 7, 1, 1], [1, 7, 7, 6, 7, 1, 7, 1], [2, 7, 2, 6, 1, 2, 6, 1], [2, 2, 6, 7, 2, 7, 1, 7], [1, 6, 2, 1, 2, 7, 1, 7]]}, {"input": [[6, 6, 7, 2], [1, 2, 2, 7], [1, 7, 7, 2], [7, 6, 1, 6]], "output": [[2, 7, 6, 6], [7, 2, 2, 1], [2, 7, 7, 1], [6, 1, 6, 7]]}, {"input": [[6, 7, 7, 1, 7, 2], [2, 7, 7, 6, 2, 6], [2, 2, 2, 1, 1, 2], [2, 6, 2, 1, 6, 7], [7, 6, 2, 6, 7, 7], [2, 1, 2, 7, 2, 7]], "output": [[2, 7, 1, 7, 7, 6], [6, 2, 6, 7, 7, 2], [2, 1, 1, 2, 2, 2], [7, 6, 1, 2, 6, 2], [7, 7, 6, 2, 6, 7], [7, 2, 7, 2, 1, 2]]}, {"input": [[1, 1, 6, 7, 6, 6, 6], [7, 7, 6, 7, 1, 2, 1], [2, 1, 1, 1, 2, 7, 6], [6, 7, 1, 7, 1, 2, 7], [7, 6, 7, 1, 1, 2, 1], [6, 7, 7, 6, 6, 6, 1], [7, 2, 2, 1, 7, 1, 2]], "output": [[6, 6, 6, 7, 6, 1, 1], [1, 2, 1, 7, 6, 7, 7], [6, 7, 2, 1, 1, 1, 2], [7, 2, 1, 7, 1, 7, 6], [1, 2, 1, 1, 7, 6, 7], [1, 6, 6, 6, 7, 7, 6], [2, 1, 7, 1, 2, 2, 7]]}, {"input": [[1, 7, 6, 1, 6], [7, 6, 7, 2, 6], [7, 2, 2, 1, 6], [6, 7, 1, 2, 1], [2, 1, 2, 1, 1]], "output": [[6, 1, 6, 7, 1], [6, 2, 7, 6, 7], [6, 1, 2, 2, 7], [1, 2, 1, 7, 6], [1, 1, 2, 1, 2]]}, {"input": [[7, 2, 7, 6, 1], [1, 2, 7, 6, 6], [1, 7, 7, 1, 2], [2, 1, 7, 1, 2], [2, 1, 6, 6, 7]], "output": [[1, 6, 7, 2, 7], [6, 6, 7, 2, 1], [2, 1, 7, 7, 1], [2, 1, 7, 1, 2], [7, 6, 6, 1, 2]]}, {"input": [[2, 2, 1, 6, 2, 6, 2, 7, 1], [2, 2, 7, 1, 6, 6, 7, 7, 1], [7, 1, 7, 6, 1, 2, 7, 7, 1], [6, 2, 7, 1, 7, 7, 7, 1, 2], [6, 7, 2, 7, 2, 7, 7, 1, 7], [6, 2, 6, 2, 1, 2, 7, 7, 7], [2, 6, 1, 7, 6, 6, 1, 6, 7], [6, 6, 7, 2, 6, 2, 7, 2, 1], [2, 2, 2, 6, 7, 1, 6, 2, 7]], "output": [[1, 7, 2, 6, 2, 6, 1, 2, 2], [1, 7, 7, 6, 6, 1, 7, 2, 2], [1, 7, 7, 2, 1, 6, 7, 1, 7], [2, 1, 7, 7, 7, 1, 7, 2, 6], [7, 1, 7, 7, 2, 7, 2, 7, 6], [7, 7, 7, 2, 1, 2, 6, 2, 6], [7, 6, 1, 6, 6, 7, 1, 6, 2], [1, 2, 7, 2, 6, 2, 7, 6, 6], [7, 2, 6, 1, 7, 6, 2, 2, 2]]}, {"input": [[1, 6, 7, 7, 1, 7, 7, 6], [2, 1, 1, 2, 1, 1, 6, 2], [6, 6, 1, 6, 7, 7, 6, 1], [6, 1, 7, 1, 7, 7, 2, 7], [7, 6, 7, 7, 7, 6, 6, 7], [6, 6, 6, 7, 2, 1, 6, 1], [2, 7, 6, 1, 2, 1, 6, 2], [6, 2, 1, 7, 1, 2, 1, 1]], "output": [[6, 7, 7, 1, 7, 7, 6, 1], [2, 6, 1, 1, 2, 1, 1, 2], [1, 6, 7, 7, 6, 1, 6, 6], [7, 2, 7, 7, 1, 7, 1, 6], [7, 6, 6, 7, 7, 7, 6, 7], [1, 6, 1, 2, 7, 6, 6, 6], [2, 6, 1, 2, 1, 6, 7, 2], [1, 1, 2, 1, 7, 1, 2, 6]]}, {"input": [[1, 6, 2, 2, 6, 2, 6, 7], [2, 1, 1, 2, 7, 6, 2, 1], [2, 6, 2, 7, 6, 7, 1, 1], [6, 2, 6, 6, 1, 7, 1, 7], [6, 2, 2, 6, 1, 2, 6, 1], [7, 2, 1, 7, 1, 7, 2, 1], [1, 2, 7, 1, 6, 6, 2, 1], [1, 1, 7, 6, 1, 1, 2, 6]], "output": [[7, 6, 2, 6, 2, 2, 6, 1], [1, 2, 6, 7, 2, 1, 1, 2], [1, 1, 7, 6, 7, 2, 6, 2], [7, 1, 7, 1, 6, 6, 2, 6], [1, 6, 2, 1, 6, 2, 2, 6], [1, 2, 7, 1, 7, 1, 2, 7], [1, 2, 6, 6, 1, 7, 2, 1], [6, 2, 1, 1, 6, 7, 1, 1]]}, {"input": [[6, 1, 2, 7, 6, 7, 7, 1], [6, 7, 2, 1, 7, 2, 2, 1], [7, 2, 2, 7, 1, 2, 6, 7], [7, 7, 2, 2, 2, 7, 7, 7], [6, 7, 6, 1, 1, 2, 2, 6], [7, 6, 6, 7, 7, 1, 1, 6], [6, 6, 2, 1, 7, 1, 7, 6], [1, 2, 6, 2, 6, 1, 1, 2]], "output": [[1, 7, 7, 6, 7, 2, 1, 6], [1, 2, 2, 7, 1, 2, 7, 6], [7, 6, 2, 1, 7, 2, 2, 7], [7, 7, 7, 2, 2, 2, 7, 7], [6, 2, 2, 1, 1, 6, 7, 6], [6, 1, 1, 7, 7, 6, 6, 7], [6, 7, 1, 7, 1, 2, 6, 6], [2, 1, 1, 6, 2, 6, 2, 1]]}, {"input": [[2, 6, 7], [2, 7, 2], [2, 6, 7]], "output": [[7, 6, 2], [2, 7, 2], [7, 6, 2]]}, {"input": [[6, 7, 7, 6, 7, 7, 6, 6, 2], [2, 2, 6, 7, 7, 6, 6, 1, 2], [1, 2, 2, 1, 6, 1, 7, 1, 7], [1, 1, 1, 1, 1, 2, 1, 1, 6], [1, 2, 2, 6, 2, 6, 2, 7, 2], [6, 1, 7, 1, 2, 2, 6, 1, 2], [1, 1, 1, 6, 1, 6, 2, 2, 6], [7, 6, 7, 6, 1, 1, 7, 6, 1], [6, 6, 2, 7, 1, 6, 2, 7, 6]], "output": [[2, 6, 6, 7, 7, 6, 7, 7, 6], [2, 1, 6, 6, 7, 7, 6, 2, 2], [7, 1, 7, 1, 6, 1, 2, 2, 1], [6, 1, 1, 2, 1, 1, 1, 1, 1], [2, 7, 2, 6, 2, 6, 2, 2, 1], [2, 1, 6, 2, 2, 1, 7, 1, 6], [6, 2, 2, 6, 1, 6, 1, 1, 1], [1, 6, 7, 1, 1, 6, 7, 6, 7], [6, 7, 2, 6, 1, 7, 2, 6, 6]]}, {"input": [[1, 1, 1, 6, 2], [1, 2, 2, 1, 6], [6, 7, 1, 7, 2], [2, 6, 2, 1, 1], [2, 2, 7, 7, 1]], "output": [[2, 6, 1, 1, 1], [6, 1, 2, 2, 1], [2, 7, 1, 7, 6], [1, 1, 2, 6, 2], [1, 7, 7, 2, 2]]}, {"input": [[6, 6, 6, 1, 6, 6], [2, 6, 6, 6, 2, 6], [7, 6, 7, 1, 6, 1], [1, 6, 1, 7, 2, 7], [7, 1, 6, 1, 7, 6], [2, 1, 7, 6, 6, 7]], "output": [[6, 6, 1, 6, 6, 6], [6, 2, 6, 6, 6, 2], [1, 6, 1, 7, 6, 7], [7, 2, 7, 1, 6, 1], [6, 7, 1, 6, 1, 7], [7, 6, 6, 7, 1, 2]]}, {"input": [[2, 2, 6], [6, 7, 1], [6, 2, 7]], "output": [[6, 2, 2], [1, 7, 6], [7, 2, 6]]}, {"input": [[2, 7, 7, 1, 7], [7, 7, 7, 7, 7], [2, 2, 1, 1, 7], [1, 2, 1, 1, 7], [6, 1, 7, 7, 6]], "output": [[7, 1, 7, 7, 2], [7, 7, 7, 7, 7], [7, 1, 1, 2, 2], [7, 1, 1, 2, 1], [6, 7, 7, 1, 6]]}, {"input": [[6, 6, 6, 2], [6, 1, 7, 1], [2, 7, 6, 2], [1, 6, 7, 1]], "output": [[2, 6, 6, 6], [1, 7, 1, 6], [2, 6, 7, 2], [1, 7, 6, 1]]}, {"input": [[1, 2, 2, 6, 1, 6, 2, 2], [6, 7, 6, 1, 1, 6, 2, 2], [6, 1, 6, 7, 6, 1, 1, 7], [2, 1, 2, 6, 2, 1, 1, 1], [1, 2, 6, 1, 2, 7, 1, 2], [2, 7, 2, 6, 7, 7, 6, 7], [1, 7, 2, 7, 6, 1, 2, 7], [7, 6, 7, 6, 7, 7, 7, 2]], "output": [[2, 2, 6, 1, 6, 2, 2, 1], [2, 2, 6, 1, 1, 6, 7, 6], [7, 1, 1, 6, 7, 6, 1, 6], [1, 1, 1, 2, 6, 2, 1, 2], [2, 1, 7, 2, 1, 6, 2, 1], [7, 6, 7, 7, 6, 2, 7, 2], [7, 2, 1, 6, 7, 2, 7, 1], [2, 7, 7, 7, 6, 7, 6, 7]]}, {"input": [[1, 7, 7, 2, 7, 6, 6], [6, 6, 2, 2, 2, 1, 1], [7, 2, 7, 1, 1, 6, 1], [7, 6, 2, 6, 1, 6, 1], [7, 1, 1, 2, 2, 1, 7], [1, 7, 6, 7, 6, 7, 6], [1, 2, 2, 1, 6, 1, 2]], "output": [[6, 6, 7, 2, 7, 7, 1], [1, 1, 2, 2, 2, 6, 6], [1, 6, 1, 1, 7, 2, 7], [1, 6, 1, 6, 2, 6, 7], [7, 1, 2, 2, 1, 1, 7], [6, 7, 6, 7, 6, 7, 1], [2, 1, 6, 1, 2, 2, 1]]}, {"input": [[6, 1, 1, 2], [7, 6, 6, 6], [7, 2, 1, 6], [1, 1, 2, 7]], "output": [[2, 1, 1, 6], [6, 6, 6, 7], [6, 1, 2, 7], [7, 2, 1, 1]]}, {"input": [[1, 6, 6, 1, 6], [7, 7, 6, 1, 1], [7, 2, 2, 6, 7], [1, 2, 7, 1, 1], [1, 1, 7, 2, 2]], "output": [[6, 1, 6, 6, 1], [1, 1, 6, 7, 7], [7, 6, 2, 2, 7], [1, 1, 7, 2, 1], [2, 2, 7, 1, 1]]}, {"input": [[2, 6, 7], [1, 1, 1], [6, 1, 1]], "output": [[7, 6, 2], [1, 1, 1], [1, 1, 6]]}, {"input": [[2, 2, 2, 7, 2, 2], [6, 2, 6, 1, 6, 7], [2, 2, 2, 2, 7, 1], [1, 7, 2, 2, 2, 2], [7, 7, 2, 7, 1, 2], [7, 7, 7, 2, 2, 7]], "output": [[2, 2, 7, 2, 2, 2], [7, 6, 1, 6, 2, 6], [1, 7, 2, 2, 2, 2], [2, 2, 2, 2, 7, 1], [2, 1, 7, 2, 7, 7], [7, 2, 2, 7, 7, 7]]}, {"input": [[7, 7, 7], [1, 2, 7], [7, 2, 2]], "output": [[7, 7, 7], [7, 2, 1], [2, 2, 7]]}, {"input": [[2, 6, 7, 6, 7, 2], [7, 2, 2, 2, 1, 2], [1, 2, 1, 7, 7, 1], [7, 1, 2, 7, 7, 7], [6, 6, 7, 2, 7, 1], [2, 2, 6, 6, 6, 1]], "output": [[2, 7, 6, 7, 6, 2], [2, 1, 2, 2, 2, 7], [1, 7, 7, 1, 2, 1], [7, 7, 7, 2, 1, 7], [1, 7, 2, 7, 6, 6], [1, 6, 6, 6, 2, 2]]}, {"input": [[6, 6, 7, 6, 2, 1, 1, 2], [2, 1, 6, 6, 2, 1, 2, 6], [7, 7, 6, 2, 2, 2, 1, 7], [2, 2, 6, 7, 1, 2, 1, 7], [6, 2, 2, 2, 6, 6, 1, 7], [6, 1, 7, 2, 2, 6, 7, 1], [2, 1, 1, 2, 6, 7, 6, 1], [7, 7, 6, 2, 7, 2, 2, 6]], "output": [[2, 1, 1, 2, 6, 7, 6, 6], [6, 2, 1, 2, 6, 6, 1, 2], [7, 1, 2, 2, 2, 6, 7, 7], [7, 1, 2, 1, 7, 6, 2, 2], [7, 1, 6, 6, 2, 2, 2, 6], [1, 7, 6, 2, 2, 7, 1, 6], [1, 6, 7, 6, 2, 1, 1, 2], [6, 2, 2, 7, 2, 6, 7, 7]]}, {"input": [[6, 6, 1], [1, 1, 6], [2, 1, 2]], "output": [[1, 6, 6], [6, 1, 1], [2, 1, 2]]}, {"input": [[1, 1, 1, 7, 2, 7], [7, 6, 6, 2, 7, 2], [1, 2, 1, 1, 7, 1], [1, 1, 2, 7, 1, 1], [2, 7, 6, 7, 2, 1], [1, 2, 2, 2, 2, 1]], "output": [[7, 2, 7, 1, 1, 1], [2, 7, 2, 6, 6, 7], [1, 7, 1, 1, 2, 1], [1, 1, 7, 2, 1, 1], [1, 2, 7, 6, 7, 2], [1, 2, 2, 2, 2, 1]]}, {"input": [[2, 2, 2], [6, 6, 6], [2, 2, 6]], "output": [[2, 2, 2], [6, 6, 6], [6, 2, 2]]}, {"input": [[1, 2, 7, 6, 2, 6, 6, 1], [7, 2, 1, 7, 2, 6, 1, 7], [2, 6, 2, 2, 7, 2, 1, 1], [7, 2, 7, 2, 7, 7, 7, 1], [1, 6, 7, 6, 6, 2, 7, 7], [6, 1, 6, 6, 2, 1, 6, 6], [1, 6, 7, 1, 7, 2, 7, 6], [6, 2, 1, 1, 6, 2, 2, 1]], "output": [[1, 6, 6, 2, 6, 7, 2, 1], [7, 1, 6, 2, 7, 1, 2, 7], [1, 1, 2, 7, 2, 2, 6, 2], [1, 7, 7, 7, 2, 7, 2, 7], [7, 7, 2, 6, 6, 7, 6, 1], [6, 6, 1, 2, 6, 6, 1, 6], [6, 7, 2, 7, 1, 7, 6, 1], [1, 2, 2, 6, 1, 1, 2, 6]]}, {"input": [[2, 2, 7, 1], [6, 2, 6, 6], [6, 7, 1, 6], [6, 7, 1, 1]], "output": [[1, 7, 2, 2], [6, 6, 2, 6], [6, 1, 7, 6], [1, 1, 7, 6]]}, {"input": [[7, 2, 7, 2, 6, 7, 2], [6, 6, 2, 6, 7, 1, 7], [7, 2, 6, 2, 7, 2, 7], [1, 7, 2, 7, 1, 6, 6], [2, 6, 6, 7, 2, 7, 1], [2, 7, 2, 2, 7, 1, 7], [7, 7, 1, 6, 2, 2, 2]], "output": [[2, 7, 6, 2, 7, 2, 7], [7, 1, 7, 6, 2, 6, 6], [7, 2, 7, 2, 6, 2, 7], [6, 6, 1, 7, 2, 7, 1], [1, 7, 2, 7, 6, 6, 2], [7, 1, 7, 2, 2, 7, 2], [2, 2, 2, 6, 1, 7, 7]]}, {"input": [[7, 6, 2, 6, 1, 6, 6, 1, 7], [2, 2, 7, 6, 2, 1, 2, 7, 7], [2, 7, 7, 2, 6, 2, 2, 2, 1], [7, 6, 6, 1, 1, 7, 6, 7, 1], [6, 1, 2, 6, 1, 6, 2, 7, 6], [1, 6, 2, 7, 1, 7, 1, 1, 2], [6, 2, 2, 7, 7, 1, 1, 7, 6], [6, 2, 6, 7, 6, 6, 7, 6, 6], [1, 1, 1, 6, 2, 7, 6, 6, 1]], "output": [[7, 1, 6, 6, 1, 6, 2, 6, 7], [7, 7, 2, 1, 2, 6, 7, 2, 2], [1, 2, 2, 2, 6, 2, 7, 7, 2], [1, 7, 6, 7, 1, 1, 6, 6, 7], [6, 7, 2, 6, 1, 6, 2, 1, 6], [2, 1, 1, 7, 1, 7, 2, 6, 1], [6, 7, 1, 1, 7, 7, 2, 2, 6], [6, 6, 7, 6, 6, 7, 6, 2, 6], [1, 6, 6, 7, 2, 6, 1, 1, 1]]}, {"input": [[1, 7, 6, 2], [7, 6, 2, 2], [7, 1, 2, 7], [6, 7, 1, 7]], "output": [[2, 6, 7, 1], [2, 2, 6, 7], [7, 2, 1, 7], [7, 1, 7, 6]]}, {"input": [[7, 6, 2, 6, 1], [7, 2, 2, 1, 1], [2, 7, 2, 6, 1], [7, 1, 6, 1, 1], [6, 6, 1, 7, 7]], "output": [[1, 6, 2, 6, 7], [1, 1, 2, 2, 7], [1, 6, 2, 7, 2], [1, 1, 6, 1, 7], [7, 7, 1, 6, 6]]}, {"input": [[7, 7, 2, 1, 1, 2, 7, 6, 7], [6, 2, 7, 7, 2, 6, 1, 1, 2], [1, 7, 7, 6, 6, 6, 1, 6, 1], [1, 6, 7, 1, 1, 6, 7, 6, 7], [6, 6, 2, 6, 2, 6, 7, 7, 7], [6, 7, 1, 7, 7, 6, 2, 6, 2], [7, 6, 2, 6, 2, 2, 7, 7, 2], [1, 7, 6, 6, 6, 6, 6, 2, 6], [1, 2, 6, 2, 6, 2, 7, 2, 7]], "output": [[7, 6, 7, 2, 1, 1, 2, 7, 7], [2, 1, 1, 6, 2, 7, 7, 2, 6], [1, 6, 1, 6, 6, 6, 7, 7, 1], [7, 6, 7, 6, 1, 1, 7, 6, 1], [7, 7, 7, 6, 2, 6, 2, 6, 6], [2, 6, 2, 6, 7, 7, 1, 7, 6], [2, 7, 7, 2, 2, 6, 2, 6, 7], [6, 2, 6, 6, 6, 6, 6, 7, 1], [7, 2, 7, 2, 6, 2, 6, 2, 1]]}, {"input": [[1, 6, 2, 7, 2, 1], [2, 7, 2, 7, 2, 6], [1, 2, 2, 6, 2, 1], [6, 1, 7, 1, 2, 1], [1, 7, 2, 7, 1, 2], [2, 2, 6, 7, 6, 7]], "output": [[1, 2, 7, 2, 6, 1], [6, 2, 7, 2, 7, 2], [1, 2, 6, 2, 2, 1], [1, 2, 1, 7, 1, 6], [2, 1, 7, 2, 7, 1], [7, 6, 7, 6, 2, 2]]}, {"input": [[1, 6, 7], [2, 1, 6], [1, 1, 7]], "output": [[7, 6, 1], [6, 1, 2], [7, 1, 1]]}, {"input": [[1, 7, 2, 2, 6, 1, 1], [1, 7, 7, 7, 7, 2, 7], [7, 2, 2, 2, 1, 1, 1], [6, 1, 6, 7, 1, 1, 1], [1, 1, 2, 6, 7, 6, 2], [2, 2, 1, 2, 7, 1, 6], [6, 6, 7, 1, 6, 2, 6]], "output": [[1, 1, 6, 2, 2, 7, 1], [7, 2, 7, 7, 7, 7, 1], [1, 1, 1, 2, 2, 2, 7], [1, 1, 1, 7, 6, 1, 6], [2, 6, 7, 6, 2, 1, 1], [6, 1, 7, 2, 1, 2, 2], [6, 2, 6, 1, 7, 6, 6]]}, {"input": [[6, 1, 1], [7, 2, 2], [1, 6, 1]], "output": [[1, 1, 6], [2, 2, 7], [1, 6, 1]]}, {"input": [[7, 6, 1], [2, 1, 2], [2, 7, 6]], "output": [[1, 6, 7], [2, 1, 2], [6, 7, 2]]}, {"input": [[6, 6, 2, 7], [2, 1, 6, 6], [2, 2, 7, 6], [7, 2, 6, 7]], "output": [[7, 2, 6, 6], [6, 6, 1, 2], [6, 7, 2, 2], [7, 6, 2, 7]]}, {"input": [[7, 2, 7, 1, 6, 6, 6, 2, 7], [2, 1, 7, 6, 7, 1, 7, 1, 6], [7, 1, 7, 7, 6, 7, 7, 2, 2], [6, 7, 6, 6, 2, 6, 2, 6, 7], [7, 1, 1, 1, 6, 7, 1, 2, 2], [6, 2, 7, 7, 2, 7, 1, 1, 1], [6, 6, 1, 6, 2, 7, 6, 6, 7], [6, 7, 7, 2, 6, 2, 2, 6, 1], [6, 1, 7, 2, 6, 1, 1, 2, 6]], "output": [[7, 2, 6, 6, 6, 1, 7, 2, 7], [6, 1, 7, 1, 7, 6, 7, 1, 2], [2, 2, 7, 7, 6, 7, 7, 1, 7], [7, 6, 2, 6, 2, 6, 6, 7, 6], [2, 2, 1, 7, 6, 1, 1, 1, 7], [1, 1, 1, 7, 2, 7, 7, 2, 6], [7, 6, 6, 7, 2, 6, 1, 6, 6], [1, 6, 2, 2, 6, 2, 7, 7, 6], [6, 2, 1, 1, 6, 2, 7, 1, 6]]}, {"input": [[1, 7, 6, 7, 6, 7, 1, 6, 6], [2, 6, 7, 7, 1, 6, 1, 6, 7], [7, 1, 1, 6, 1, 7, 1, 1, 7], [7, 7, 1, 1, 7, 2, 7, 1, 1], [7, 6, 7, 2, 2, 7, 1, 7, 7], [1, 1, 2, 7, 7, 2, 2, 6, 1], [6, 6, 2, 2, 2, 1, 7, 2, 2], [7, 7, 1, 6, 1, 7, 6, 6, 7], [2, 2, 7, 6, 7, 2, 1, 2, 1]], "output": [[6, 6, 1, 7, 6, 7, 6, 7, 1], [7, 6, 1, 6, 1, 7, 7, 6, 2], [7, 1, 1, 7, 1, 6, 1, 1, 7], [1, 1, 7, 2, 7, 1, 1, 7, 7], [7, 7, 1, 7, 2, 2, 7, 6, 7], [1, 6, 2, 2, 7, 7, 2, 1, 1], [2, 2, 7, 1, 2, 2, 2, 6, 6], [7, 6, 6, 7, 1, 6, 1, 7, 7], [1, 2, 1, 2, 7, 6, 7, 2, 2]]}, {"input": [[1, 2, 6, 1, 2, 2, 2, 6], [2, 6, 7, 2, 2, 6, 7, 2], [1, 1, 2, 7, 7, 1, 1, 2], [2, 7, 1, 1, 2, 1, 1, 1], [7, 2, 7, 7, 6, 1, 1, 2], [7, 6, 1, 6, 6, 7, 2, 2], [7, 6, 7, 1, 7, 2, 1, 6], [2, 7, 7, 2, 7, 2, 2, 1]], "output": [[6, 2, 2, 2, 1, 6, 2, 1], [2, 7, 6, 2, 2, 7, 6, 2], [2, 1, 1, 7, 7, 2, 1, 1], [1, 1, 1, 2, 1, 1, 7, 2], [2, 1, 1, 6, 7, 7, 2, 7], [2, 2, 7, 6, 6, 1, 6, 7], [6, 1, 2, 7, 1, 7, 6, 7], [1, 2, 2, 7, 2, 7, 7, 2]]}, {"input": [[6, 7, 1, 7, 7], [6, 2, 6, 2, 6], [2, 7, 7, 6, 6], [1, 7, 7, 2, 2], [6, 7, 2, 2, 1]], "output": [[7, 7, 1, 7, 6], [6, 2, 6, 2, 6], [6, 6, 7, 7, 2], [2, 2, 7, 7, 1], [1, 2, 2, 7, 6]]}, {"input": [[6, 1, 6, 7, 6, 1, 7, 6, 7], [7, 2, 2, 6, 6, 6, 7, 7, 7], [1, 2, 7, 7, 2, 6, 6, 7, 7], [1, 6, 1, 1, 7, 2, 6, 7, 2], [7, 1, 6, 6, 6, 7, 7, 1, 7], [6, 7, 1, 6, 1, 1, 2, 2, 7], [7, 1, 7, 6, 1, 1, 6, 7, 6], [6, 7, 7, 2, 2, 2, 6, 6, 6], [6, 7, 7, 1, 1, 7, 7, 6, 6]], "output": [[7, 6, 7, 1, 6, 7, 6, 1, 6], [7, 7, 7, 6, 6, 6, 2, 2, 7], [7, 7, 6, 6, 2, 7, 7, 2, 1], [2, 7, 6, 2, 7, 1, 1, 6, 1], [7, 1, 7, 7, 6, 6, 6, 1, 7], [7, 2, 2, 1, 1, 6, 1, 7, 6], [6, 7, 6, 1, 1, 6, 7, 1, 7], [6, 6, 6, 2, 2, 2, 7, 7, 6], [6, 6, 7, 7, 1, 1, 7, 7, 6]]}, {"input": [[2, 7, 7, 1], [2, 7, 2, 2], [1, 7, 1, 6], [7, 6, 6, 7]], "output": [[1, 7, 7, 2], [2, 2, 7, 2], [6, 1, 7, 1], [7, 6, 6, 7]]}, {"input": [[7, 6, 7, 7], [6, 6, 7, 6], [6, 6, 1, 7], [1, 6, 6, 2]], "output": [[7, 7, 6, 7], [6, 7, 6, 6], [7, 1, 6, 6], [2, 6, 6, 1]]}, {"input": [[2, 1, 6, 2, 6, 1], [2, 6, 6, 7, 2, 7], [7, 6, 1, 6, 7, 7], [2, 6, 1, 2, 2, 1], [1, 2, 7, 7, 2, 7], [6, 1, 7, 1, 6, 7]], "output": [[1, 6, 2, 6, 1, 2], [7, 2, 7, 6, 6, 2], [7, 7, 6, 1, 6, 7], [1, 2, 2, 1, 6, 2], [7, 2, 7, 7, 2, 1], [7, 6, 1, 7, 1, 6]]}, {"input": [[6, 2, 1, 7, 6, 6, 6, 1, 6], [2, 1, 6, 7, 2, 6, 6, 7, 6], [2, 2, 6, 1, 2, 6, 6, 2, 7], [7, 2, 1, 6, 1, 6, 7, 1, 7], [6, 2, 6, 1, 6, 6, 1, 6, 7], [6, 1, 7, 6, 7, 2, 6, 1, 7], [1, 6, 7, 1, 6, 2, 6, 7, 6], [2, 6, 6, 6, 2, 6, 7, 2, 6], [2, 7, 6, 7, 6, 7, 7, 1, 7]], "output": [[6, 1, 6, 6, 6, 7, 1, 2, 6], [6, 7, 6, 6, 2, 7, 6, 1, 2], [7, 2, 6, 6, 2, 1, 6, 2, 2], [7, 1, 7, 6, 1, 6, 1, 2, 7], [7, 6, 1, 6, 6, 1, 6, 2, 6], [7, 1, 6, 2, 7, 6, 7, 1, 6], [6, 7, 6, 2, 6, 1, 7, 6, 1], [6, 2, 7, 6, 2, 6, 6, 6, 2], [7, 1, 7, 7, 6, 7, 6, 7, 2]]}, {"input": [[1, 2, 1, 2, 2, 1, 1, 7, 2], [1, 7, 7, 1, 2, 7, 6, 6, 7], [2, 2, 6, 6, 7, 6, 6, 7, 1], [7, 7, 2, 6, 7, 7, 6, 7, 7], [6, 7, 7, 6, 2, 1, 7, 6, 7], [6, 7, 2, 2, 7, 7, 1, 6, 6], [7, 6, 6, 2, 6, 1, 6, 2, 7], [1, 1, 7, 6, 6, 1, 1, 1, 2], [6, 2, 1, 1, 6, 2, 2, 1, 7]], "output": [[2, 7, 1, 1, 2, 2, 1, 2, 1], [7, 6, 6, 7, 2, 1, 7, 7, 1], [1, 7, 6, 6, 7, 6, 6, 2, 2], [7, 7, 6, 7, 7, 6, 2, 7, 7], [7, 6, 7, 1, 2, 6, 7, 7, 6], [6, 6, 1, 7, 7, 2, 2, 7, 6], [7, 2, 6, 1, 6, 2, 6, 6, 7], [2, 1, 1, 1, 6, 6, 7, 1, 1], [7, 1, 2, 2, 6, 1, 1, 2, 6]]}, {"input": [[7, 1, 6, 1, 7, 6], [2, 1, 7, 1, 2, 1], [2, 6, 1, 2, 2, 6], [1, 6, 1, 1, 6, 6], [6, 7, 6, 7, 1, 2], [1, 1, 7, 1, 2, 2]], "output": [[6, 7, 1, 6, 1, 7], [1, 2, 1, 7, 1, 2], [6, 2, 2, 1, 6, 2], [6, 6, 1, 1, 6, 1], [2, 1, 7, 6, 7, 6], [2, 2, 1, 7, 1, 1]]}, {"input": [[2, 7, 7], [2, 7, 2], [6, 6, 1]], "output": [[7, 7, 2], [2, 7, 2], [1, 6, 6]]}, {"input": [[7, 1, 7, 6, 7], [2, 7, 6, 1, 6], [2, 6, 6, 2, 2], [2, 7, 6, 7, 1], [7, 6, 1, 2, 7]], "output": [[7, 6, 7, 1, 7], [6, 1, 6, 7, 2], [2, 2, 6, 6, 2], [1, 7, 6, 7, 2], [7, 2, 1, 6, 7]]}, {"input": [[7, 1, 1], [6, 6, 7], [7, 1, 2]], "output": [[1, 1, 7], [7, 6, 6], [2, 1, 7]]}, {"input": [[1, 1, 2], [1, 6, 1], [2, 1, 2]], "output": [[2, 1, 1], [1, 6, 1], [2, 1, 2]]}, {"input": [[2, 7, 2, 7], [1, 6, 2, 2], [1, 6, 1, 2], [2, 2, 6, 1]], "output": [[7, 2, 7, 2], [2, 2, 6, 1], [2, 1, 6, 1], [1, 6, 2, 2]]}, {"input": [[1, 7, 2, 2, 1], [1, 2, 6, 1, 2], [6, 1, 6, 6, 1], [1, 6, 7, 6, 6], [6, 7, 1, 2, 7]], "output": [[1, 2, 2, 7, 1], [2, 1, 6, 2, 1], [1, 6, 6, 1, 6], [6, 6, 7, 6, 1], [7, 2, 1, 7, 6]]}, {"input": [[2, 2, 1, 2, 7, 7, 2], [2, 2, 1, 1, 6, 6, 2], [1, 1, 1, 6, 1, 2, 7], [2, 2, 6, 2, 2, 6, 2], [7, 1, 6, 2, 6, 6, 7], [1, 2, 2, 2, 2, 1, 2], [1, 2, 7, 2, 7, 6, 6]], "output": [[2, 7, 7, 2, 1, 2, 2], [2, 6, 6, 1, 1, 2, 2], [7, 2, 1, 6, 1, 1, 1], [2, 6, 2, 2, 6, 2, 2], [7, 6, 6, 2, 6, 1, 7], [2, 1, 2, 2, 2, 2, 1], [6, 6, 7, 2, 7, 2, 1]]}, {"input": [[7, 7, 2, 1], [2, 7, 2, 1], [7, 1, 7, 6], [6, 7, 7, 7]], "output": [[1, 2, 7, 7], [1, 2, 7, 2], [6, 7, 1, 7], [7, 7, 7, 6]]}, {"input": [[7, 2, 6, 7, 2, 6], [6, 6, 2, 1, 7, 7], [7, 1, 2, 7, 2, 7], [7, 6, 2, 6, 1, 6], [7, 6, 2, 2, 1, 1], [2, 6, 2, 1, 6, 2]], "output": [[6, 2, 7, 6, 2, 7], [7, 7, 1, 2, 6, 6], [7, 2, 7, 2, 1, 7], [6, 1, 6, 2, 6, 7], [1, 1, 2, 2, 6, 7], [2, 6, 1, 2, 6, 2]]}, {"input": [[1, 6, 7, 2], [6, 6, 7, 7], [1, 1, 6, 2], [7, 1, 6, 6]], "output": [[2, 7, 6, 1], [7, 7, 6, 6], [2, 6, 1, 1], [6, 6, 1, 7]]}, {"input": [[7, 2, 6, 7, 2, 7, 7], [1, 1, 1, 1, 7, 1, 1], [1, 6, 7, 2, 6, 6, 6], [1, 1, 6, 1, 6, 6, 2], [2, 6, 6, 1, 2, 2, 2], [6, 7, 2, 2, 2, 1, 2], [1, 1, 6, 2, 7, 6, 2]], "output": [[7, 7, 2, 7, 6, 2, 7], [1, 1, 7, 1, 1, 1, 1], [6, 6, 6, 2, 7, 6, 1], [2, 6, 6, 1, 6, 1, 1], [2, 2, 2, 1, 6, 6, 2], [2, 1, 2, 2, 2, 7, 6], [2, 6, 7, 2, 6, 1, 1]]}, {"input": [[6, 1, 7, 6], [1, 2, 7, 6], [6, 2, 6, 1], [6, 2, 6, 7]], "output": [[6, 7, 1, 6], [6, 7, 2, 1], [1, 6, 2, 6], [7, 6, 2, 6]]}, {"input": [[7, 2, 6, 1, 7, 6], [1, 1, 2, 7, 2, 7], [1, 7, 2, 2, 2, 2], [1, 6, 7, 6, 2, 7], [6, 1, 6, 1, 2, 2], [1, 2, 7, 7, 1, 2]], "output": [[6, 7, 1, 6, 2, 7], [7, 2, 7, 2, 1, 1], [2, 2, 2, 2, 7, 1], [7, 2, 6, 7, 6, 1], [2, 2, 1, 6, 1, 6], [2, 1, 7, 7, 2, 1]]}, {"input": [[7, 6, 7, 2, 1, 6, 6, 2], [6, 7, 2, 6, 7, 1, 1, 6], [1, 6, 6, 1, 2, 1, 6, 7], [2, 1, 6, 7, 7, 2, 1, 1], [7, 1, 7, 1, 2, 1, 6, 1], [7, 6, 2, 6, 7, 1, 6, 7], [6, 7, 6, 7, 2, 6, 2, 7], [2, 2, 6, 6, 6, 1, 7, 6]], "output": [[2, 6, 6, 1, 2, 7, 6, 7], [6, 1, 1, 7, 6, 2, 7, 6], [7, 6, 1, 2, 1, 6, 6, 1], [1, 1, 2, 7, 7, 6, 1, 2], [1, 6, 1, 2, 1, 7, 1, 7], [7, 6, 1, 7, 6, 2, 6, 7], [7, 2, 6, 2, 7, 6, 7, 6], [6, 7, 1, 6, 6, 6, 2, 2]]}, {"input": [[6, 2, 1], [2, 7, 6], [7, 1, 2]], "output": [[1, 2, 6], [6, 7, 2], [2, 1, 7]]}, {"input": [[6, 7, 2, 2, 2], [6, 2, 1, 7, 2], [1, 6, 7, 1, 2], [2, 6, 7, 7, 1], [2, 7, 7, 1, 1]], "output": [[2, 2, 2, 7, 6], [2, 7, 1, 2, 6], [2, 1, 7, 6, 1], [1, 7, 7, 6, 2], [1, 1, 7, 7, 2]]}, {"input": [[6, 1, 7, 6], [1, 7, 2, 6], [7, 2, 2, 2], [7, 7, 2, 2]], "output": [[6, 7, 1, 6], [6, 2, 7, 1], [2, 2, 2, 7], [2, 2, 7, 7]]}, {"input": [[1, 2, 6], [7, 2, 2], [1, 6, 6]], "output": [[6, 2, 1], [2, 2, 7], [6, 6, 1]]}, {"input": [[2, 7, 2], [1, 6, 6], [7, 2, 6]], "output": [[2, 7, 2], [6, 6, 1], [6, 2, 7]]}, {"input": [[7, 1, 1, 2], [6, 6, 7, 2], [2, 6, 6, 6], [6, 2, 6, 1]], "output": [[2, 1, 1, 7], [2, 7, 6, 6], [6, 6, 6, 2], [1, 6, 2, 6]]}, {"input": [[1, 6, 7, 7], [1, 6, 1, 1], [2, 2, 1, 6], [6, 6, 6, 7]], "output": [[7, 7, 6, 1], [1, 1, 6, 1], [6, 1, 2, 2], [7, 6, 6, 6]]}, {"input": [[7, 1, 2, 2, 7, 7, 1, 7], [1, 1, 7, 1, 6, 7, 1, 7], [7, 7, 6, 6, 1, 1, 1, 6], [7, 7, 2, 6, 1, 1, 2, 6], [6, 2, 6, 6, 1, 6, 2, 6], [7, 1, 7, 2, 6, 7, 7, 7], [1, 7, 6, 7, 7, 2, 6, 2], [6, 2, 2, 7, 2, 6, 2, 2]], "output": [[7, 1, 7, 7, 2, 2, 1, 7], [7, 1, 7, 6, 1, 7, 1, 1], [6, 1, 1, 1, 6, 6, 7, 7], [6, 2, 1, 1, 6, 2, 7, 7], [6, 2, 6, 1, 6, 6, 2, 6], [7, 7, 7, 6, 2, 7, 1, 7], [2, 6, 2, 7, 7, 6, 7, 1], [2, 2, 6, 2, 7, 2, 2, 6]]}, {"input": [[6, 2, 7, 6, 1, 2], [2, 6, 1, 1, 1, 2], [6, 1, 6, 1, 7, 2], [2, 6, 2, 1, 7, 2], [7, 2, 6, 6, 2, 1], [1, 1, 7, 1, 2, 7]], "output": [[2, 1, 6, 7, 2, 6], [2, 1, 1, 1, 6, 2], [2, 7, 1, 6, 1, 6], [2, 7, 1, 2, 6, 2], [1, 2, 6, 6, 2, 7], [7, 2, 1, 7, 1, 1]]}, {"input": [[1, 1, 2], [6, 7, 6], [6, 6, 7]], "output": [[2, 1, 1], [6, 7, 6], [7, 6, 6]]}, {"input": [[1, 7, 1, 2, 1, 2], [6, 6, 1, 2, 1, 7], [1, 7, 7, 1, 2, 2], [2, 2, 7, 2, 1, 1], [7, 7, 2, 7, 2, 2], [1, 6, 7, 6, 6, 2]], "output": [[2, 1, 2, 1, 7, 1], [7, 1, 2, 1, 6, 6], [2, 2, 1, 7, 7, 1], [1, 1, 2, 7, 2, 2], [2, 2, 7, 2, 7, 7], [2, 6, 6, 7, 6, 1]]}, {"input": [[6, 2, 2, 1, 1, 7, 1], [2, 2, 1, 2, 2, 1, 2], [2, 2, 6, 2, 2, 1, 7], [2, 2, 6, 2, 6, 7, 7], [1, 7, 7, 7, 7, 6, 7], [7, 7, 1, 7, 6, 2, 2], [1, 7, 1, 1, 7, 1, 7]], "output": [[1, 7, 1, 1, 2, 2, 6], [2, 1, 2, 2, 1, 2, 2], [7, 1, 2, 2, 6, 2, 2], [7, 7, 6, 2, 6, 2, 2], [7, 6, 7, 7, 7, 7, 1], [2, 2, 6, 7, 1, 7, 7], [7, 1, 7, 1, 1, 7, 1]]}, {"input": [[6, 7, 2, 2], [6, 1, 6, 1], [7, 2, 7, 7], [7, 2, 7, 6]], "output": [[2, 2, 7, 6], [1, 6, 1, 6], [7, 7, 2, 7], [6, 7, 2, 7]]}, {"input": [[1, 1, 1, 6, 2, 7, 1], [7, 2, 6, 2, 2, 2, 1], [1, 2, 6, 7, 6, 1, 2], [6, 6, 7, 6, 6, 1, 2], [1, 7, 6, 7, 2, 7, 1], [2, 1, 1, 6, 6, 1, 6], [6, 1, 7, 7, 7, 2, 1]], "output": [[1, 7, 2, 6, 1, 1, 1], [1, 2, 2, 2, 6, 2, 7], [2, 1, 6, 7, 6, 2, 1], [2, 1, 6, 6, 7, 6, 6], [1, 7, 2, 7, 6, 7, 1], [6, 1, 6, 6, 1, 1, 2], [1, 2, 7, 7, 7, 1, 6]]}, {"input": [[1, 1, 1, 2, 6, 2, 1], [7, 2, 7, 1, 7, 6, 7], [7, 2, 7, 1, 7, 1, 7], [7, 1, 6, 7, 6, 6, 7], [1, 7, 1, 6, 2, 2, 1], [7, 7, 1, 7, 1, 6, 2], [7, 6, 1, 6, 6, 1, 2]], "output": [[1, 2, 6, 2, 1, 1, 1], [7, 6, 7, 1, 7, 2, 7], [7, 1, 7, 1, 7, 2, 7], [7, 6, 6, 7, 6, 1, 7], [1, 2, 2, 6, 1, 7, 1], [2, 6, 1, 7, 1, 7, 7], [2, 1, 6, 6, 1, 6, 7]]}, {"input": [[2, 6, 7, 2, 1, 2, 1, 6], [2, 2, 6, 1, 2, 1, 7, 1], [2, 1, 6, 1, 7, 1, 2, 7], [6, 1, 6, 7, 6, 2, 6, 1], [7, 2, 7, 6, 6, 2, 2, 2], [2, 6, 2, 6, 6, 6, 2, 6], [2, 1, 7, 2, 1, 7, 2, 7], [7, 1, 1, 2, 6, 2, 2, 6]], "output": [[6, 1, 2, 1, 2, 7, 6, 2], [1, 7, 1, 2, 1, 6, 2, 2], [7, 2, 1, 7, 1, 6, 1, 2], [1, 6, 2, 6, 7, 6, 1, 6], [2, 2, 2, 6, 6, 7, 2, 7], [6, 2, 6, 6, 6, 2, 6, 2], [7, 2, 7, 1, 2, 7, 1, 2], [6, 2, 2, 6, 2, 1, 1, 7]]}, {"input": [[1, 1, 1, 1, 6, 7, 1], [6, 6, 2, 2, 6, 2, 2], [1, 6, 2, 7, 2, 7, 6], [1, 7, 2, 6, 7, 6, 2], [6, 6, 7, 6, 2, 1, 1], [6, 1, 2, 2, 1, 7, 2], [7, 2, 7, 7, 6, 2, 6]], "output": [[1, 7, 6, 1, 1, 1, 1], [2, 2, 6, 2, 2, 6, 6], [6, 7, 2, 7, 2, 6, 1], [2, 6, 7, 6, 2, 7, 1], [1, 1, 2, 6, 7, 6, 6], [2, 7, 1, 2, 2, 1, 6], [6, 2, 6, 7, 7, 2, 7]]}, {"input": [[2, 7, 7, 1, 2, 7], [6, 6, 2, 2, 6, 7], [7, 7, 7, 2, 6, 7], [1, 1, 7, 6, 7, 2], [7, 2, 7, 7, 7, 1], [6, 2, 7, 7, 1, 1]], "output": [[7, 2, 1, 7, 7, 2], [7, 6, 2, 2, 6, 6], [7, 6, 2, 7, 7, 7], [2, 7, 6, 7, 1, 1], [1, 7, 7, 7, 2, 7], [1, 1, 7, 7, 2, 6]]}, {"input": [[2, 6, 6, 6, 2, 2, 6, 1], [2, 7, 1, 2, 1, 2, 1, 2], [7, 7, 7, 1, 7, 1, 6, 1], [6, 1, 6, 2, 2, 1, 6, 1], [2, 1, 7, 7, 1, 7, 2, 1], [2, 7, 2, 7, 2, 2, 1, 1], [6, 2, 7, 7, 1, 7, 1, 6], [2, 6, 1, 2, 6, 6, 7, 6]], "output": [[1, 6, 2, 2, 6, 6, 6, 2], [2, 1, 2, 1, 2, 1, 7, 2], [1, 6, 1, 7, 1, 7, 7, 7], [1, 6, 1, 2, 2, 6, 1, 6], [1, 2, 7, 1, 7, 7, 1, 2], [1, 1, 2, 2, 7, 2, 7, 2], [6, 1, 7, 1, 7, 7, 2, 6], [6, 7, 6, 6, 2, 1, 6, 2]]}, {"input": [[2, 6, 1, 7, 7, 2, 2], [6, 2, 7, 2, 6, 1, 7], [6, 2, 7, 1, 2, 2, 1], [6, 7, 2, 2, 7, 6, 7], [1, 6, 1, 1, 7, 6, 1], [6, 1, 1, 6, 1, 2, 2], [2, 2, 7, 6, 6, 2, 6]], "output": [[2, 2, 7, 7, 1, 6, 2], [7, 1, 6, 2, 7, 2, 6], [1, 2, 2, 1, 7, 2, 6], [7, 6, 7, 2, 2, 7, 6], [1, 6, 7, 1, 1, 6, 1], [2, 2, 1, 6, 1, 1, 6], [6, 2, 6, 6, 7, 2, 2]]}, {"input": [[7, 1, 2, 7, 7, 2, 7, 2, 2], [6, 7, 2, 1, 2, 2, 6, 1, 1], [6, 6, 2, 7, 6, 2, 1, 2, 7], [7, 6, 2, 1, 6, 2, 7, 2, 6], [2, 6, 6, 6, 7, 6, 7, 7, 1], [2, 1, 6, 7, 1, 2, 6, 1, 6], [7, 6, 2, 1, 1, 7, 1, 7, 6], [6, 1, 1, 2, 7, 7, 1, 6, 7], [2, 6, 2, 6, 7, 2, 2, 7, 1]], "output": [[2, 2, 7, 2, 7, 7, 2, 1, 7], [1, 1, 6, 2, 2, 1, 2, 7, 6], [7, 2, 1, 2, 6, 7, 2, 6, 6], [6, 2, 7, 2, 6, 1, 2, 6, 7], [1, 7, 7, 6, 7, 6, 6, 6, 2], [6, 1, 6, 2, 1, 7, 6, 1, 2], [6, 7, 1, 7, 1, 1, 2, 6, 7], [7, 6, 1, 7, 7, 2, 1, 1, 6], [1, 7, 2, 2, 7, 6, 2, 6, 2]]}, {"input": [[6, 7, 1, 1, 1, 2], [1, 7, 1, 1, 1, 6], [1, 1, 7, 1, 6, 7], [7, 2, 6, 1, 1, 6], [1, 7, 1, 7, 2, 2], [1, 2, 2, 2, 6, 1]], "output": [[2, 1, 1, 1, 7, 6], [6, 1, 1, 1, 7, 1], [7, 6, 1, 7, 1, 1], [6, 1, 1, 6, 2, 7], [2, 2, 7, 1, 7, 1], [1, 6, 2, 2, 2, 1]]}, {"input": [[2, 1, 7, 1, 6, 1, 6, 2, 7], [7, 6, 1, 2, 1, 7, 1, 1, 7], [1, 2, 6, 2, 2, 7, 6, 2, 2], [6, 7, 2, 7, 6, 2, 1, 1, 2], [7, 7, 7, 6, 1, 2, 6, 2, 6], [2, 7, 6, 1, 2, 6, 1, 6, 2], [2, 7, 1, 2, 7, 6, 7, 2, 2], [7, 1, 7, 1, 1, 6, 2, 2, 7], [2, 1, 2, 6, 2, 7, 7, 2, 2]], "output": [[7, 2, 6, 1, 6, 1, 7, 1, 2], [7, 1, 1, 7, 1, 2, 1, 6, 7], [2, 2, 6, 7, 2, 2, 6, 2, 1], [2, 1, 1, 2, 6, 7, 2, 7, 6], [6, 2, 6, 2, 1, 6, 7, 7, 7], [2, 6, 1, 6, 2, 1, 6, 7, 2], [2, 2, 7, 6, 7, 2, 1, 7, 2], [7, 2, 2, 6, 1, 1, 7, 1, 7], [2, 2, 7, 7, 2, 6, 2, 1, 2]]}, {"input": [[1, 7, 1, 7], [6, 7, 6, 7], [1, 2, 6, 2], [1, 7, 2, 6]], "output": [[7, 1, 7, 1], [7, 6, 7, 6], [2, 6, 2, 1], [6, 2, 7, 1]]}, {"input": [[6, 1, 6, 2, 1, 1], [2, 2, 7, 6, 6, 7], [7, 6, 2, 1, 1, 2], [1, 7, 1, 2, 7, 2], [7, 7, 2, 1, 6, 2], [1, 6, 1, 2, 7, 6]], "output": [[1, 1, 2, 6, 1, 6], [7, 6, 6, 7, 2, 2], [2, 1, 1, 2, 6, 7], [2, 7, 2, 1, 7, 1], [2, 6, 1, 2, 7, 7], [6, 7, 2, 1, 6, 1]]}, {"input": [[6, 1, 2, 2, 6, 1, 1, 1, 2], [2, 6, 2, 6, 7, 7, 2, 2, 1], [1, 6, 7, 6, 6, 2, 2, 7, 7], [6, 7, 6, 1, 7, 6, 6, 2, 1], [7, 2, 6, 6, 2, 7, 7, 2, 1], [6, 2, 6, 1, 6, 2, 6, 7, 1], [2, 7, 1, 6, 7, 7, 7, 7, 7], [7, 2, 6, 7, 1, 1, 6, 6, 7], [7, 1, 7, 1, 7, 2, 6, 7, 7]], "output": [[2, 1, 1, 1, 6, 2, 2, 1, 6], [1, 2, 2, 7, 7, 6, 2, 6, 2], [7, 7, 2, 2, 6, 6, 7, 6, 1], [1, 2, 6, 6, 7, 1, 6, 7, 6], [1, 2, 7, 7, 2, 6, 6, 2, 7], [1, 7, 6, 2, 6, 1, 6, 2, 6], [7, 7, 7, 7, 7, 6, 1, 7, 2], [7, 6, 6, 1, 1, 7, 6, 2, 7], [7, 7, 6, 2, 7, 1, 7, 1, 7]]}, {"input": [[1, 1, 6, 1, 7, 7], [1, 7, 6, 6, 2, 6], [7, 1, 1, 6, 7, 2], [1, 7, 2, 2, 2, 6], [7, 6, 2, 7, 2, 1], [1, 7, 6, 6, 7, 1]], "output": [[7, 7, 1, 6, 1, 1], [6, 2, 6, 6, 7, 1], [2, 7, 6, 1, 1, 7], [6, 2, 2, 2, 7, 1], [1, 2, 7, 2, 6, 7], [1, 7, 6, 6, 7, 1]]}, {"input": [[1, 7, 6, 2, 7, 2, 2], [6, 1, 1, 6, 7, 1, 2], [6, 6, 1, 1, 1, 1, 6], [2, 7, 2, 6, 6, 7, 7], [1, 2, 2, 2, 1, 2, 2], [7, 1, 6, 6, 1, 1, 2], [2, 1, 2, 1, 6, 2, 2]], "output": [[2, 2, 7, 2, 6, 7, 1], [2, 1, 7, 6, 1, 1, 6], [6, 1, 1, 1, 1, 6, 6], [7, 7, 6, 6, 2, 7, 2], [2, 2, 1, 2, 2, 2, 1], [2, 1, 1, 6, 6, 1, 7], [2, 2, 6, 1, 2, 1, 2]]}, {"input": [[2, 1, 2, 1, 7, 7], [6, 7, 1, 7, 1, 6], [7, 7, 1, 2, 1, 6], [2, 2, 7, 6, 7, 1], [1, 1, 1, 7, 2, 7], [1, 2, 1, 6, 6, 7]], "output": [[7, 7, 1, 2, 1, 2], [6, 1, 7, 1, 7, 6], [6, 1, 2, 1, 7, 7], [1, 7, 6, 7, 2, 2], [7, 2, 7, 1, 1, 1], [7, 6, 6, 1, 2, 1]]}, {"input": [[6, 2, 2], [1, 1, 7], [2, 1, 2]], "output": [[2, 2, 6], [7, 1, 1], [2, 1, 2]]}, {"input": [[7, 7, 2, 6, 7, 7, 6, 7], [2, 7, 7, 2, 6, 7, 7, 6], [2, 2, 1, 2, 6, 2, 7, 6], [2, 1, 6, 2, 7, 7, 1, 7], [2, 1, 2, 6, 6, 6, 7, 2], [1, 6, 2, 1, 1, 1, 2, 1], [6, 6, 6, 6, 7, 7, 6, 6], [2, 7, 7, 6, 2, 2, 1, 7]], "output": [[7, 6, 7, 7, 6, 2, 7, 7], [6, 7, 7, 6, 2, 7, 7, 2], [6, 7, 2, 6, 2, 1, 2, 2], [7, 1, 7, 7, 2, 6, 1, 2], [2, 7, 6, 6, 6, 2, 1, 2], [1, 2, 1, 1, 1, 2, 6, 1], [6, 6, 7, 7, 6, 6, 6, 6], [7, 1, 2, 2, 6, 7, 7, 2]]}, {"input": [[2, 7, 2], [7, 2, 2], [6, 1, 7]], "output": [[2, 7, 2], [2, 2, 7], [7, 1, 6]]}, {"input": [[7, 2, 7, 6, 2, 6, 7, 7], [2, 1, 1, 6, 1, 6, 6, 6], [2, 1, 6, 6, 6, 1, 7, 1], [7, 2, 2, 1, 7, 7, 7, 2], [7, 2, 6, 2, 2, 2, 6, 1], [1, 7, 2, 6, 1, 7, 1, 7], [7, 1, 1, 2, 6, 7, 7, 6], [2, 6, 7, 1, 6, 7, 7, 1]], "output": [[7, 7, 6, 2, 6, 7, 2, 7], [6, 6, 6, 1, 6, 1, 1, 2], [1, 7, 1, 6, 6, 6, 1, 2], [2, 7, 7, 7, 1, 2, 2, 7], [1, 6, 2, 2, 2, 6, 2, 7], [7, 1, 7, 1, 6, 2, 7, 1], [6, 7, 7, 6, 2, 1, 1, 7], [1, 7, 7, 6, 1, 7, 6, 2]]}, {"input": [[1, 7, 1, 6, 2, 7, 2, 1, 2], [7, 6, 1, 7, 2, 7, 7, 2, 2], [1, 2, 1, 7, 6, 7, 2, 6, 1], [7, 2, 2, 6, 1, 7, 6, 2, 7], [6, 7, 6, 1, 2, 6, 1, 7, 7], [2, 1, 7, 6, 6, 6, 7, 1, 1], [7, 1, 2, 6, 6, 7, 6, 7, 2], [1, 2, 6, 6, 6, 1, 1, 7, 7], [6, 2, 2, 6, 2, 1, 1, 1, 7]], "output": [[2, 1, 2, 7, 2, 6, 1, 7, 1], [2, 2, 7, 7, 2, 7, 1, 6, 7], [1, 6, 2, 7, 6, 7, 1, 2, 1], [7, 2, 6, 7, 1, 6, 2, 2, 7], [7, 7, 1, 6, 2, 1, 6, 7, 6], [1, 1, 7, 6, 6, 6, 7, 1, 2], [2, 7, 6, 7, 6, 6, 2, 1, 7], [7, 7, 1, 1, 6, 6, 6, 2, 1], [7, 1, 1, 1, 2, 6, 2, 2, 6]]}, {"input": [[7, 1, 1, 7, 2, 7, 7], [1, 1, 2, 1, 1, 2, 6], [7, 2, 1, 6, 2, 6, 6], [1, 7, 1, 6, 7, 2, 6], [2, 7, 1, 7, 1, 6, 6], [2, 7, 2, 1, 2, 1, 7], [7, 7, 7, 7, 1, 7, 2]], "output": [[7, 7, 2, 7, 1, 1, 7], [6, 2, 1, 1, 2, 1, 1], [6, 6, 2, 6, 1, 2, 7], [6, 2, 7, 6, 1, 7, 1], [6, 6, 1, 7, 1, 7, 2], [7, 1, 2, 1, 2, 7, 2], [2, 7, 1, 7, 7, 7, 7]]}, {"input": [[6, 1, 2, 6, 7], [6, 6, 1, 2, 1], [1, 1, 7, 6, 1], [7, 7, 7, 2, 6], [2, 1, 7, 7, 2]], "output": [[7, 6, 2, 1, 6], [1, 2, 1, 6, 6], [1, 6, 7, 1, 1], [6, 2, 7, 7, 7], [2, 7, 7, 1, 2]]}, {"input": [[7, 7, 7, 2, 1], [7, 2, 6, 2, 2], [2, 2, 7, 7, 7], [2, 1, 7, 2, 6], [6, 2, 2, 6, 2]], "output": [[1, 2, 7, 7, 7], [2, 2, 6, 2, 7], [7, 7, 7, 2, 2], [6, 2, 7, 1, 2], [2, 6, 2, 2, 6]]}, {"input": [[6, 1, 7, 2, 1, 7, 1, 6], [1, 2, 2, 6, 2, 6, 7, 7], [7, 1, 6, 6, 7, 6, 7, 6], [2, 1, 6, 7, 7, 6, 7, 2], [2, 1, 7, 1, 7, 7, 7, 1], [2, 2, 2, 6, 7, 1, 1, 1], [1, 2, 6, 7, 1, 2, 6, 2], [1, 2, 7, 6, 7, 2, 7, 6]], "output": [[6, 1, 7, 1, 2, 7, 1, 6], [7, 7, 6, 2, 6, 2, 2, 1], [6, 7, 6, 7, 6, 6, 1, 7], [2, 7, 6, 7, 7, 6, 1, 2], [1, 7, 7, 7, 1, 7, 1, 2], [1, 1, 1, 7, 6, 2, 2, 2], [2, 6, 2, 1, 7, 6, 2, 1], [6, 7, 2, 7, 6, 7, 2, 1]]}, {"input": [[7, 7, 1, 2, 7, 1, 2], [2, 1, 7, 1, 2, 2, 1], [2, 2, 6, 7, 7, 6, 6], [6, 7, 2, 2, 2, 1, 2], [6, 7, 7, 2, 6, 6, 2], [7, 1, 6, 1, 7, 2, 2], [6, 7, 2, 6, 1, 1, 6]], "output": [[2, 1, 7, 2, 1, 7, 7], [1, 2, 2, 1, 7, 1, 2], [6, 6, 7, 7, 6, 2, 2], [2, 1, 2, 2, 2, 7, 6], [2, 6, 6, 2, 7, 7, 6], [2, 2, 7, 1, 6, 1, 7], [6, 1, 1, 6, 2, 7, 6]]}, {"input": [[7, 1, 7, 2, 2, 7, 1], [7, 2, 1, 1, 2, 6, 7], [2, 2, 7, 6, 1, 7, 1], [2, 1, 1, 2, 6, 2, 1], [2, 6, 2, 7, 1, 6, 2], [1, 1, 6, 6, 7, 6, 1], [2, 2, 7, 1, 2, 2, 1]], "output": [[1, 7, 2, 2, 7, 1, 7], [7, 6, 2, 1, 1, 2, 7], [1, 7, 1, 6, 7, 2, 2], [1, 2, 6, 2, 1, 1, 2], [2, 6, 1, 7, 2, 6, 2], [1, 6, 7, 6, 6, 1, 1], [1, 2, 2, 1, 7, 2, 2]]}, {"input": [[2, 2, 6, 2, 2], [2, 7, 2, 7, 2], [2, 1, 2, 1, 2], [1, 6, 1, 7, 7], [1, 1, 2, 7, 7]], "output": [[2, 2, 6, 2, 2], [2, 7, 2, 7, 2], [2, 1, 2, 1, 2], [7, 7, 1, 6, 1], [7, 7, 2, 1, 1]]}, {"input": [[7, 2, 1, 2, 6, 6], [6, 2, 7, 6, 7, 2], [7, 1, 1, 7, 6, 7], [7, 7, 2, 6, 7, 7], [6, 6, 2, 7, 7, 1], [2, 1, 1, 6, 2, 7]], "output": [[6, 6, 2, 1, 2, 7], [2, 7, 6, 7, 2, 6], [7, 6, 7, 1, 1, 7], [7, 7, 6, 2, 7, 7], [1, 7, 7, 2, 6, 6], [7, 2, 6, 1, 1, 2]]}, {"input": [[6, 2, 1, 7], [7, 2, 2, 2], [7, 7, 6, 2], [2, 6, 1, 1]], "output": [[7, 1, 2, 6], [2, 2, 2, 7], [2, 6, 7, 7], [1, 1, 6, 2]]}, {"input": [[6, 7, 6, 6, 7, 2, 1], [2, 7, 1, 6, 1, 6, 2], [1, 2, 6, 2, 6, 7, 6], [7, 7, 1, 2, 1, 7, 6], [1, 2, 2, 1, 7, 1, 6], [2, 6, 7, 2, 7, 6, 7], [6, 1, 2, 1, 2, 2, 1]], "output": [[1, 2, 7, 6, 6, 7, 6], [2, 6, 1, 6, 1, 7, 2], [6, 7, 6, 2, 6, 2, 1], [6, 7, 1, 2, 1, 7, 7], [6, 1, 7, 1, 2, 2, 1], [7, 6, 7, 2, 7, 6, 2], [1, 2, 2, 1, 2, 1, 6]]}, {"input": [[6, 6, 1, 6, 1, 1, 2, 1, 7], [7, 6, 1, 7, 2, 7, 2, 7, 7], [1, 6, 7, 1, 2, 1, 1, 2, 6], [6, 6, 6, 7, 1, 7, 6, 1, 1], [1, 2, 6, 2, 1, 1, 1, 1, 1], [7, 6, 6, 2, 6, 1, 1, 7, 7], [7, 6, 7, 6, 6, 2, 1, 2, 1], [2, 7, 1, 6, 1, 7, 7, 2, 2], [6, 1, 2, 2, 2, 6, 6, 2, 6]], "output": [[7, 1, 2, 1, 1, 6, 1, 6, 6], [7, 7, 2, 7, 2, 7, 1, 6, 7], [6, 2, 1, 1, 2, 1, 7, 6, 1], [1, 1, 6, 7, 1, 7, 6, 6, 6], [1, 1, 1, 1, 1, 2, 6, 2, 1], [7, 7, 1, 1, 6, 2, 6, 6, 7], [1, 2, 1, 2, 6, 6, 7, 6, 7], [2, 2, 7, 7, 1, 6, 1, 7, 2], [6, 2, 6, 6, 2, 2, 2, 1, 6]]}, {"input": [[2, 2, 2, 6, 1], [7, 7, 7, 1, 6], [6, 2, 1, 7, 7], [6, 7, 2, 7, 2], [1, 7, 1, 1, 7]], "output": [[1, 6, 2, 2, 2], [6, 1, 7, 7, 7], [7, 7, 1, 2, 6], [2, 7, 2, 7, 6], [7, 1, 1, 7, 1]]}, {"input": [[7, 1, 6, 7, 6, 1, 6, 1, 6], [6, 7, 2, 1, 1, 6, 6, 2, 6], [2, 7, 2, 1, 1, 1, 2, 2, 2], [6, 6, 2, 6, 2, 6, 1, 2, 7], [6, 7, 2, 7, 7, 7, 1, 2, 1], [2, 7, 1, 2, 7, 7, 1, 2, 1], [6, 2, 6, 7, 2, 6, 1, 6, 6], [1, 7, 7, 6, 1, 2, 1, 2, 1], [2, 7, 7, 2, 6, 1, 2, 1, 1]], "output": [[6, 1, 6, 1, 6, 7, 6, 1, 7], [6, 2, 6, 6, 1, 1, 2, 7, 6], [2, 2, 2, 1, 1, 1, 2, 7, 2], [7, 2, 1, 6, 2, 6, 2, 6, 6], [1, 2, 1, 7, 7, 7, 2, 7, 6], [1, 2, 1, 7, 7, 2, 1, 7, 2], [6, 6, 1, 6, 2, 7, 6, 2, 6], [1, 2, 1, 2, 1, 6, 7, 7, 1], [1, 1, 2, 1, 6, 2, 7, 7, 2]]}, {"input": [[7, 7, 1, 2], [6, 6, 2, 6], [7, 2, 6, 2], [7, 1, 1, 6]], "output": [[2, 1, 7, 7], [6, 2, 6, 6], [2, 6, 2, 7], [6, 1, 1, 7]]}, {"input": [[2, 1, 6, 7, 7, 6, 1], [7, 1, 7, 6, 6, 1, 1], [7, 7, 7, 7, 6, 2, 2], [6, 1, 6, 1, 7, 7, 1], [6, 7, 7, 6, 1, 1, 2], [6, 6, 1, 2, 6, 6, 7], [1, 6, 7, 6, 6, 2, 1]], "output": [[1, 6, 7, 7, 6, 1, 2], [1, 1, 6, 6, 7, 1, 7], [2, 2, 6, 7, 7, 7, 7], [1, 7, 7, 1, 6, 1, 6], [2, 1, 1, 6, 7, 7, 6], [7, 6, 6, 2, 1, 6, 6], [1, 2, 6, 6, 7, 6, 1]]}, {"input": [[2, 7, 7, 7, 7, 6, 6, 6], [6, 7, 2, 6, 2, 7, 6, 6], [7, 6, 2, 6, 1, 7, 1, 1], [2, 6, 6, 7, 7, 7, 6, 2], [6, 2, 2, 6, 7, 2, 1, 6], [7, 7, 2, 7, 7, 6, 1, 2], [7, 6, 1, 1, 1, 2, 2, 1], [1, 2, 2, 2, 1, 1, 7, 7]], "output": [[6, 6, 6, 7, 7, 7, 7, 2], [6, 6, 7, 2, 6, 2, 7, 6], [1, 1, 7, 1, 6, 2, 6, 7], [2, 6, 7, 7, 7, 6, 6, 2], [6, 1, 2, 7, 6, 2, 2, 6], [2, 1, 6, 7, 7, 2, 7, 7], [1, 2, 2, 1, 1, 1, 6, 7], [7, 7, 1, 1, 2, 2, 2, 1]]}, {"input": [[6, 2, 7], [1, 2, 1], [6, 2, 6]], "output": [[7, 2, 6], [1, 2, 1], [6, 2, 6]]}, {"input": [[2, 7, 1, 6, 6], [2, 1, 2, 6, 2], [6, 6, 1, 2, 7], [7, 1, 6, 2, 1], [7, 6, 1, 2, 1]], "output": [[6, 6, 1, 7, 2], [2, 6, 2, 1, 2], [7, 2, 1, 6, 6], [1, 2, 6, 1, 7], [1, 2, 1, 6, 7]]}, {"input": [[6, 6, 1, 7], [1, 1, 1, 6], [2, 1, 6, 6], [2, 2, 2, 6]], "output": [[7, 1, 6, 6], [6, 1, 1, 1], [6, 6, 1, 2], [6, 2, 2, 2]]}, {"input": [[6, 1, 7, 2, 6, 2, 7, 2], [1, 2, 6, 2, 1, 2, 2, 1], [1, 7, 6, 7, 2, 7, 6, 2], [6, 7, 7, 6, 7, 7, 7, 1], [1, 6, 1, 7, 2, 7, 2, 1], [7, 1, 1, 7, 1, 7, 2, 2], [1, 7, 7, 6, 1, 6, 7, 6], [7, 6, 6, 7, 2, 6, 1, 1]], "output": [[2, 7, 2, 6, 2, 7, 1, 6], [1, 2, 2, 1, 2, 6, 2, 1], [2, 6, 7, 2, 7, 6, 7, 1], [1, 7, 7, 7, 6, 7, 7, 6], [1, 2, 7, 2, 7, 1, 6, 1], [2, 2, 7, 1, 7, 1, 1, 7], [6, 7, 6, 1, 6, 7, 7, 1], [1, 1, 6, 2, 7, 6, 6, 7]]}, {"input": [[6, 7, 7, 7, 2, 1, 1, 1], [1, 6, 6, 2, 1, 1, 1, 2], [6, 6, 2, 2, 1, 7, 1, 7], [6, 1, 6, 1, 7, 7, 1, 2], [7, 1, 2, 6, 6, 7, 7, 7], [7, 1, 7, 2, 6, 6, 2, 6], [2, 1, 2, 6, 7, 2, 2, 2], [7, 7, 6, 2, 2, 2, 1, 6]], "output": [[1, 1, 1, 2, 7, 7, 7, 6], [2, 1, 1, 1, 2, 6, 6, 1], [7, 1, 7, 1, 2, 2, 6, 6], [2, 1, 7, 7, 1, 6, 1, 6], [7, 7, 7, 6, 6, 2, 1, 7], [6, 2, 6, 6, 2, 7, 1, 7], [2, 2, 2, 7, 6, 2, 1, 2], [6, 1, 2, 2, 2, 6, 7, 7]]}, {"input": [[7, 1, 1, 2, 6], [6, 1, 1, 7, 2], [6, 6, 2, 6, 6], [7, 7, 2, 6, 1], [7, 1, 7, 2, 2]], "output": [[6, 2, 1, 1, 7], [2, 7, 1, 1, 6], [6, 6, 2, 6, 6], [1, 6, 2, 7, 7], [2, 2, 7, 1, 7]]}, {"input": [[6, 7, 7, 1], [1, 6, 6, 6], [1, 6, 1, 7], [1, 7, 6, 7]], "output": [[1, 7, 7, 6], [6, 6, 6, 1], [7, 1, 6, 1], [7, 6, 7, 1]]}, {"input": [[7, 6, 6, 1], [2, 7, 6, 1], [1, 7, 7, 2], [2, 1, 7, 6]], "output": [[1, 6, 6, 7], [1, 6, 7, 2], [2, 7, 7, 1], [6, 7, 1, 2]]}, {"input": [[1, 7, 7, 6, 1], [7, 2, 7, 1, 6], [7, 7, 2, 7, 2], [1, 6, 2, 1, 2], [6, 2, 7, 1, 7]], "output": [[1, 6, 7, 7, 1], [6, 1, 7, 2, 7], [2, 7, 2, 7, 7], [2, 1, 2, 6, 1], [7, 1, 7, 2, 6]]}, {"input": [[7, 6, 2, 6, 1, 6, 6], [6, 1, 7, 2, 7, 6, 1], [7, 1, 2, 6, 6, 2, 6], [1, 6, 7, 7, 6, 1, 1], [6, 6, 1, 2, 6, 7, 7], [1, 7, 1, 2, 7, 7, 7], [1, 1, 7, 2, 2, 1, 1]], "output": [[6, 6, 1, 6, 2, 6, 7], [1, 6, 7, 2, 7, 1, 6], [6, 2, 6, 6, 2, 1, 7], [1, 1, 6, 7, 7, 6, 1], [7, 7, 6, 2, 1, 6, 6], [7, 7, 7, 2, 1, 7, 1], [1, 1, 2, 2, 7, 1, 1]]}, {"input": [[2, 6, 7], [6, 6, 1], [2, 1, 7]], "output": [[7, 6, 2], [1, 6, 6], [7, 1, 2]]}, {"input": [[6, 6, 7, 2, 2], [7, 6, 1, 2, 6], [6, 6, 1, 7, 7], [6, 7, 1, 7, 2], [6, 7, 6, 1, 7]], "output": [[2, 2, 7, 6, 6], [6, 2, 1, 6, 7], [7, 7, 1, 6, 6], [2, 7, 1, 7, 6], [7, 1, 6, 7, 6]]}, {"input": [[1, 2, 7], [1, 2, 6], [7, 1, 2]], "output": [[7, 2, 1], [6, 2, 1], [2, 1, 7]]}, {"input": [[1, 6, 2], [1, 2, 1], [6, 2, 2]], "output": [[2, 6, 1], [1, 2, 1], [2, 2, 6]]}, {"input": [[1, 1, 2, 6, 7, 7, 2, 6, 2], [7, 2, 1, 7, 1, 2, 6, 2, 1], [6, 7, 2, 1, 7, 7, 7, 6, 1], [1, 7, 2, 2, 2, 6, 1, 2, 1], [2, 6, 1, 2, 2, 7, 6, 2, 1], [6, 1, 1, 7, 7, 6, 2, 7, 7], [7, 2, 7, 1, 2, 7, 6, 6, 7], [1, 6, 1, 7, 7, 1, 2, 2, 6], [1, 7, 1, 1, 2, 1, 1, 6, 7]], "output": [[2, 6, 2, 7, 7, 6, 2, 1, 1], [1, 2, 6, 2, 1, 7, 1, 2, 7], [1, 6, 7, 7, 7, 1, 2, 7, 6], [1, 2, 1, 6, 2, 2, 2, 7, 1], [1, 2, 6, 7, 2, 2, 1, 6, 2], [7, 7, 2, 6, 7, 7, 1, 1, 6], [7, 6, 6, 7, 2, 1, 7, 2, 7], [6, 2, 2, 1, 7, 7, 1, 6, 1], [7, 6, 1, 1, 2, 1, 1, 7, 1]]}, {"input": [[7, 2, 1], [1, 7, 7], [2, 6, 2]], "output": [[1, 2, 7], [7, 7, 1], [2, 6, 2]]}, {"input": [[1, 6, 2, 6, 7, 7, 7], [7, 2, 1, 1, 2, 1, 7], [7, 1, 1, 1, 7, 1, 7], [2, 6, 7, 7, 6, 6, 1], [2, 2, 6, 1, 6, 7, 6], [1, 1, 2, 6, 6, 1, 7], [2, 2, 2, 2, 7, 6, 2]], "output": [[7, 7, 7, 6, 2, 6, 1], [7, 1, 2, 1, 1, 2, 7], [7, 1, 7, 1, 1, 1, 7], [1, 6, 6, 7, 7, 6, 2], [6, 7, 6, 1, 6, 2, 2], [7, 1, 6, 6, 2, 1, 1], [2, 6, 7, 2, 2, 2, 2]]}, {"input": [[1, 2, 1, 6], [2, 1, 7, 7], [7, 1, 1, 2], [2, 7, 1, 7]], "output": [[6, 1, 2, 1], [7, 7, 1, 2], [2, 1, 1, 7], [7, 1, 7, 2]]}, {"input": [[1, 2, 6, 7, 1, 7, 7, 1, 6], [2, 7, 2, 6, 2, 1, 6, 7, 2], [7, 7, 1, 2, 1, 2, 1, 6, 2], [1, 2, 2, 2, 1, 2, 7, 2, 2], [6, 2, 1, 6, 7, 2, 1, 7, 1], [1, 2, 1, 2, 7, 6, 6, 7, 1], [2, 7, 2, 1, 6, 1, 7, 7, 6], [2, 1, 7, 2, 2, 2, 7, 7, 2], [1, 6, 7, 2, 6, 6, 2, 2, 7]], "output": [[6, 1, 7, 7, 1, 7, 6, 2, 1], [2, 7, 6, 1, 2, 6, 2, 7, 2], [2, 6, 1, 2, 1, 2, 1, 7, 7], [2, 2, 7, 2, 1, 2, 2, 2, 1], [1, 7, 1, 2, 7, 6, 1, 2, 6], [1, 7, 6, 6, 7, 2, 1, 2, 1], [6, 7, 7, 1, 6, 1, 2, 7, 2], [2, 7, 7, 2, 2, 2, 7, 1, 2], [7, 2, 2, 6, 6, 2, 7, 6, 1]]}, {"input": [[6, 7, 1, 2, 6, 6, 1], [2, 6, 2, 7, 2, 2, 7], [6, 6, 1, 2, 7, 1, 6], [2, 6, 6, 7, 7, 7, 2], [2, 2, 7, 6, 7, 1, 2], [7, 2, 2, 1, 6, 2, 1], [6, 6, 1, 6, 7, 6, 2]], "output": [[1, 6, 6, 2, 1, 7, 6], [7, 2, 2, 7, 2, 6, 2], [6, 1, 7, 2, 1, 6, 6], [2, 7, 7, 7, 6, 6, 2], [2, 1, 7, 6, 7, 2, 2], [1, 2, 6, 1, 2, 2, 7], [2, 6, 7, 6, 1, 6, 6]]}, {"input": [[2, 1, 6, 2, 1, 2], [6, 6, 2, 2, 6, 1], [7, 6, 7, 6, 1, 7], [1, 7, 2, 7, 2, 1], [6, 6, 6, 2, 7, 6], [6, 1, 1, 1, 6, 6]], "output": [[2, 1, 2, 6, 1, 2], [1, 6, 2, 2, 6, 6], [7, 1, 6, 7, 6, 7], [1, 2, 7, 2, 7, 1], [6, 7, 2, 6, 6, 6], [6, 6, 1, 1, 1, 6]]}, {"input": [[2, 6, 7, 2, 1, 2, 7, 1], [1, 1, 2, 7, 2, 7, 6, 7], [6, 1, 6, 1, 7, 6, 7, 6], [1, 2, 7, 6, 6, 2, 2, 1], [6, 1, 7, 1, 1, 6, 6, 2], [2, 6, 1, 7, 6, 1, 2, 7], [6, 6, 1, 2, 1, 6, 1, 6], [6, 2, 1, 2, 6, 7, 7, 6]], "output": [[1, 7, 2, 1, 2, 7, 6, 2], [7, 6, 7, 2, 7, 2, 1, 1], [6, 7, 6, 7, 1, 6, 1, 6], [1, 2, 2, 6, 6, 7, 2, 1], [2, 6, 6, 1, 1, 7, 1, 6], [7, 2, 1, 6, 7, 1, 6, 2], [6, 1, 6, 1, 2, 1, 6, 6], [6, 7, 7, 6, 2, 1, 2, 6]]}, {"input": [[1, 6, 2], [7, 2, 6], [7, 6, 6]], "output": [[2, 6, 1], [6, 2, 7], [6, 6, 7]]}, {"input": [[6, 6, 1, 1, 2, 1, 1, 1], [2, 6, 1, 1, 7, 1, 7, 6], [1, 7, 1, 7, 6, 7, 7, 6], [7, 1, 7, 7, 2, 2, 6, 1], [1, 6, 2, 2, 1, 6, 7, 6], [2, 2, 7, 2, 1, 1, 1, 1], [7, 2, 7, 7, 2, 6, 6, 2], [2, 1, 1, 6, 1, 7, 6, 6]], "output": [[1, 1, 1, 2, 1, 1, 6, 6], [6, 7, 1, 7, 1, 1, 6, 2], [6, 7, 7, 6, 7, 1, 7, 1], [1, 6, 2, 2, 7, 7, 1, 7], [6, 7, 6, 1, 2, 2, 6, 1], [1, 1, 1, 1, 2, 7, 2, 2], [2, 6, 6, 2, 7, 7, 2, 7], [6, 6, 7, 1, 6, 1, 1, 2]]}, {"input": [[6, 6, 6, 2, 2, 6, 2, 1], [2, 6, 7, 1, 7, 2, 2, 7], [7, 7, 6, 2, 1, 2, 6, 2], [1, 6, 6, 2, 7, 6, 6, 6], [7, 6, 1, 6, 2, 7, 1, 1], [7, 7, 2, 2, 1, 7, 2, 7], [7, 7, 1, 2, 7, 7, 7, 7], [6, 7, 7, 2, 7, 7, 2, 2]], "output": [[1, 2, 6, 2, 2, 6, 6, 6], [7, 2, 2, 7, 1, 7, 6, 2], [2, 6, 2, 1, 2, 6, 7, 7], [6, 6, 6, 7, 2, 6, 6, 1], [1, 1, 7, 2, 6, 1, 6, 7], [7, 2, 7, 1, 2, 2, 7, 7], [7, 7, 7, 7, 2, 1, 7, 7], [2, 2, 7, 7, 2, 7, 7, 6]]}, {"input": [[6, 6, 2, 1, 6, 2, 2, 1], [6, 6, 1, 6, 6, 2, 2, 2], [2, 2, 1, 2, 2, 6, 7, 2], [1, 1, 1, 6, 6, 6, 7, 1], [6, 1, 6, 1, 1, 7, 1, 2], [6, 7, 6, 1, 2, 2, 1, 7], [6, 7, 7, 2, 1, 1, 1, 7], [1, 6, 7, 6, 2, 7, 7, 2]], "output": [[1, 2, 2, 6, 1, 2, 6, 6], [2, 2, 2, 6, 6, 1, 6, 6], [2, 7, 6, 2, 2, 1, 2, 2], [1, 7, 6, 6, 6, 1, 1, 1], [2, 1, 7, 1, 1, 6, 1, 6], [7, 1, 2, 2, 1, 6, 7, 6], [7, 1, 1, 1, 2, 7, 7, 6], [2, 7, 7, 2, 6, 7, 6, 1]]}, {"input": [[6, 7, 7, 2, 2], [6, 1, 7, 6, 1], [6, 2, 7, 1, 1], [6, 1, 2, 2, 7], [2, 6, 6, 6, 1]], "output": [[2, 2, 7, 7, 6], [1, 6, 7, 1, 6], [1, 1, 7, 2, 6], [7, 2, 2, 1, 6], [1, 6, 6, 6, 2]]}, {"input": [[2, 7, 2, 2, 7, 6, 6, 7, 1], [7, 7, 7, 7, 2, 6, 1, 1, 2], [2, 7, 1, 7, 2, 6, 6, 1, 7], [1, 2, 7, 1, 1, 1, 7, 7, 6], [7, 1, 1, 7, 2, 1, 7, 1, 6], [1, 1, 7, 1, 7, 1, 1, 2, 7], [6, 6, 2, 7, 7, 1, 7, 7, 7], [7, 6, 2, 1, 6, 7, 1, 1, 2], [2, 1, 2, 6, 2, 6, 2, 7, 2]], "output": [[1, 7, 6, 6, 7, 2, 2, 7, 2], [2, 1, 1, 6, 2, 7, 7, 7, 7], [7, 1, 6, 6, 2, 7, 1, 7, 2], [6, 7, 7, 1, 1, 1, 7, 2, 1], [6, 1, 7, 1, 2, 7, 1, 1, 7], [7, 2, 1, 1, 7, 1, 7, 1, 1], [7, 7, 7, 1, 7, 7, 2, 6, 6], [2, 1, 1, 7, 6, 1, 2, 6, 7], [2, 7, 2, 6, 2, 6, 2, 1, 2]]}, {"input": [[6, 2, 2], [6, 2, 1], [1, 7, 2]], "output": [[2, 2, 6], [1, 2, 6], [2, 7, 1]]}, {"input": [[1, 7, 6, 6, 2, 6, 7], [2, 1, 6, 7, 1, 1, 6], [7, 7, 6, 6, 2, 7, 2], [7, 2, 2, 1, 7, 7, 7], [2, 7, 1, 1, 2, 6, 2], [2, 1, 7, 2, 6, 7, 2], [1, 7, 2, 1, 2, 2, 6]], "output": [[7, 6, 2, 6, 6, 7, 1], [6, 1, 1, 7, 6, 1, 2], [2, 7, 2, 6, 6, 7, 7], [7, 7, 7, 1, 2, 2, 7], [2, 6, 2, 1, 1, 7, 2], [2, 7, 6, 2, 7, 1, 2], [6, 2, 2, 1, 2, 7, 1]]}, {"input": [[6, 1, 2], [1, 6, 2], [7, 1, 7]], "output": [[2, 1, 6], [2, 6, 1], [7, 1, 7]]}, {"input": [[6, 1, 2, 7, 2, 7, 6], [1, 7, 7, 6, 6, 6, 1], [2, 7, 2, 1, 1, 1, 1], [7, 1, 7, 6, 7, 7, 6], [1, 2, 6, 6, 7, 6, 1], [1, 2, 6, 6, 1, 7, 1], [1, 1, 1, 2, 2, 2, 7]], "output": [[6, 7, 2, 7, 2, 1, 6], [1, 6, 6, 6, 7, 7, 1], [1, 1, 1, 1, 2, 7, 2], [6, 7, 7, 6, 7, 1, 7], [1, 6, 7, 6, 6, 2, 1], [1, 7, 1, 6, 6, 2, 1], [7, 2, 2, 2, 1, 1, 1]]}, {"input": [[7, 2, 7, 2, 7, 2], [1, 2, 7, 2, 2, 1], [1, 2, 1, 1, 6, 7], [6, 1, 2, 6, 7, 7], [7, 6, 6, 2, 1, 1], [1, 2, 2, 7, 2, 1]], "output": [[2, 7, 2, 7, 2, 7], [1, 2, 2, 7, 2, 1], [7, 6, 1, 1, 2, 1], [7, 7, 6, 2, 1, 6], [1, 1, 2, 6, 6, 7], [1, 2, 7, 2, 2, 1]]}, {"input": [[1, 1, 2, 7, 2, 6, 6, 7], [6, 1, 7, 6, 6, 6, 2, 6], [7, 2, 6, 1, 6, 7, 7, 6], [2, 7, 7, 7, 7, 2, 6, 6], [7, 6, 2, 1, 2, 2, 2, 2], [7, 6, 6, 2, 1, 7, 7, 1], [1, 2, 1, 2, 6, 2, 6, 7], [6, 7, 6, 6, 1, 2, 2, 1]], "output": [[7, 6, 6, 2, 7, 2, 1, 1], [6, 2, 6, 6, 6, 7, 1, 6], [6, 7, 7, 6, 1, 6, 2, 7], [6, 6, 2, 7, 7, 7, 7, 2], [2, 2, 2, 2, 1, 2, 6, 7], [1, 7, 7, 1, 2, 6, 6, 7], [7, 6, 2, 6, 2, 1, 2, 1], [1, 2, 2, 1, 6, 6, 7, 6]]}, {"input": [[2, 6, 2], [7, 6, 2], [2, 6, 6]], "output": [[2, 6, 2], [2, 6, 7], [6, 6, 2]]}, {"input": [[7, 7, 2], [2, 6, 1], [2, 1, 1]], "output": [[2, 7, 7], [1, 6, 2], [1, 1, 2]]}, {"input": [[6, 1, 7, 1, 1, 6, 1, 2], [7, 2, 7, 6, 1, 7, 2, 7], [1, 2, 2, 7, 7, 6, 2, 7], [6, 6, 7, 2, 6, 7, 6, 2], [2, 2, 2, 7, 1, 1, 7, 2], [7, 1, 6, 2, 6, 7, 1, 6], [1, 2, 7, 6, 6, 1, 2, 2], [7, 1, 7, 1, 6, 6, 1, 1]], "output": [[2, 1, 6, 1, 1, 7, 1, 6], [7, 2, 7, 1, 6, 7, 2, 7], [7, 2, 6, 7, 7, 2, 2, 1], [2, 6, 7, 6, 2, 7, 6, 6], [2, 7, 1, 1, 7, 2, 2, 2], [6, 1, 7, 6, 2, 6, 1, 7], [2, 2, 1, 6, 6, 7, 2, 1], [1, 1, 6, 6, 1, 7, 1, 7]]}, {"input": [[6, 1, 2, 7, 1, 1, 2], [7, 2, 7, 2, 7, 6, 7], [7, 7, 7, 6, 2, 6, 6], [2, 2, 7, 6, 2, 1, 7], [1, 6, 6, 2, 1, 6, 7], [6, 7, 1, 6, 1, 1, 1], [1, 1, 2, 7, 6, 7, 2]], "output": [[2, 1, 1, 7, 2, 1, 6], [7, 6, 7, 2, 7, 2, 7], [6, 6, 2, 6, 7, 7, 7], [7, 1, 2, 6, 7, 2, 2], [7, 6, 1, 2, 6, 6, 1], [1, 1, 1, 6, 1, 7, 6], [2, 7, 6, 7, 2, 1, 1]]}, {"input": [[2, 2, 7, 1, 6, 7, 1], [7, 6, 6, 7, 2, 6, 7], [1, 1, 1, 6, 7, 6, 1], [1, 6, 2, 7, 1, 7, 6], [2, 7, 6, 2, 6, 1, 2], [7, 1, 1, 1, 2, 1, 1], [2, 7, 1, 7, 6, 1, 1]], "output": [[1, 7, 6, 1, 7, 2, 2], [7, 6, 2, 7, 6, 6, 7], [1, 6, 7, 6, 1, 1, 1], [6, 7, 1, 7, 2, 6, 1], [2, 1, 6, 2, 6, 7, 2], [1, 1, 2, 1, 1, 1, 7], [1, 1, 6, 7, 1, 7, 2]]}, {"input": [[7, 2, 7, 2, 7], [1, 1, 6, 7, 6], [2, 7, 1, 2, 6], [1, 7, 7, 7, 1], [2, 7, 2, 2, 7]], "output": [[7, 2, 7, 2, 7], [6, 7, 6, 1, 1], [6, 2, 1, 7, 2], [1, 7, 7, 7, 1], [7, 2, 2, 7, 2]]}, {"input": [[7, 6, 7, 2, 2], [2, 7, 6, 1, 1], [2, 6, 6, 6, 1], [2, 1, 1, 7, 6], [2, 2, 2, 7, 1]], "output": [[2, 2, 7, 6, 7], [1, 1, 6, 7, 2], [1, 6, 6, 6, 2], [6, 7, 1, 1, 2], [1, 7, 2, 2, 2]]}, {"input": [[2, 7, 7, 7], [6, 1, 1, 7], [7, 6, 1, 1], [7, 7, 6, 6]], "output": [[7, 7, 7, 2], [7, 1, 1, 6], [1, 1, 6, 7], [6, 6, 7, 7]]}, {"input": [[1, 2, 7, 2, 2, 7, 1], [1, 2, 1, 1, 2, 7, 1], [2, 7, 7, 2, 7, 6, 1], [1, 6, 7, 6, 6, 1, 1], [7, 7, 1, 6, 6, 2, 6], [1, 6, 1, 2, 7, 1, 1], [2, 2, 2, 7, 7, 1, 6]], "output": [[1, 7, 2, 2, 7, 2, 1], [1, 7, 2, 1, 1, 2, 1], [1, 6, 7, 2, 7, 7, 2], [1, 1, 6, 6, 7, 6, 1], [6, 2, 6, 6, 1, 7, 7], [1, 1, 7, 2, 1, 6, 1], [6, 1, 7, 7, 2, 2, 2]]}, {"input": [[1, 6, 2, 6], [7, 1, 1, 2], [2, 2, 1, 1], [1, 6, 1, 1]], "output": [[6, 2, 6, 1], [2, 1, 1, 7], [1, 1, 2, 2], [1, 1, 6, 1]]}, {"input": [[1, 1, 1], [2, 2, 2], [7, 1, 6]], "output": [[1, 1, 1], [2, 2, 2], [6, 1, 7]]}, {"input": [[6, 2, 2, 1, 6, 6, 6, 7], [2, 6, 1, 7, 1, 1, 1, 1], [2, 1, 7, 6, 6, 7, 6, 2], [1, 6, 2, 6, 6, 1, 6, 6], [1, 6, 6, 7, 7, 2, 2, 1], [2, 1, 7, 6, 1, 7, 6, 1], [1, 1, 2, 7, 7, 6, 6, 1], [2, 1, 1, 1, 2, 2, 6, 6]], "output": [[7, 6, 6, 6, 1, 2, 2, 6], [1, 1, 1, 1, 7, 1, 6, 2], [2, 6, 7, 6, 6, 7, 1, 2], [6, 6, 1, 6, 6, 2, 6, 1], [1, 2, 2, 7, 7, 6, 6, 1], [1, 6, 7, 1, 6, 7, 1, 2], [1, 6, 6, 7, 7, 2, 1, 1], [6, 6, 2, 2, 1, 1, 1, 2]]}, {"input": [[7, 2, 1, 2, 1, 1, 6], [1, 6, 2, 7, 1, 7, 7], [7, 7, 7, 6, 6, 6, 7], [6, 1, 2, 6, 1, 7, 1], [1, 6, 6, 6, 6, 6, 2], [6, 1, 1, 1, 7, 7, 1], [7, 1, 6, 1, 7, 1, 7]], "output": [[6, 1, 1, 2, 1, 2, 7], [7, 7, 1, 7, 2, 6, 1], [7, 6, 6, 6, 7, 7, 7], [1, 7, 1, 6, 2, 1, 6], [2, 6, 6, 6, 6, 6, 1], [1, 7, 7, 1, 1, 1, 6], [7, 1, 7, 1, 6, 1, 7]]}, {"input": [[7, 6, 1, 1, 1, 6, 1, 6], [6, 7, 2, 7, 1, 7, 2, 1], [1, 1, 7, 2, 6, 6, 2, 7], [6, 7, 6, 7, 6, 1, 7, 7], [1, 2, 7, 7, 6, 1, 1, 2], [6, 2, 7, 7, 7, 2, 2, 7], [2, 1, 1, 2, 1, 1, 6, 2], [1, 1, 2, 2, 6, 6, 2, 7]], "output": [[6, 1, 6, 1, 1, 1, 6, 7], [1, 2, 7, 1, 7, 2, 7, 6], [7, 2, 6, 6, 2, 7, 1, 1], [7, 7, 1, 6, 7, 6, 7, 6], [2, 1, 1, 6, 7, 7, 2, 1], [7, 2, 2, 7, 7, 7, 2, 6], [2, 6, 1, 1, 2, 1, 1, 2], [7, 2, 6, 6, 2, 2, 1, 1]]}, {"input": [[1, 6, 2, 1], [6, 2, 6, 6], [1, 7, 1, 6], [2, 1, 6, 1]], "output": [[1, 2, 6, 1], [6, 6, 2, 6], [6, 1, 7, 1], [1, 6, 1, 2]]}, {"input": [[1, 6, 7, 2, 1, 7, 6, 1], [7, 6, 6, 1, 1, 6, 7, 7], [7, 1, 6, 1, 2, 6, 1, 2], [1, 1, 2, 1, 7, 1, 2, 7], [1, 1, 1, 6, 6, 1, 2, 6], [7, 6, 6, 2, 6, 1, 7, 2], [1, 6, 7, 2, 6, 2, 1, 2], [1, 7, 1, 2, 2, 1, 6, 1]], "output": [[1, 6, 7, 1, 2, 7, 6, 1], [7, 7, 6, 1, 1, 6, 6, 7], [2, 1, 6, 2, 1, 6, 1, 7], [7, 2, 1, 7, 1, 2, 1, 1], [6, 2, 1, 6, 6, 1, 1, 1], [2, 7, 1, 6, 2, 6, 6, 7], [2, 1, 2, 6, 2, 7, 6, 1], [1, 6, 1, 2, 2, 1, 7, 1]]}, {"input": [[2, 6, 7, 6, 2, 6, 6, 2], [7, 7, 1, 7, 1, 7, 6, 1], [1, 2, 7, 6, 7, 2, 7, 6], [1, 2, 7, 2, 2, 6, 6, 7], [7, 1, 1, 2, 7, 1, 6, 1], [2, 2, 2, 6, 2, 7, 2, 6], [6, 2, 7, 2, 7, 2, 7, 7], [6, 6, 2, 7, 6, 7, 2, 2]], "output": [[2, 6, 6, 2, 6, 7, 6, 2], [1, 6, 7, 1, 7, 1, 7, 7], [6, 7, 2, 7, 6, 7, 2, 1], [7, 6, 6, 2, 2, 7, 2, 1], [1, 6, 1, 7, 2, 1, 1, 7], [6, 2, 7, 2, 6, 2, 2, 2], [7, 7, 2, 7, 2, 7, 2, 6], [2, 2, 7, 6, 7, 2, 6, 6]]}, {"input": [[1, 6, 1, 7], [2, 6, 1, 6], [7, 1, 7, 6], [1, 1, 1, 6]], "output": [[7, 1, 6, 1], [6, 1, 6, 2], [6, 7, 1, 7], [6, 1, 1, 1]]}, {"input": [[6, 1, 1], [1, 1, 2], [1, 7, 2]], "output": [[1, 1, 6], [2, 1, 1], [2, 7, 1]]}, {"input": [[1, 1, 1, 6, 1, 2, 1, 6, 1], [2, 7, 6, 2, 2, 7, 2, 1, 2], [6, 6, 2, 6, 1, 7, 2, 6, 1], [6, 1, 2, 7, 1, 7, 1, 1, 7], [7, 1, 1, 6, 6, 1, 1, 6, 2], [2, 1, 6, 1, 1, 7, 2, 1, 2], [6, 2, 1, 1, 1, 7, 7, 7, 7], [1, 2, 7, 7, 2, 6, 1, 7, 1], [2, 2, 6, 6, 1, 7, 6, 2, 1]], "output": [[1, 6, 1, 2, 1, 6, 1, 1, 1], [2, 1, 2, 7, 2, 2, 6, 7, 2], [1, 6, 2, 7, 1, 6, 2, 6, 6], [7, 1, 1, 7, 1, 7, 2, 1, 6], [2, 6, 1, 1, 6, 6, 1, 1, 7], [2, 1, 2, 7, 1, 1, 6, 1, 2], [7, 7, 7, 7, 1, 1, 1, 2, 6], [1, 7, 1, 6, 2, 7, 7, 2, 1], [1, 2, 6, 7, 1, 6, 6, 2, 2]]}, {"input": [[1, 1, 6, 7, 1], [2, 2, 1, 7, 6], [2, 6, 2, 2, 2], [2, 6, 2, 7, 6], [1, 7, 6, 7, 7]], "output": [[1, 7, 6, 1, 1], [6, 7, 1, 2, 2], [2, 2, 2, 6, 2], [6, 7, 2, 6, 2], [7, 7, 6, 7, 1]]}, {"input": [[2, 6, 7, 2, 1, 6], [2, 6, 1, 6, 6, 7], [6, 7, 6, 1, 2, 7], [7, 6, 7, 7, 1, 6], [6, 7, 1, 1, 6, 7], [1, 1, 6, 1, 1, 6]], "output": [[6, 1, 2, 7, 6, 2], [7, 6, 6, 1, 6, 2], [7, 2, 1, 6, 7, 6], [6, 1, 7, 7, 6, 7], [7, 6, 1, 1, 7, 6], [6, 1, 1, 6, 1, 1]]}, {"input": [[1, 2, 7, 2], [2, 1, 1, 1], [1, 1, 7, 6], [6, 1, 2, 7]], "output": [[2, 7, 2, 1], [1, 1, 1, 2], [6, 7, 1, 1], [7, 2, 1, 6]]}, {"input": [[6, 2, 2, 6, 1, 7, 7, 6, 2], [7, 2, 1, 2, 7, 6, 1, 7, 6], [6, 6, 1, 6, 2, 7, 7, 6, 7], [7, 7, 1, 2, 1, 2, 7, 1, 6], [6, 2, 1, 2, 2, 7, 7, 1, 1], [2, 2, 6, 1, 6, 1, 1, 2, 1], [6, 2, 2, 7, 1, 7, 6, 2, 7], [7, 7, 6, 6, 1, 7, 6, 6, 6], [6, 2, 6, 1, 7, 2, 2, 7, 1]], "output": [[2, 6, 7, 7, 1, 6, 2, 2, 6], [6, 7, 1, 6, 7, 2, 1, 2, 7], [7, 6, 7, 7, 2, 6, 1, 6, 6], [6, 1, 7, 2, 1, 2, 1, 7, 7], [1, 1, 7, 7, 2, 2, 1, 2, 6], [1, 2, 1, 1, 6, 1, 6, 2, 2], [7, 2, 6, 7, 1, 7, 2, 2, 6], [6, 6, 6, 7, 1, 6, 6, 7, 7], [1, 7, 2, 2, 7, 1, 6, 2, 6]]}, {"input": [[6, 1, 1, 1, 7, 7, 7, 7], [1, 1, 6, 2, 6, 7, 1, 6], [1, 7, 2, 7, 7, 1, 1, 6], [1, 7, 1, 7, 6, 7, 1, 7], [7, 7, 7, 6, 1, 1, 2, 2], [6, 6, 7, 2, 2, 2, 7, 6], [1, 2, 7, 2, 2, 2, 1, 6], [1, 1, 1, 7, 7, 7, 6, 7]], "output": [[7, 7, 7, 7, 1, 1, 1, 6], [6, 1, 7, 6, 2, 6, 1, 1], [6, 1, 1, 7, 7, 2, 7, 1], [7, 1, 7, 6, 7, 1, 7, 1], [2, 2, 1, 1, 6, 7, 7, 7], [6, 7, 2, 2, 2, 7, 6, 6], [6, 1, 2, 2, 2, 7, 2, 1], [7, 6, 7, 7, 7, 1, 1, 1]]}, {"input": [[6, 6, 2, 7, 2, 1, 7], [2, 1, 2, 2, 2, 7, 1], [7, 1, 2, 1, 1, 2, 2], [6, 2, 7, 7, 7, 2, 6], [6, 6, 7, 1, 2, 7, 1], [1, 1, 1, 7, 1, 7, 6], [2, 1, 1, 2, 1, 7, 2]], "output": [[7, 1, 2, 7, 2, 6, 6], [1, 7, 2, 2, 2, 1, 2], [2, 2, 1, 1, 2, 1, 7], [6, 2, 7, 7, 7, 2, 6], [1, 7, 2, 1, 7, 6, 6], [6, 7, 1, 7, 1, 1, 1], [2, 7, 1, 2, 1, 1, 2]]}, {"input": [[6, 6, 7, 6, 1, 7, 2, 7, 1], [7, 1, 6, 6, 6, 2, 2, 6, 6], [2, 1, 1, 2, 1, 1, 2, 2, 7], [6, 1, 2, 2, 7, 1, 1, 7, 2], [7, 1, 1, 7, 7, 7, 1, 1, 6], [1, 7, 6, 6, 1, 2, 6, 6, 6], [2, 6, 6, 7, 6, 1, 7, 1, 2], [1, 7, 1, 6, 2, 2, 6, 6, 1], [6, 2, 2, 2, 2, 6, 2, 7, 2]], "output": [[1, 7, 2, 7, 1, 6, 7, 6, 6], [6, 6, 2, 2, 6, 6, 6, 1, 7], [7, 2, 2, 1, 1, 2, 1, 1, 2], [2, 7, 1, 1, 7, 2, 2, 1, 6], [6, 1, 1, 7, 7, 7, 1, 1, 7], [6, 6, 6, 2, 1, 6, 6, 7, 1], [2, 1, 7, 1, 6, 7, 6, 6, 2], [1, 6, 6, 2, 2, 6, 1, 7, 1], [2, 7, 2, 6, 2, 2, 2, 2, 6]]}, {"input": [[1, 2, 2, 1, 6], [2, 6, 1, 2, 6], [1, 2, 1, 2, 7], [2, 2, 7, 1, 1], [6, 1, 7, 7, 6]], "output": [[6, 1, 2, 2, 1], [6, 2, 1, 6, 2], [7, 2, 1, 2, 1], [1, 1, 7, 2, 2], [6, 7, 7, 1, 6]]}, {"input": [[2, 2, 1, 2, 6, 7, 6], [2, 2, 6, 2, 6, 6, 1], [1, 1, 2, 6, 7, 1, 2], [6, 6, 6, 6, 1, 2, 7], [2, 6, 2, 7, 6, 2, 6], [1, 1, 6, 6, 1, 1, 1], [7, 7, 7, 1, 7, 2, 7]], "output": [[6, 7, 6, 2, 1, 2, 2], [1, 6, 6, 2, 6, 2, 2], [2, 1, 7, 6, 2, 1, 1], [7, 2, 1, 6, 6, 6, 6], [6, 2, 6, 7, 2, 6, 2], [1, 1, 1, 6, 6, 1, 1], [7, 2, 7, 1, 7, 7, 7]]}, {"input": [[6, 1, 6], [1, 2, 7], [1, 7, 6]], "output": [[6, 1, 6], [7, 2, 1], [6, 7, 1]]}, {"input": [[2, 6, 2, 2, 7, 1, 1, 1], [1, 6, 2, 6, 6, 7, 2, 7], [1, 2, 1, 1, 1, 6, 1, 2], [6, 6, 1, 1, 2, 2, 6, 1], [7, 1, 2, 7, 2, 7, 1, 7], [7, 2, 7, 6, 6, 2, 2, 2], [2, 7, 6, 6, 6, 7, 7, 7], [7, 7, 2, 7, 6, 1, 1, 6]], "output": [[1, 1, 1, 7, 2, 2, 6, 2], [7, 2, 7, 6, 6, 2, 6, 1], [2, 1, 6, 1, 1, 1, 2, 1], [1, 6, 2, 2, 1, 1, 6, 6], [7, 1, 7, 2, 7, 2, 1, 7], [2, 2, 2, 6, 6, 7, 2, 7], [7, 7, 7, 6, 6, 6, 7, 2], [6, 1, 1, 6, 7, 2, 7, 7]]}, {"input": [[6, 2, 6, 1, 7], [7, 7, 1, 7, 2], [1, 6, 2, 6, 7], [2, 2, 6, 7, 6], [2, 7, 1, 7, 1]], "output": [[7, 1, 6, 2, 6], [2, 7, 1, 7, 7], [7, 6, 2, 6, 1], [6, 7, 6, 2, 2], [1, 7, 1, 7, 2]]}, {"input": [[1, 1, 1, 7, 7, 6, 6, 2, 6], [1, 7, 6, 1, 6, 1, 2, 6, 7], [2, 1, 1, 1, 2, 7, 2, 7, 6], [7, 6, 1, 7, 1, 1, 7, 1, 7], [7, 6, 7, 6, 7, 1, 6, 6, 2], [6, 6, 6, 1, 2, 2, 7, 6, 7], [6, 7, 6, 6, 6, 2, 6, 2, 2], [2, 1, 1, 7, 2, 7, 7, 6, 6], [6, 2, 7, 6, 6, 2, 2, 2, 7]], "output": [[6, 2, 6, 6, 7, 7, 1, 1, 1], [7, 6, 2, 1, 6, 1, 6, 7, 1], [6, 7, 2, 7, 2, 1, 1, 1, 2], [7, 1, 7, 1, 1, 7, 1, 6, 7], [2, 6, 6, 1, 7, 6, 7, 6, 7], [7, 6, 7, 2, 2, 1, 6, 6, 6], [2, 2, 6, 2, 6, 6, 6, 7, 6], [6, 6, 7, 7, 2, 7, 1, 1, 2], [7, 2, 2, 2, 6, 6, 7, 2, 6]]}, {"input": [[7, 7, 1, 2, 2, 6, 1], [1, 6, 2, 1, 7, 1, 2], [2, 7, 2, 6, 2, 6, 1], [6, 1, 1, 2, 6, 7, 6], [6, 6, 7, 7, 6, 2, 6], [7, 6, 2, 6, 7, 1, 6], [7, 6, 2, 1, 2, 6, 7]], "output": [[1, 6, 2, 2, 1, 7, 7], [2, 1, 7, 1, 2, 6, 1], [1, 6, 2, 6, 2, 7, 2], [6, 7, 6, 2, 1, 1, 6], [6, 2, 6, 7, 7, 6, 6], [6, 1, 7, 6, 2, 6, 7], [7, 6, 2, 1, 2, 6, 7]]}, {"input": [[1, 7, 1, 2, 1, 7, 1], [6, 6, 6, 6, 2, 6, 7], [7, 7, 7, 7, 1, 2, 2], [1, 6, 7, 1, 1, 2, 1], [7, 1, 6, 7, 2, 2, 6], [1, 2, 7, 1, 6, 6, 1], [1, 2, 7, 7, 7, 7, 6]], "output": [[1, 7, 1, 2, 1, 7, 1], [7, 6, 2, 6, 6, 6, 6], [2, 2, 1, 7, 7, 7, 7], [1, 2, 1, 1, 7, 6, 1], [6, 2, 2, 7, 6, 1, 7], [1, 6, 6, 1, 7, 2, 1], [6, 7, 7, 7, 7, 2, 1]]}, {"input": [[6, 7, 7, 7, 7, 2], [7, 2, 1, 6, 6, 1], [1, 7, 2, 6, 2, 6], [2, 7, 7, 6, 7, 6], [2, 2, 2, 1, 6, 2], [7, 6, 6, 7, 1, 2]], "output": [[2, 7, 7, 7, 7, 6], [1, 6, 6, 1, 2, 7], [6, 2, 6, 2, 7, 1], [6, 7, 6, 7, 7, 2], [2, 6, 1, 2, 2, 2], [2, 1, 7, 6, 6, 7]]}, {"input": [[6, 2, 1, 6, 7, 7, 7], [6, 1, 6, 2, 2, 7, 2], [1, 7, 7, 2, 7, 6, 7], [1, 7, 2, 1, 1, 6, 1], [7, 2, 2, 2, 6, 6, 7], [2, 2, 7, 2, 1, 1, 7], [7, 1, 2, 2, 6, 2, 2]], "output": [[7, 7, 7, 6, 1, 2, 6], [2, 7, 2, 2, 6, 1, 6], [7, 6, 7, 2, 7, 7, 1], [1, 6, 1, 1, 2, 7, 1], [7, 6, 6, 2, 2, 2, 7], [7, 1, 1, 2, 7, 2, 2], [2, 2, 6, 2, 2, 1, 7]]}, {"input": [[7, 2, 6, 6], [2, 2, 1, 7], [2, 2, 2, 7], [2, 1, 1, 6]], "output": [[6, 6, 2, 7], [7, 1, 2, 2], [7, 2, 2, 2], [6, 1, 1, 2]]}, {"input": [[6, 1, 7, 7, 6, 6, 2, 6], [6, 2, 2, 1, 6, 1, 6, 6], [6, 6, 1, 1, 7, 7, 7, 2], [6, 7, 2, 7, 1, 2, 2, 1], [6, 6, 2, 7, 7, 2, 2, 7], [1, 7, 6, 6, 2, 7, 6, 1], [6, 1, 6, 2, 1, 2, 6, 1], [7, 7, 1, 6, 7, 6, 7, 6]], "output": [[6, 2, 6, 6, 7, 7, 1, 6], [6, 6, 1, 6, 1, 2, 2, 6], [2, 7, 7, 7, 1, 1, 6, 6], [1, 2, 2, 1, 7, 2, 7, 6], [7, 2, 2, 7, 7, 2, 6, 6], [1, 6, 7, 2, 6, 6, 7, 1], [1, 6, 2, 1, 2, 6, 1, 6], [6, 7, 6, 7, 6, 1, 7, 7]]}, {"input": [[6, 2, 1, 1, 1, 2, 1], [1, 6, 7, 1, 2, 6, 1], [6, 2, 6, 2, 6, 6, 7], [1, 2, 2, 6, 7, 1, 2], [7, 6, 7, 6, 7, 7, 7], [7, 7, 7, 6, 7, 7, 7], [7, 7, 7, 6, 6, 2, 7]], "output": [[1, 2, 1, 1, 1, 2, 6], [1, 6, 2, 1, 7, 6, 1], [7, 6, 6, 2, 6, 2, 6], [2, 1, 7, 6, 2, 2, 1], [7, 7, 7, 6, 7, 6, 7], [7, 7, 7, 6, 7, 7, 7], [7, 2, 6, 6, 7, 7, 7]]}, {"input": [[6, 6, 7, 1, 7], [2, 2, 2, 1, 2], [6, 1, 7, 6, 2], [7, 1, 6, 7, 1], [1, 2, 1, 1, 6]], "output": [[7, 1, 7, 6, 6], [2, 1, 2, 2, 2], [2, 6, 7, 1, 6], [1, 7, 6, 1, 7], [6, 1, 1, 2, 1]]}, {"input": [[2, 7, 2, 1, 6], [7, 1, 6, 6, 2], [2, 1, 6, 7, 2], [6, 1, 6, 6, 1], [7, 7, 7, 7, 6]], "output": [[6, 1, 2, 7, 2], [2, 6, 6, 1, 7], [2, 7, 6, 1, 2], [1, 6, 6, 1, 6], [6, 7, 7, 7, 7]]}, {"input": [[7, 7, 1, 1, 7, 2], [2, 1, 7, 2, 6, 6], [6, 6, 7, 2, 2, 2], [6, 1, 2, 1, 2, 1], [7, 1, 7, 7, 1, 1], [1, 1, 6, 6, 2, 2]], "output": [[2, 7, 1, 1, 7, 7], [6, 6, 2, 7, 1, 2], [2, 2, 2, 7, 6, 6], [1, 2, 1, 2, 1, 6], [1, 1, 7, 7, 1, 7], [2, 2, 6, 6, 1, 1]]}, {"input": [[6, 1, 7], [2, 1, 2], [2, 7, 2]], "output": [[7, 1, 6], [2, 1, 2], [2, 7, 2]]}, {"input": [[1, 2, 1, 1], [6, 1, 6, 1], [2, 6, 1, 6], [1, 7, 1, 2]], "output": [[1, 1, 2, 1], [1, 6, 1, 6], [6, 1, 6, 2], [2, 1, 7, 1]]}, {"input": [[7, 7, 6, 7, 2, 6], [1, 1, 7, 2, 6, 2], [1, 1, 2, 1, 2, 6], [7, 6, 2, 7, 2, 7], [6, 6, 6, 1, 7, 7], [2, 1, 7, 2, 6, 6]], "output": [[6, 2, 7, 6, 7, 7], [2, 6, 2, 7, 1, 1], [6, 2, 1, 2, 1, 1], [7, 2, 7, 2, 6, 7], [7, 7, 1, 6, 6, 6], [6, 6, 2, 7, 1, 2]]}, {"input": [[6, 6, 2, 2], [1, 7, 6, 2], [2, 1, 7, 6], [7, 2, 6, 1]], "output": [[2, 2, 6, 6], [2, 6, 7, 1], [6, 7, 1, 2], [1, 6, 2, 7]]}, {"input": [[6, 2, 7, 1, 6, 7, 7, 6], [1, 1, 2, 2, 6, 6, 7, 7], [1, 1, 1, 1, 7, 1, 2, 1], [1, 1, 1, 2, 1, 6, 7, 6], [1, 6, 7, 6, 7, 7, 2, 2], [6, 2, 1, 1, 7, 1, 1, 1], [2, 1, 2, 7, 2, 2, 6, 1], [1, 7, 7, 6, 2, 6, 6, 6]], "output": [[6, 7, 7, 6, 1, 7, 2, 6], [7, 7, 6, 6, 2, 2, 1, 1], [1, 2, 1, 7, 1, 1, 1, 1], [6, 7, 6, 1, 2, 1, 1, 1], [2, 2, 7, 7, 6, 7, 6, 1], [1, 1, 1, 7, 1, 1, 2, 6], [1, 6, 2, 2, 7, 2, 1, 2], [6, 6, 6, 2, 6, 7, 7, 1]]}, {"input": [[1, 2, 2], [2, 1, 6], [2, 2, 1]], "output": [[2, 2, 1], [6, 1, 2], [1, 2, 2]]}, {"input": [[6, 2, 2], [1, 6, 1], [7, 6, 6]], "output": [[2, 2, 6], [1, 6, 1], [6, 6, 7]]}, {"input": [[7, 1, 7], [6, 7, 2], [7, 1, 6]], "output": [[7, 1, 7], [2, 7, 6], [6, 1, 7]]}, {"input": [[1, 2, 7], [1, 1, 2], [2, 2, 7]], "output": [[7, 2, 1], [2, 1, 1], [7, 2, 2]]}, {"input": [[6, 6, 1, 2, 7], [1, 7, 6, 7, 6], [7, 6, 7, 7, 7], [6, 6, 6, 2, 6], [2, 2, 1, 1, 7]], "output": [[7, 2, 1, 6, 6], [6, 7, 6, 7, 1], [7, 7, 7, 6, 7], [6, 2, 6, 6, 6], [7, 1, 1, 2, 2]]}, {"input": [[2, 6, 7, 6, 2], [6, 2, 1, 1, 7], [1, 2, 2, 7, 1], [6, 6, 7, 1, 2], [7, 2, 6, 2, 7]], "output": [[2, 6, 7, 6, 2], [7, 1, 1, 2, 6], [1, 7, 2, 2, 1], [2, 1, 7, 6, 6], [7, 2, 6, 2, 7]]}, {"input": [[2, 1, 7, 1, 7, 2, 1, 7, 1], [6, 2, 7, 6, 1, 1, 7, 7, 7], [2, 1, 6, 7, 2, 2, 7, 2, 6], [6, 7, 1, 7, 7, 7, 1, 6, 6], [6, 7, 2, 7, 6, 6, 1, 1, 7], [1, 6, 7, 1, 2, 6, 1, 1, 6], [1, 7, 1, 1, 1, 7, 7, 2, 6], [1, 6, 7, 1, 6, 2, 2, 6, 7], [6, 1, 6, 1, 1, 6, 1, 6, 2]], "output": [[1, 7, 1, 2, 7, 1, 7, 1, 2], [7, 7, 7, 1, 1, 6, 7, 2, 6], [6, 2, 7, 2, 2, 7, 6, 1, 2], [6, 6, 1, 7, 7, 7, 1, 7, 6], [7, 1, 1, 6, 6, 7, 2, 7, 6], [6, 1, 1, 6, 2, 1, 7, 6, 1], [6, 2, 7, 7, 1, 1, 1, 7, 1], [7, 6, 2, 2, 6, 1, 7, 6, 1], [2, 6, 1, 6, 1, 1, 6, 1, 6]]}, {"input": [[7, 1, 6], [6, 6, 2], [1, 1, 7]], "output": [[6, 1, 7], [2, 6, 6], [7, 1, 1]]}, {"input": [[6, 6, 6, 1, 2, 7, 6, 1, 2], [6, 6, 6, 1, 1, 2, 2, 6, 7], [1, 1, 7, 7, 1, 7, 1, 7, 2], [2, 1, 7, 7, 6, 2, 2, 1, 1], [1, 6, 6, 2, 7, 2, 2, 2, 6], [6, 1, 6, 1, 7, 6, 2, 6, 1], [2, 6, 1, 7, 1, 7, 7, 1, 1], [6, 6, 6, 6, 6, 6, 2, 6, 7], [2, 1, 1, 7, 6, 1, 7, 7, 2]], "output": [[2, 1, 6, 7, 2, 1, 6, 6, 6], [7, 6, 2, 2, 1, 1, 6, 6, 6], [2, 7, 1, 7, 1, 7, 7, 1, 1], [1, 1, 2, 2, 6, 7, 7, 1, 2], [6, 2, 2, 2, 7, 2, 6, 6, 1], [1, 6, 2, 6, 7, 1, 6, 1, 6], [1, 1, 7, 7, 1, 7, 1, 6, 2], [7, 6, 2, 6, 6, 6, 6, 6, 6], [2, 7, 7, 1, 6, 7, 1, 1, 2]]}, {"input": [[7, 1, 1], [1, 7, 1], [6, 7, 7]], "output": [[1, 1, 7], [1, 7, 1], [7, 7, 6]]}, {"input": [[6, 1, 2, 6, 6, 7, 2, 6, 1], [6, 7, 7, 6, 2, 7, 2, 7, 6], [7, 6, 2, 7, 6, 2, 6, 2, 1], [6, 1, 7, 7, 6, 2, 2, 2, 6], [6, 7, 2, 2, 6, 6, 7, 1, 7], [2, 2, 6, 2, 2, 1, 7, 1, 6], [2, 6, 1, 6, 1, 2, 2, 6, 7], [7, 7, 7, 2, 6, 1, 1, 1, 2], [6, 7, 1, 7, 7, 7, 2, 6, 6]], "output": [[1, 6, 2, 7, 6, 6, 2, 1, 6], [6, 7, 2, 7, 2, 6, 7, 7, 6], [1, 2, 6, 2, 6, 7, 2, 6, 7], [6, 2, 2, 2, 6, 7, 7, 1, 6], [7, 1, 7, 6, 6, 2, 2, 7, 6], [6, 1, 7, 1, 2, 2, 6, 2, 2], [7, 6, 2, 2, 1, 6, 1, 6, 2], [2, 1, 1, 1, 6, 2, 7, 7, 7], [6, 6, 2, 7, 7, 7, 1, 7, 6]]}, {"input": [[2, 1, 6, 6, 2, 6, 2], [2, 1, 6, 2, 1, 1, 2], [7, 1, 6, 6, 6, 2, 1], [1, 7, 7, 1, 2, 2, 1], [2, 1, 2, 1, 7, 1, 1], [6, 1, 6, 2, 6, 1, 6], [2, 7, 6, 1, 1, 6, 6]], "output": [[2, 6, 2, 6, 6, 1, 2], [2, 1, 1, 2, 6, 1, 2], [1, 2, 6, 6, 6, 1, 7], [1, 2, 2, 1, 7, 7, 1], [1, 1, 7, 1, 2, 1, 2], [6, 1, 6, 2, 6, 1, 6], [6, 6, 1, 1, 6, 7, 2]]}, {"input": [[1, 7, 1, 1], [7, 7, 1, 7], [1, 1, 7, 2], [2, 7, 7, 1]], "output": [[1, 1, 7, 1], [7, 1, 7, 7], [2, 7, 1, 1], [1, 7, 7, 2]]}, {"input": [[1, 7, 6, 2, 7, 2, 1], [7, 7, 2, 6, 6, 7, 7], [2, 1, 7, 2, 6, 7, 1], [1, 6, 7, 7, 2, 7, 7], [2, 6, 6, 7, 6, 6, 7], [1, 1, 7, 2, 1, 1, 6], [6, 6, 6, 6, 1, 7, 7]], "output": [[1, 2, 7, 2, 6, 7, 1], [7, 7, 6, 6, 2, 7, 7], [1, 7, 6, 2, 7, 1, 2], [7, 7, 2, 7, 7, 6, 1], [7, 6, 6, 7, 6, 6, 2], [6, 1, 1, 2, 7, 1, 1], [7, 7, 1, 6, 6, 6, 6]]}, {"input": [[1, 2, 7, 7, 1], [7, 2, 7, 6, 6], [1, 1, 6, 7, 6], [7, 1, 2, 2, 6], [7, 2, 2, 6, 1]], "output": [[1, 7, 7, 2, 1], [6, 6, 7, 2, 7], [6, 7, 6, 1, 1], [6, 2, 2, 1, 7], [1, 6, 2, 2, 7]]}, {"input": [[1, 1, 6, 7, 1, 7], [7, 6, 2, 1, 6, 7], [2, 6, 6, 7, 7, 7], [6, 2, 1, 1, 2, 6], [6, 1, 6, 1, 6, 6], [6, 1, 1, 6, 2, 6]], "output": [[7, 1, 7, 6, 1, 1], [7, 6, 1, 2, 6, 7], [7, 7, 7, 6, 6, 2], [6, 2, 1, 1, 2, 6], [6, 6, 1, 6, 1, 6], [6, 2, 6, 1, 1, 6]]}, {"input": [[2, 1, 6, 6, 7], [7, 6, 7, 1, 6], [2, 6, 6, 6, 6], [2, 1, 1, 7, 1], [1, 2, 6, 1, 2]], "output": [[7, 6, 6, 1, 2], [6, 1, 7, 6, 7], [6, 6, 6, 6, 2], [1, 7, 1, 1, 2], [2, 1, 6, 2, 1]]}, {"input": [[6, 6, 7, 2, 2, 6, 6, 1, 6], [1, 2, 2, 2, 2, 2, 1, 6, 1], [1, 6, 1, 2, 6, 1, 1, 1, 7], [7, 2, 1, 1, 2, 1, 7, 7, 1], [6, 6, 1, 6, 2, 2, 6, 2, 1], [1, 1, 2, 6, 2, 1, 7, 1, 2], [1, 2, 2, 7, 7, 6, 6, 1, 7], [2, 6, 2, 2, 1, 6, 6, 2, 2], [6, 7, 7, 6, 7, 6, 7, 7, 1]], "output": [[6, 1, 6, 6, 2, 2, 7, 6, 6], [1, 6, 1, 2, 2, 2, 2, 2, 1], [7, 1, 1, 1, 6, 2, 1, 6, 1], [1, 7, 7, 1, 2, 1, 1, 2, 7], [1, 2, 6, 2, 2, 6, 1, 6, 6], [2, 1, 7, 1, 2, 6, 2, 1, 1], [7, 1, 6, 6, 7, 7, 2, 2, 1], [2, 2, 6, 6, 1, 2, 2, 6, 2], [1, 7, 7, 6, 7, 6, 7, 7, 6]]}, {"input": [[6, 7, 6, 2, 2, 2, 1, 7], [7, 6, 6, 1, 6, 7, 1, 7], [6, 2, 7, 7, 7, 2, 6, 6], [2, 6, 1, 2, 2, 6, 7, 1], [6, 7, 1, 7, 2, 1, 6, 7], [2, 2, 2, 7, 7, 6, 1, 2], [6, 6, 1, 2, 6, 7, 6, 6], [6, 6, 7, 6, 2, 6, 2, 1]], "output": [[7, 1, 2, 2, 2, 6, 7, 6], [7, 1, 7, 6, 1, 6, 6, 7], [6, 6, 2, 7, 7, 7, 2, 6], [1, 7, 6, 2, 2, 1, 6, 2], [7, 6, 1, 2, 7, 1, 7, 6], [2, 1, 6, 7, 7, 2, 2, 2], [6, 6, 7, 6, 2, 1, 6, 6], [1, 2, 6, 2, 6, 7, 6, 6]]}, {"input": [[1, 7, 7, 2, 1, 2, 7], [2, 6, 1, 1, 2, 2, 6], [1, 2, 2, 6, 2, 2, 1], [2, 7, 7, 6, 1, 7, 1], [1, 6, 1, 2, 6, 1, 6], [6, 6, 1, 2, 1, 1, 2], [6, 7, 6, 6, 2, 7, 7]], "output": [[7, 2, 1, 2, 7, 7, 1], [6, 2, 2, 1, 1, 6, 2], [1, 2, 2, 6, 2, 2, 1], [1, 7, 1, 6, 7, 7, 2], [6, 1, 6, 2, 1, 6, 1], [2, 1, 1, 2, 1, 6, 6], [7, 7, 2, 6, 6, 7, 6]]}, {"input": [[2, 2, 7, 1, 6, 7], [2, 1, 7, 6, 6, 2], [1, 7, 7, 6, 1, 2], [1, 1, 6, 7, 6, 1], [1, 6, 1, 7, 1, 6], [1, 7, 6, 6, 1, 2]], "output": [[7, 6, 1, 7, 2, 2], [2, 6, 6, 7, 1, 2], [2, 1, 6, 7, 7, 1], [1, 6, 7, 6, 1, 1], [6, 1, 7, 1, 6, 1], [2, 1, 6, 6, 7, 1]]}, {"input": [[6, 7, 6, 6, 2], [6, 6, 6, 1, 1], [7, 2, 7, 2, 1], [2, 6, 6, 2, 2], [2, 1, 6, 7, 2]], "output": [[2, 6, 6, 7, 6], [1, 1, 6, 6, 6], [1, 2, 7, 2, 7], [2, 2, 6, 6, 2], [2, 7, 6, 1, 2]]}, {"input": [[6, 2, 6, 2], [1, 2, 1, 7], [1, 6, 7, 7], [6, 7, 7, 7]], "output": [[2, 6, 2, 6], [7, 1, 2, 1], [7, 7, 6, 1], [7, 7, 7, 6]]}, {"input": [[7, 7, 2, 7, 1, 6], [1, 7, 7, 2, 2, 1], [7, 1, 2, 6, 6, 2], [7, 6, 6, 2, 6, 6], [7, 2, 6, 1, 7, 2], [2, 7, 7, 2, 7, 1]], "output": [[6, 1, 7, 2, 7, 7], [1, 2, 2, 7, 7, 1], [2, 6, 6, 2, 1, 7], [6, 6, 2, 6, 6, 7], [2, 7, 1, 6, 2, 7], [1, 7, 2, 7, 7, 2]]}, {"input": [[1, 2, 6, 6, 1, 7, 1, 1, 6], [2, 7, 1, 2, 6, 1, 2, 1, 2], [2, 7, 2, 1, 6, 7, 6, 2, 1], [6, 2, 2, 2, 1, 2, 1, 7, 6], [1, 2, 2, 6, 1, 2, 2, 7, 2], [7, 1, 1, 6, 1, 7, 2, 7, 1], [2, 6, 2, 1, 2, 7, 1, 2, 2], [7, 6, 7, 1, 7, 6, 7, 6, 7], [7, 1, 1, 6, 1, 7, 1, 2, 2]], "output": [[6, 1, 1, 7, 1, 6, 6, 2, 1], [2, 1, 2, 1, 6, 2, 1, 7, 2], [1, 2, 6, 7, 6, 1, 2, 7, 2], [6, 7, 1, 2, 1, 2, 2, 2, 6], [2, 7, 2, 2, 1, 6, 2, 2, 1], [1, 7, 2, 7, 1, 6, 1, 1, 7], [2, 2, 1, 7, 2, 1, 2, 6, 2], [7, 6, 7, 6, 7, 1, 7, 6, 7], [2, 2, 1, 7, 1, 6, 1, 1, 7]]}, {"input": [[6, 7, 6, 6, 6], [6, 2, 7, 7, 2], [2, 7, 2, 7, 2], [6, 7, 6, 1, 7], [2, 2, 2, 6, 6]], "output": [[6, 6, 6, 7, 6], [2, 7, 7, 2, 6], [2, 7, 2, 7, 2], [7, 1, 6, 7, 6], [6, 6, 2, 2, 2]]}, {"input": [[6, 7, 6, 7], [6, 6, 7, 1], [6, 1, 2, 6], [1, 6, 1, 1]], "output": [[7, 6, 7, 6], [1, 7, 6, 6], [6, 2, 1, 6], [1, 1, 6, 1]]}, {"input": [[7, 1, 6], [1, 2, 6], [6, 7, 2]], "output": [[6, 1, 7], [6, 2, 1], [2, 7, 6]]}, {"input": [[1, 7, 7, 2, 6], [6, 6, 6, 6, 2], [2, 1, 7, 2, 7], [6, 2, 7, 6, 2], [6, 2, 6, 6, 6]], "output": [[6, 2, 7, 7, 1], [2, 6, 6, 6, 6], [7, 2, 7, 1, 2], [2, 6, 7, 2, 6], [6, 6, 6, 2, 6]]}, {"input": [[1, 6, 1, 1, 1, 2, 1, 1], [1, 2, 7, 6, 2, 1, 2, 6], [1, 1, 2, 7, 7, 2, 2, 1], [7, 6, 7, 7, 1, 7, 6, 6], [7, 2, 1, 2, 2, 7, 1, 6], [6, 2, 1, 1, 7, 1, 1, 7], [2, 2, 1, 7, 6, 2, 7, 6], [1, 6, 7, 2, 1, 1, 6, 2]], "output": [[1, 1, 2, 1, 1, 1, 6, 1], [6, 2, 1, 2, 6, 7, 2, 1], [1, 2, 2, 7, 7, 2, 1, 1], [6, 6, 7, 1, 7, 7, 6, 7], [6, 1, 7, 2, 2, 1, 2, 7], [7, 1, 1, 7, 1, 1, 2, 6], [6, 7, 2, 6, 7, 1, 2, 2], [2, 6, 1, 1, 2, 7, 6, 1]]}, {"input": [[2, 1, 1, 1, 7, 6], [7, 6, 7, 7, 6, 6], [1, 6, 2, 6, 1, 1], [1, 2, 1, 6, 7, 1], [7, 6, 1, 1, 7, 6], [1, 2, 7, 7, 7, 1]], "output": [[6, 7, 1, 1, 1, 2], [6, 6, 7, 7, 6, 7], [1, 1, 6, 2, 6, 1], [1, 7, 6, 1, 2, 1], [6, 7, 1, 1, 6, 7], [1, 7, 7, 7, 2, 1]]}]