[{"input": [[8, 1, 8], [6, 1, 8], [1, 6, 6]], "output": [[8, 1, 8, 8, 1, 8], [6, 1, 8, 8, 1, 6], [1, 6, 6, 6, 6, 1]]}, {"input": [[1, 6, 8], [8, 8, 1], [1, 8, 8]], "output": [[1, 6, 8, 8, 6, 1], [8, 8, 1, 1, 8, 8], [1, 8, 8, 8, 8, 1]]}, {"input": [[1, 6, 1], [1, 8, 6], [6, 8, 1]], "output": [[1, 6, 1, 1, 6, 1], [1, 8, 6, 6, 8, 1], [6, 8, 1, 1, 8, 6]]}, {"input": [[6, 1, 8], [1, 6, 6], [6, 1, 8]], "output": [[6, 1, 8, 8, 1, 6], [1, 6, 6, 6, 6, 1], [6, 1, 8, 8, 1, 6]]}, {"input": [[8, 6, 6], [1, 8, 1], [8, 6, 8]], "output": [[8, 6, 6, 6, 6, 8], [1, 8, 1, 1, 8, 1], [8, 6, 8, 8, 6, 8]]}, {"input": [[6, 6, 6], [8, 1, 6], [8, 6, 6]], "output": [[6, 6, 6, 6, 6, 6], [8, 1, 6, 6, 1, 8], [8, 6, 6, 6, 6, 8]]}, {"input": [[8, 1, 6], [6, 6, 6], [6, 8, 1]], "output": [[8, 1, 6, 6, 1, 8], [6, 6, 6, 6, 6, 6], [6, 8, 1, 1, 8, 6]]}, {"input": [[1, 8, 8], [8, 6, 1], [6, 1, 1]], "output": [[1, 8, 8, 8, 8, 1], [8, 6, 1, 1, 6, 8], [6, 1, 1, 1, 1, 6]]}, {"input": [[6, 1, 1], [6, 8, 8], [8, 1, 6]], "output": [[6, 1, 1, 1, 1, 6], [6, 8, 8, 8, 8, 6], [8, 1, 6, 6, 1, 8]]}, {"input": [[1, 6, 6], [8, 8, 1], [8, 1, 6]], "output": [[1, 6, 6, 6, 6, 1], [8, 8, 1, 1, 8, 8], [8, 1, 6, 6, 1, 8]]}, {"input": [[6, 1, 1], [1, 6, 8], [6, 8, 8]], "output": [[6, 1, 1, 1, 1, 6], [1, 6, 8, 8, 6, 1], [6, 8, 8, 8, 8, 6]]}, {"input": [[1, 8, 8], [8, 6, 1], [1, 8, 1]], "output": [[1, 8, 8, 8, 8, 1], [8, 6, 1, 1, 6, 8], [1, 8, 1, 1, 8, 1]]}, {"input": [[6, 8, 1], [6, 6, 1], [1, 6, 1]], "output": [[6, 8, 1, 1, 8, 6], [6, 6, 1, 1, 6, 6], [1, 6, 1, 1, 6, 1]]}, {"input": [[1, 6, 1], [1, 8, 8], [8, 1, 1]], "output": [[1, 6, 1, 1, 6, 1], [1, 8, 8, 8, 8, 1], [8, 1, 1, 1, 1, 8]]}, {"input": [[8, 8, 8], [8, 6, 8], [1, 8, 8]], "output": [[8, 8, 8, 8, 8, 8], [8, 6, 8, 8, 6, 8], [1, 8, 8, 8, 8, 1]]}, {"input": [[6, 8, 6], [8, 6, 6], [6, 8, 6]], "output": [[6, 8, 6, 6, 8, 6], [8, 6, 6, 6, 6, 8], [6, 8, 6, 6, 8, 6]]}, {"input": [[1, 6, 8], [8, 6, 1], [6, 1, 1]], "output": [[1, 6, 8, 8, 6, 1], [8, 6, 1, 1, 6, 8], [6, 1, 1, 1, 1, 6]]}, {"input": [[6, 8, 1], [8, 1, 6], [1, 8, 6]], "output": [[6, 8, 1, 1, 8, 6], [8, 1, 6, 6, 1, 8], [1, 8, 6, 6, 8, 1]]}, {"input": [[6, 8, 1], [8, 8, 8], [8, 8, 8]], "output": [[6, 8, 1, 1, 8, 6], [8, 8, 8, 8, 8, 8], [8, 8, 8, 8, 8, 8]]}, {"input": [[1, 8, 6], [1, 8, 8], [6, 6, 8]], "output": [[1, 8, 6, 6, 8, 1], [1, 8, 8, 8, 8, 1], [6, 6, 8, 8, 6, 6]]}, {"input": [[1, 6, 1], [8, 8, 1], [1, 6, 6]], "output": [[1, 6, 1, 1, 6, 1], [8, 8, 1, 1, 8, 8], [1, 6, 6, 6, 6, 1]]}, {"input": [[8, 6, 8], [6, 6, 6], [1, 1, 6]], "output": [[8, 6, 8, 8, 6, 8], [6, 6, 6, 6, 6, 6], [1, 1, 6, 6, 1, 1]]}, {"input": [[8, 1, 6], [1, 6, 1], [6, 6, 1]], "output": [[8, 1, 6, 6, 1, 8], [1, 6, 1, 1, 6, 1], [6, 6, 1, 1, 6, 6]]}, {"input": [[6, 6, 8], [6, 8, 8], [8, 8, 6]], "output": [[6, 6, 8, 8, 6, 6], [6, 8, 8, 8, 8, 6], [8, 8, 6, 6, 8, 8]]}, {"input": [[8, 6, 1], [8, 8, 6], [8, 6, 8]], "output": [[8, 6, 1, 1, 6, 8], [8, 8, 6, 6, 8, 8], [8, 6, 8, 8, 6, 8]]}, {"input": [[8, 6, 1], [6, 6, 8], [6, 6, 6]], "output": [[8, 6, 1, 1, 6, 8], [6, 6, 8, 8, 6, 6], [6, 6, 6, 6, 6, 6]]}, {"input": [[1, 6, 8], [6, 6, 1], [1, 1, 8]], "output": [[1, 6, 8, 8, 6, 1], [6, 6, 1, 1, 6, 6], [1, 1, 8, 8, 1, 1]]}, {"input": [[8, 6, 8], [6, 8, 8], [8, 1, 1]], "output": [[8, 6, 8, 8, 6, 8], [6, 8, 8, 8, 8, 6], [8, 1, 1, 1, 1, 8]]}, {"input": [[6, 8, 6], [1, 1, 1], [8, 8, 6]], "output": [[6, 8, 6, 6, 8, 6], [1, 1, 1, 1, 1, 1], [8, 8, 6, 6, 8, 8]]}, {"input": [[1, 8, 1], [6, 8, 6], [8, 8, 1]], "output": [[1, 8, 1, 1, 8, 1], [6, 8, 6, 6, 8, 6], [8, 8, 1, 1, 8, 8]]}, {"input": [[1, 6, 1], [6, 1, 1], [8, 1, 1]], "output": [[1, 6, 1, 1, 6, 1], [6, 1, 1, 1, 1, 6], [8, 1, 1, 1, 1, 8]]}, {"input": [[8, 8, 8], [6, 8, 8], [6, 1, 1]], "output": [[8, 8, 8, 8, 8, 8], [6, 8, 8, 8, 8, 6], [6, 1, 1, 1, 1, 6]]}, {"input": [[8, 6, 6], [8, 1, 8], [1, 8, 1]], "output": [[8, 6, 6, 6, 6, 8], [8, 1, 8, 8, 1, 8], [1, 8, 1, 1, 8, 1]]}, {"input": [[1, 1, 1], [8, 8, 6], [8, 1, 6]], "output": [[1, 1, 1, 1, 1, 1], [8, 8, 6, 6, 8, 8], [8, 1, 6, 6, 1, 8]]}, {"input": [[6, 1, 6], [6, 6, 8], [6, 1, 1]], "output": [[6, 1, 6, 6, 1, 6], [6, 6, 8, 8, 6, 6], [6, 1, 1, 1, 1, 6]]}, {"input": [[8, 8, 6], [6, 1, 6], [1, 8, 1]], "output": [[8, 8, 6, 6, 8, 8], [6, 1, 6, 6, 1, 6], [1, 8, 1, 1, 8, 1]]}, {"input": [[6, 8, 6], [6, 1, 6], [1, 8, 8]], "output": [[6, 8, 6, 6, 8, 6], [6, 1, 6, 6, 1, 6], [1, 8, 8, 8, 8, 1]]}, {"input": [[6, 8, 6], [8, 8, 8], [1, 8, 6]], "output": [[6, 8, 6, 6, 8, 6], [8, 8, 8, 8, 8, 8], [1, 8, 6, 6, 8, 1]]}, {"input": [[1, 1, 8], [6, 1, 1], [1, 1, 6]], "output": [[1, 1, 8, 8, 1, 1], [6, 1, 1, 1, 1, 6], [1, 1, 6, 6, 1, 1]]}, {"input": [[8, 6, 8], [8, 1, 6], [6, 8, 8]], "output": [[8, 6, 8, 8, 6, 8], [8, 1, 6, 6, 1, 8], [6, 8, 8, 8, 8, 6]]}, {"input": [[8, 8, 6], [1, 1, 8], [1, 1, 1]], "output": [[8, 8, 6, 6, 8, 8], [1, 1, 8, 8, 1, 1], [1, 1, 1, 1, 1, 1]]}, {"input": [[8, 1, 6], [1, 6, 1], [6, 6, 6]], "output": [[8, 1, 6, 6, 1, 8], [1, 6, 1, 1, 6, 1], [6, 6, 6, 6, 6, 6]]}, {"input": [[1, 8, 1], [8, 1, 8], [6, 8, 1]], "output": [[1, 8, 1, 1, 8, 1], [8, 1, 8, 8, 1, 8], [6, 8, 1, 1, 8, 6]]}, {"input": [[8, 8, 1], [6, 6, 1], [8, 6, 6]], "output": [[8, 8, 1, 1, 8, 8], [6, 6, 1, 1, 6, 6], [8, 6, 6, 6, 6, 8]]}, {"input": [[6, 8, 6], [8, 6, 6], [1, 8, 1]], "output": [[6, 8, 6, 6, 8, 6], [8, 6, 6, 6, 6, 8], [1, 8, 1, 1, 8, 1]]}, {"input": [[6, 1, 1], [1, 6, 8], [8, 1, 8]], "output": [[6, 1, 1, 1, 1, 6], [1, 6, 8, 8, 6, 1], [8, 1, 8, 8, 1, 8]]}, {"input": [[1, 1, 8], [1, 1, 1], [8, 6, 8]], "output": [[1, 1, 8, 8, 1, 1], [1, 1, 1, 1, 1, 1], [8, 6, 8, 8, 6, 8]]}, {"input": [[6, 1, 6], [8, 8, 6], [6, 8, 6]], "output": [[6, 1, 6, 6, 1, 6], [8, 8, 6, 6, 8, 8], [6, 8, 6, 6, 8, 6]]}, {"input": [[1, 8, 8], [8, 1, 1], [1, 1, 1]], "output": [[1, 8, 8, 8, 8, 1], [8, 1, 1, 1, 1, 8], [1, 1, 1, 1, 1, 1]]}, {"input": [[8, 6, 1], [8, 1, 1], [8, 8, 8]], "output": [[8, 6, 1, 1, 6, 8], [8, 1, 1, 1, 1, 8], [8, 8, 8, 8, 8, 8]]}, {"input": [[8, 6, 6], [6, 8, 8], [1, 6, 1]], "output": [[8, 6, 6, 6, 6, 8], [6, 8, 8, 8, 8, 6], [1, 6, 1, 1, 6, 1]]}, {"input": [[1, 8, 1], [8, 8, 8], [6, 8, 6]], "output": [[1, 8, 1, 1, 8, 1], [8, 8, 8, 8, 8, 8], [6, 8, 6, 6, 8, 6]]}, {"input": [[6, 6, 1], [1, 6, 8], [8, 1, 6]], "output": [[6, 6, 1, 1, 6, 6], [1, 6, 8, 8, 6, 1], [8, 1, 6, 6, 1, 8]]}, {"input": [[1, 1, 1], [6, 6, 8], [8, 8, 6]], "output": [[1, 1, 1, 1, 1, 1], [6, 6, 8, 8, 6, 6], [8, 8, 6, 6, 8, 8]]}, {"input": [[6, 1, 1], [1, 6, 1], [8, 8, 8]], "output": [[6, 1, 1, 1, 1, 6], [1, 6, 1, 1, 6, 1], [8, 8, 8, 8, 8, 8]]}, {"input": [[1, 6, 6], [8, 6, 6], [1, 6, 8]], "output": [[1, 6, 6, 6, 6, 1], [8, 6, 6, 6, 6, 8], [1, 6, 8, 8, 6, 1]]}, {"input": [[6, 1, 8], [1, 6, 1], [8, 8, 6]], "output": [[6, 1, 8, 8, 1, 6], [1, 6, 1, 1, 6, 1], [8, 8, 6, 6, 8, 8]]}, {"input": [[8, 1, 1], [6, 1, 1], [8, 6, 6]], "output": [[8, 1, 1, 1, 1, 8], [6, 1, 1, 1, 1, 6], [8, 6, 6, 6, 6, 8]]}, {"input": [[1, 8, 8], [8, 1, 1], [6, 6, 8]], "output": [[1, 8, 8, 8, 8, 1], [8, 1, 1, 1, 1, 8], [6, 6, 8, 8, 6, 6]]}, {"input": [[6, 6, 8], [6, 6, 6], [8, 8, 1]], "output": [[6, 6, 8, 8, 6, 6], [6, 6, 6, 6, 6, 6], [8, 8, 1, 1, 8, 8]]}, {"input": [[1, 1, 8], [1, 8, 1], [1, 1, 1]], "output": [[1, 1, 8, 8, 1, 1], [1, 8, 1, 1, 8, 1], [1, 1, 1, 1, 1, 1]]}, {"input": [[8, 8, 6], [8, 1, 8], [6, 8, 1]], "output": [[8, 8, 6, 6, 8, 8], [8, 1, 8, 8, 1, 8], [6, 8, 1, 1, 8, 6]]}, {"input": [[1, 1, 1], [8, 6, 6], [8, 1, 1]], "output": [[1, 1, 1, 1, 1, 1], [8, 6, 6, 6, 6, 8], [8, 1, 1, 1, 1, 8]]}, {"input": [[8, 6, 8], [1, 6, 1], [8, 1, 6]], "output": [[8, 6, 8, 8, 6, 8], [1, 6, 1, 1, 6, 1], [8, 1, 6, 6, 1, 8]]}, {"input": [[6, 1, 8], [1, 1, 8], [8, 8, 6]], "output": [[6, 1, 8, 8, 1, 6], [1, 1, 8, 8, 1, 1], [8, 8, 6, 6, 8, 8]]}, {"input": [[1, 8, 6], [6, 8, 1], [1, 6, 1]], "output": [[1, 8, 6, 6, 8, 1], [6, 8, 1, 1, 8, 6], [1, 6, 1, 1, 6, 1]]}, {"input": [[6, 6, 1], [1, 1, 6], [6, 1, 1]], "output": [[6, 6, 1, 1, 6, 6], [1, 1, 6, 6, 1, 1], [6, 1, 1, 1, 1, 6]]}, {"input": [[8, 8, 8], [6, 6, 1], [6, 8, 6]], "output": [[8, 8, 8, 8, 8, 8], [6, 6, 1, 1, 6, 6], [6, 8, 6, 6, 8, 6]]}, {"input": [[6, 8, 6], [1, 1, 8], [6, 1, 8]], "output": [[6, 8, 6, 6, 8, 6], [1, 1, 8, 8, 1, 1], [6, 1, 8, 8, 1, 6]]}, {"input": [[1, 6, 1], [6, 8, 1], [8, 6, 8]], "output": [[1, 6, 1, 1, 6, 1], [6, 8, 1, 1, 8, 6], [8, 6, 8, 8, 6, 8]]}, {"input": [[8, 6, 6], [1, 1, 1], [6, 8, 8]], "output": [[8, 6, 6, 6, 6, 8], [1, 1, 1, 1, 1, 1], [6, 8, 8, 8, 8, 6]]}, {"input": [[1, 1, 8], [8, 8, 8], [6, 6, 8]], "output": [[1, 1, 8, 8, 1, 1], [8, 8, 8, 8, 8, 8], [6, 6, 8, 8, 6, 6]]}, {"input": [[1, 8, 6], [1, 6, 1], [6, 1, 1]], "output": [[1, 8, 6, 6, 8, 1], [1, 6, 1, 1, 6, 1], [6, 1, 1, 1, 1, 6]]}, {"input": [[1, 8, 8], [8, 8, 1], [1, 1, 8]], "output": [[1, 8, 8, 8, 8, 1], [8, 8, 1, 1, 8, 8], [1, 1, 8, 8, 1, 1]]}, {"input": [[6, 8, 1], [6, 6, 1], [1, 1, 1]], "output": [[6, 8, 1, 1, 8, 6], [6, 6, 1, 1, 6, 6], [1, 1, 1, 1, 1, 1]]}, {"input": [[6, 6, 1], [6, 1, 8], [6, 6, 8]], "output": [[6, 6, 1, 1, 6, 6], [6, 1, 8, 8, 1, 6], [6, 6, 8, 8, 6, 6]]}, {"input": [[8, 8, 6], [8, 1, 1], [6, 8, 1]], "output": [[8, 8, 6, 6, 8, 8], [8, 1, 1, 1, 1, 8], [6, 8, 1, 1, 8, 6]]}, {"input": [[6, 8, 8], [1, 6, 6], [8, 8, 8]], "output": [[6, 8, 8, 8, 8, 6], [1, 6, 6, 6, 6, 1], [8, 8, 8, 8, 8, 8]]}, {"input": [[1, 8, 6], [1, 8, 8], [8, 6, 1]], "output": [[1, 8, 6, 6, 8, 1], [1, 8, 8, 8, 8, 1], [8, 6, 1, 1, 6, 8]]}, {"input": [[1, 8, 1], [6, 8, 6], [8, 8, 6]], "output": [[1, 8, 1, 1, 8, 1], [6, 8, 6, 6, 8, 6], [8, 8, 6, 6, 8, 8]]}, {"input": [[1, 8, 6], [8, 1, 6], [8, 6, 1]], "output": [[1, 8, 6, 6, 8, 1], [8, 1, 6, 6, 1, 8], [8, 6, 1, 1, 6, 8]]}, {"input": [[6, 8, 8], [8, 1, 6], [1, 8, 1]], "output": [[6, 8, 8, 8, 8, 6], [8, 1, 6, 6, 1, 8], [1, 8, 1, 1, 8, 1]]}, {"input": [[1, 8, 1], [8, 8, 8], [6, 6, 8]], "output": [[1, 8, 1, 1, 8, 1], [8, 8, 8, 8, 8, 8], [6, 6, 8, 8, 6, 6]]}, {"input": [[6, 1, 6], [1, 1, 6], [6, 6, 8]], "output": [[6, 1, 6, 6, 1, 6], [1, 1, 6, 6, 1, 1], [6, 6, 8, 8, 6, 6]]}, {"input": [[6, 8, 6], [6, 8, 1], [6, 6, 1]], "output": [[6, 8, 6, 6, 8, 6], [6, 8, 1, 1, 8, 6], [6, 6, 1, 1, 6, 6]]}, {"input": [[1, 1, 6], [8, 6, 1], [6, 1, 1]], "output": [[1, 1, 6, 6, 1, 1], [8, 6, 1, 1, 6, 8], [6, 1, 1, 1, 1, 6]]}, {"input": [[6, 6, 6], [6, 8, 1], [6, 1, 6]], "output": [[6, 6, 6, 6, 6, 6], [6, 8, 1, 1, 8, 6], [6, 1, 6, 6, 1, 6]]}, {"input": [[1, 6, 6], [6, 8, 1], [1, 6, 6]], "output": [[1, 6, 6, 6, 6, 1], [6, 8, 1, 1, 8, 6], [1, 6, 6, 6, 6, 1]]}, {"input": [[1, 6, 6], [8, 8, 8], [1, 6, 8]], "output": [[1, 6, 6, 6, 6, 1], [8, 8, 8, 8, 8, 8], [1, 6, 8, 8, 6, 1]]}, {"input": [[1, 1, 8], [6, 1, 8], [6, 6, 1]], "output": [[1, 1, 8, 8, 1, 1], [6, 1, 8, 8, 1, 6], [6, 6, 1, 1, 6, 6]]}, {"input": [[6, 8, 6], [6, 1, 8], [1, 8, 6]], "output": [[6, 8, 6, 6, 8, 6], [6, 1, 8, 8, 1, 6], [1, 8, 6, 6, 8, 1]]}, {"input": [[8, 1, 8], [1, 6, 1], [6, 6, 1]], "output": [[8, 1, 8, 8, 1, 8], [1, 6, 1, 1, 6, 1], [6, 6, 1, 1, 6, 6]]}, {"input": [[1, 6, 6], [1, 6, 1], [6, 1, 6]], "output": [[1, 6, 6, 6, 6, 1], [1, 6, 1, 1, 6, 1], [6, 1, 6, 6, 1, 6]]}, {"input": [[6, 6, 8], [1, 8, 1], [8, 8, 8]], "output": [[6, 6, 8, 8, 6, 6], [1, 8, 1, 1, 8, 1], [8, 8, 8, 8, 8, 8]]}, {"input": [[1, 6, 8], [8, 1, 8], [8, 8, 8]], "output": [[1, 6, 8, 8, 6, 1], [8, 1, 8, 8, 1, 8], [8, 8, 8, 8, 8, 8]]}, {"input": [[8, 6, 1], [1, 8, 6], [1, 6, 6]], "output": [[8, 6, 1, 1, 6, 8], [1, 8, 6, 6, 8, 1], [1, 6, 6, 6, 6, 1]]}, {"input": [[1, 1, 6], [6, 8, 1], [6, 1, 6]], "output": [[1, 1, 6, 6, 1, 1], [6, 8, 1, 1, 8, 6], [6, 1, 6, 6, 1, 6]]}, {"input": [[6, 6, 1], [1, 6, 8], [6, 8, 8]], "output": [[6, 6, 1, 1, 6, 6], [1, 6, 8, 8, 6, 1], [6, 8, 8, 8, 8, 6]]}, {"input": [[8, 8, 6], [1, 6, 1], [8, 8, 6]], "output": [[8, 8, 6, 6, 8, 8], [1, 6, 1, 1, 6, 1], [8, 8, 6, 6, 8, 8]]}, {"input": [[1, 1, 1], [6, 1, 8], [6, 8, 1]], "output": [[1, 1, 1, 1, 1, 1], [6, 1, 8, 8, 1, 6], [6, 8, 1, 1, 8, 6]]}, {"input": [[6, 8, 8], [1, 6, 1], [8, 1, 8]], "output": [[6, 8, 8, 8, 8, 6], [1, 6, 1, 1, 6, 1], [8, 1, 8, 8, 1, 8]]}, {"input": [[1, 1, 8], [8, 6, 6], [8, 8, 1]], "output": [[1, 1, 8, 8, 1, 1], [8, 6, 6, 6, 6, 8], [8, 8, 1, 1, 8, 8]]}, {"input": [[1, 8, 8], [8, 6, 1], [8, 8, 8]], "output": [[1, 8, 8, 8, 8, 1], [8, 6, 1, 1, 6, 8], [8, 8, 8, 8, 8, 8]]}, {"input": [[1, 1, 6], [8, 1, 8], [6, 1, 1]], "output": [[1, 1, 6, 6, 1, 1], [8, 1, 8, 8, 1, 8], [6, 1, 1, 1, 1, 6]]}, {"input": [[1, 6, 6], [8, 8, 6], [1, 8, 1]], "output": [[1, 6, 6, 6, 6, 1], [8, 8, 6, 6, 8, 8], [1, 8, 1, 1, 8, 1]]}, {"input": [[1, 6, 1], [8, 6, 8], [8, 6, 8]], "output": [[1, 6, 1, 1, 6, 1], [8, 6, 8, 8, 6, 8], [8, 6, 8, 8, 6, 8]]}, {"input": [[8, 6, 8], [6, 1, 1], [6, 6, 8]], "output": [[8, 6, 8, 8, 6, 8], [6, 1, 1, 1, 1, 6], [6, 6, 8, 8, 6, 6]]}, {"input": [[6, 1, 1], [8, 8, 6], [8, 1, 6]], "output": [[6, 1, 1, 1, 1, 6], [8, 8, 6, 6, 8, 8], [8, 1, 6, 6, 1, 8]]}, {"input": [[1, 6, 6], [8, 8, 1], [1, 6, 1]], "output": [[1, 6, 6, 6, 6, 1], [8, 8, 1, 1, 8, 8], [1, 6, 1, 1, 6, 1]]}, {"input": [[6, 6, 8], [8, 6, 6], [1, 8, 8]], "output": [[6, 6, 8, 8, 6, 6], [8, 6, 6, 6, 6, 8], [1, 8, 8, 8, 8, 1]]}, {"input": [[8, 1, 1], [8, 1, 6], [6, 6, 6]], "output": [[8, 1, 1, 1, 1, 8], [8, 1, 6, 6, 1, 8], [6, 6, 6, 6, 6, 6]]}, {"input": [[1, 1, 8], [6, 1, 1], [8, 1, 8]], "output": [[1, 1, 8, 8, 1, 1], [6, 1, 1, 1, 1, 6], [8, 1, 8, 8, 1, 8]]}, {"input": [[8, 6, 6], [8, 6, 1], [1, 8, 6]], "output": [[8, 6, 6, 6, 6, 8], [8, 6, 1, 1, 6, 8], [1, 8, 6, 6, 8, 1]]}, {"input": [[8, 8, 6], [6, 6, 8], [1, 1, 1]], "output": [[8, 8, 6, 6, 8, 8], [6, 6, 8, 8, 6, 6], [1, 1, 1, 1, 1, 1]]}, {"input": [[8, 1, 8], [1, 6, 1], [6, 1, 8]], "output": [[8, 1, 8, 8, 1, 8], [1, 6, 1, 1, 6, 1], [6, 1, 8, 8, 1, 6]]}, {"input": [[8, 8, 6], [8, 6, 6], [6, 8, 1]], "output": [[8, 8, 6, 6, 8, 8], [8, 6, 6, 6, 6, 8], [6, 8, 1, 1, 8, 6]]}, {"input": [[6, 8, 8], [1, 6, 8], [6, 6, 1]], "output": [[6, 8, 8, 8, 8, 6], [1, 6, 8, 8, 6, 1], [6, 6, 1, 1, 6, 6]]}, {"input": [[8, 8, 8], [1, 1, 1], [8, 1, 1]], "output": [[8, 8, 8, 8, 8, 8], [1, 1, 1, 1, 1, 1], [8, 1, 1, 1, 1, 8]]}, {"input": [[8, 1, 1], [8, 6, 8], [8, 8, 6]], "output": [[8, 1, 1, 1, 1, 8], [8, 6, 8, 8, 6, 8], [8, 8, 6, 6, 8, 8]]}, {"input": [[6, 6, 1], [8, 8, 8], [8, 6, 6]], "output": [[6, 6, 1, 1, 6, 6], [8, 8, 8, 8, 8, 8], [8, 6, 6, 6, 6, 8]]}, {"input": [[6, 8, 8], [8, 8, 1], [6, 8, 6]], "output": [[6, 8, 8, 8, 8, 6], [8, 8, 1, 1, 8, 8], [6, 8, 6, 6, 8, 6]]}, {"input": [[1, 6, 6], [6, 1, 8], [8, 6, 1]], "output": [[1, 6, 6, 6, 6, 1], [6, 1, 8, 8, 1, 6], [8, 6, 1, 1, 6, 8]]}, {"input": [[1, 6, 6], [6, 6, 1], [6, 1, 6]], "output": [[1, 6, 6, 6, 6, 1], [6, 6, 1, 1, 6, 6], [6, 1, 6, 6, 1, 6]]}, {"input": [[6, 8, 1], [8, 8, 6], [8, 1, 1]], "output": [[6, 8, 1, 1, 8, 6], [8, 8, 6, 6, 8, 8], [8, 1, 1, 1, 1, 8]]}, {"input": [[8, 1, 6], [8, 1, 1], [8, 1, 6]], "output": [[8, 1, 6, 6, 1, 8], [8, 1, 1, 1, 1, 8], [8, 1, 6, 6, 1, 8]]}, {"input": [[6, 8, 6], [6, 8, 1], [6, 6, 6]], "output": [[6, 8, 6, 6, 8, 6], [6, 8, 1, 1, 8, 6], [6, 6, 6, 6, 6, 6]]}, {"input": [[8, 6, 6], [8, 1, 8], [1, 8, 8]], "output": [[8, 6, 6, 6, 6, 8], [8, 1, 8, 8, 1, 8], [1, 8, 8, 8, 8, 1]]}, {"input": [[6, 1, 6], [1, 8, 6], [8, 6, 6]], "output": [[6, 1, 6, 6, 1, 6], [1, 8, 6, 6, 8, 1], [8, 6, 6, 6, 6, 8]]}, {"input": [[1, 1, 8], [1, 1, 8], [6, 8, 6]], "output": [[1, 1, 8, 8, 1, 1], [1, 1, 8, 8, 1, 1], [6, 8, 6, 6, 8, 6]]}, {"input": [[8, 6, 6], [1, 8, 1], [6, 8, 6]], "output": [[8, 6, 6, 6, 6, 8], [1, 8, 1, 1, 8, 1], [6, 8, 6, 6, 8, 6]]}, {"input": [[1, 1, 8], [6, 8, 1], [6, 1, 1]], "output": [[1, 1, 8, 8, 1, 1], [6, 8, 1, 1, 8, 6], [6, 1, 1, 1, 1, 6]]}, {"input": [[8, 6, 1], [6, 8, 8], [1, 1, 8]], "output": [[8, 6, 1, 1, 6, 8], [6, 8, 8, 8, 8, 6], [1, 1, 8, 8, 1, 1]]}, {"input": [[8, 6, 6], [8, 8, 6], [8, 1, 8]], "output": [[8, 6, 6, 6, 6, 8], [8, 8, 6, 6, 8, 8], [8, 1, 8, 8, 1, 8]]}, {"input": [[8, 6, 6], [8, 6, 8], [6, 1, 8]], "output": [[8, 6, 6, 6, 6, 8], [8, 6, 8, 8, 6, 8], [6, 1, 8, 8, 1, 6]]}, {"input": [[6, 8, 1], [8, 6, 1], [1, 6, 1]], "output": [[6, 8, 1, 1, 8, 6], [8, 6, 1, 1, 6, 8], [1, 6, 1, 1, 6, 1]]}, {"input": [[6, 8, 6], [6, 6, 1], [8, 6, 6]], "output": [[6, 8, 6, 6, 8, 6], [6, 6, 1, 1, 6, 6], [8, 6, 6, 6, 6, 8]]}, {"input": [[8, 8, 1], [8, 6, 8], [8, 6, 8]], "output": [[8, 8, 1, 1, 8, 8], [8, 6, 8, 8, 6, 8], [8, 6, 8, 8, 6, 8]]}, {"input": [[8, 8, 6], [6, 6, 1], [6, 6, 8]], "output": [[8, 8, 6, 6, 8, 8], [6, 6, 1, 1, 6, 6], [6, 6, 8, 8, 6, 6]]}, {"input": [[8, 6, 6], [8, 6, 8], [1, 1, 8]], "output": [[8, 6, 6, 6, 6, 8], [8, 6, 8, 8, 6, 8], [1, 1, 8, 8, 1, 1]]}, {"input": [[6, 8, 8], [8, 8, 1], [1, 8, 1]], "output": [[6, 8, 8, 8, 8, 6], [8, 8, 1, 1, 8, 8], [1, 8, 1, 1, 8, 1]]}, {"input": [[6, 8, 6], [8, 8, 8], [8, 8, 1]], "output": [[6, 8, 6, 6, 8, 6], [8, 8, 8, 8, 8, 8], [8, 8, 1, 1, 8, 8]]}, {"input": [[1, 8, 1], [8, 8, 1], [8, 6, 6]], "output": [[1, 8, 1, 1, 8, 1], [8, 8, 1, 1, 8, 8], [8, 6, 6, 6, 6, 8]]}, {"input": [[8, 1, 6], [8, 1, 8], [1, 8, 6]], "output": [[8, 1, 6, 6, 1, 8], [8, 1, 8, 8, 1, 8], [1, 8, 6, 6, 8, 1]]}, {"input": [[1, 8, 1], [6, 1, 8], [6, 8, 6]], "output": [[1, 8, 1, 1, 8, 1], [6, 1, 8, 8, 1, 6], [6, 8, 6, 6, 8, 6]]}, {"input": [[6, 8, 8], [1, 1, 1], [1, 8, 6]], "output": [[6, 8, 8, 8, 8, 6], [1, 1, 1, 1, 1, 1], [1, 8, 6, 6, 8, 1]]}, {"input": [[6, 6, 1], [6, 8, 1], [6, 1, 8]], "output": [[6, 6, 1, 1, 6, 6], [6, 8, 1, 1, 8, 6], [6, 1, 8, 8, 1, 6]]}, {"input": [[1, 8, 6], [8, 6, 8], [6, 1, 1]], "output": [[1, 8, 6, 6, 8, 1], [8, 6, 8, 8, 6, 8], [6, 1, 1, 1, 1, 6]]}, {"input": [[8, 1, 6], [1, 6, 6], [1, 6, 6]], "output": [[8, 1, 6, 6, 1, 8], [1, 6, 6, 6, 6, 1], [1, 6, 6, 6, 6, 1]]}, {"input": [[8, 1, 6], [8, 6, 6], [6, 1, 1]], "output": [[8, 1, 6, 6, 1, 8], [8, 6, 6, 6, 6, 8], [6, 1, 1, 1, 1, 6]]}, {"input": [[1, 1, 1], [6, 6, 1], [6, 8, 1]], "output": [[1, 1, 1, 1, 1, 1], [6, 6, 1, 1, 6, 6], [6, 8, 1, 1, 8, 6]]}, {"input": [[6, 1, 6], [8, 6, 8], [1, 1, 1]], "output": [[6, 1, 6, 6, 1, 6], [8, 6, 8, 8, 6, 8], [1, 1, 1, 1, 1, 1]]}, {"input": [[1, 8, 1], [1, 6, 8], [8, 6, 8]], "output": [[1, 8, 1, 1, 8, 1], [1, 6, 8, 8, 6, 1], [8, 6, 8, 8, 6, 8]]}, {"input": [[8, 8, 1], [6, 6, 1], [1, 1, 6]], "output": [[8, 8, 1, 1, 8, 8], [6, 6, 1, 1, 6, 6], [1, 1, 6, 6, 1, 1]]}, {"input": [[8, 1, 6], [6, 6, 1], [6, 6, 6]], "output": [[8, 1, 6, 6, 1, 8], [6, 6, 1, 1, 6, 6], [6, 6, 6, 6, 6, 6]]}, {"input": [[6, 6, 8], [6, 8, 6], [8, 1, 8]], "output": [[6, 6, 8, 8, 6, 6], [6, 8, 6, 6, 8, 6], [8, 1, 8, 8, 1, 8]]}, {"input": [[1, 8, 8], [1, 6, 6], [6, 8, 6]], "output": [[1, 8, 8, 8, 8, 1], [1, 6, 6, 6, 6, 1], [6, 8, 6, 6, 8, 6]]}, {"input": [[1, 8, 6], [8, 1, 1], [6, 1, 6]], "output": [[1, 8, 6, 6, 8, 1], [8, 1, 1, 1, 1, 8], [6, 1, 6, 6, 1, 6]]}, {"input": [[6, 8, 8], [6, 6, 6], [1, 6, 6]], "output": [[6, 8, 8, 8, 8, 6], [6, 6, 6, 6, 6, 6], [1, 6, 6, 6, 6, 1]]}, {"input": [[8, 6, 1], [8, 1, 8], [1, 6, 1]], "output": [[8, 6, 1, 1, 6, 8], [8, 1, 8, 8, 1, 8], [1, 6, 1, 1, 6, 1]]}, {"input": [[1, 1, 1], [6, 1, 8], [8, 1, 6]], "output": [[1, 1, 1, 1, 1, 1], [6, 1, 8, 8, 1, 6], [8, 1, 6, 6, 1, 8]]}, {"input": [[6, 8, 1], [1, 6, 1], [1, 6, 8]], "output": [[6, 8, 1, 1, 8, 6], [1, 6, 1, 1, 6, 1], [1, 6, 8, 8, 6, 1]]}, {"input": [[1, 8, 8], [6, 1, 6], [8, 6, 8]], "output": [[1, 8, 8, 8, 8, 1], [6, 1, 6, 6, 1, 6], [8, 6, 8, 8, 6, 8]]}, {"input": [[1, 6, 8], [1, 1, 6], [8, 1, 6]], "output": [[1, 6, 8, 8, 6, 1], [1, 1, 6, 6, 1, 1], [8, 1, 6, 6, 1, 8]]}, {"input": [[6, 8, 8], [6, 8, 1], [1, 8, 8]], "output": [[6, 8, 8, 8, 8, 6], [6, 8, 1, 1, 8, 6], [1, 8, 8, 8, 8, 1]]}, {"input": [[1, 6, 8], [1, 8, 6], [6, 6, 8]], "output": [[1, 6, 8, 8, 6, 1], [1, 8, 6, 6, 8, 1], [6, 6, 8, 8, 6, 6]]}, {"input": [[8, 6, 1], [1, 8, 8], [8, 8, 8]], "output": [[8, 6, 1, 1, 6, 8], [1, 8, 8, 8, 8, 1], [8, 8, 8, 8, 8, 8]]}, {"input": [[1, 8, 6], [1, 6, 1], [1, 6, 6]], "output": [[1, 8, 6, 6, 8, 1], [1, 6, 1, 1, 6, 1], [1, 6, 6, 6, 6, 1]]}, {"input": [[6, 1, 1], [6, 6, 8], [8, 6, 6]], "output": [[6, 1, 1, 1, 1, 6], [6, 6, 8, 8, 6, 6], [8, 6, 6, 6, 6, 8]]}, {"input": [[8, 1, 6], [8, 6, 1], [8, 1, 1]], "output": [[8, 1, 6, 6, 1, 8], [8, 6, 1, 1, 6, 8], [8, 1, 1, 1, 1, 8]]}, {"input": [[6, 1, 6], [8, 1, 1], [8, 6, 1]], "output": [[6, 1, 6, 6, 1, 6], [8, 1, 1, 1, 1, 8], [8, 6, 1, 1, 6, 8]]}, {"input": [[8, 1, 1], [6, 1, 6], [1, 6, 6]], "output": [[8, 1, 1, 1, 1, 8], [6, 1, 6, 6, 1, 6], [1, 6, 6, 6, 6, 1]]}, {"input": [[1, 8, 6], [8, 8, 1], [1, 6, 1]], "output": [[1, 8, 6, 6, 8, 1], [8, 8, 1, 1, 8, 8], [1, 6, 1, 1, 6, 1]]}, {"input": [[8, 1, 1], [6, 6, 1], [6, 6, 6]], "output": [[8, 1, 1, 1, 1, 8], [6, 6, 1, 1, 6, 6], [6, 6, 6, 6, 6, 6]]}, {"input": [[8, 1, 1], [1, 1, 1], [1, 1, 6]], "output": [[8, 1, 1, 1, 1, 8], [1, 1, 1, 1, 1, 1], [1, 1, 6, 6, 1, 1]]}, {"input": [[8, 8, 1], [1, 1, 6], [1, 1, 8]], "output": [[8, 8, 1, 1, 8, 8], [1, 1, 6, 6, 1, 1], [1, 1, 8, 8, 1, 1]]}, {"input": [[6, 1, 6], [8, 8, 6], [1, 1, 1]], "output": [[6, 1, 6, 6, 1, 6], [8, 8, 6, 6, 8, 8], [1, 1, 1, 1, 1, 1]]}, {"input": [[1, 6, 8], [1, 1, 6], [1, 1, 8]], "output": [[1, 6, 8, 8, 6, 1], [1, 1, 6, 6, 1, 1], [1, 1, 8, 8, 1, 1]]}, {"input": [[1, 1, 8], [1, 1, 1], [1, 8, 8]], "output": [[1, 1, 8, 8, 1, 1], [1, 1, 1, 1, 1, 1], [1, 8, 8, 8, 8, 1]]}, {"input": [[8, 8, 6], [8, 6, 1], [8, 1, 8]], "output": [[8, 8, 6, 6, 8, 8], [8, 6, 1, 1, 6, 8], [8, 1, 8, 8, 1, 8]]}, {"input": [[1, 1, 6], [1, 6, 1], [1, 6, 6]], "output": [[1, 1, 6, 6, 1, 1], [1, 6, 1, 1, 6, 1], [1, 6, 6, 6, 6, 1]]}, {"input": [[8, 1, 8], [6, 1, 6], [1, 8, 6]], "output": [[8, 1, 8, 8, 1, 8], [6, 1, 6, 6, 1, 6], [1, 8, 6, 6, 8, 1]]}, {"input": [[6, 8, 6], [8, 1, 6], [1, 8, 8]], "output": [[6, 8, 6, 6, 8, 6], [8, 1, 6, 6, 1, 8], [1, 8, 8, 8, 8, 1]]}, {"input": [[8, 6, 6], [8, 1, 8], [6, 1, 1]], "output": [[8, 6, 6, 6, 6, 8], [8, 1, 8, 8, 1, 8], [6, 1, 1, 1, 1, 6]]}, {"input": [[1, 1, 1], [1, 6, 1], [1, 8, 1]], "output": [[1, 1, 1, 1, 1, 1], [1, 6, 1, 1, 6, 1], [1, 8, 1, 1, 8, 1]]}, {"input": [[1, 8, 6], [6, 1, 1], [1, 6, 1]], "output": [[1, 8, 6, 6, 8, 1], [6, 1, 1, 1, 1, 6], [1, 6, 1, 1, 6, 1]]}, {"input": [[8, 1, 6], [6, 6, 6], [1, 8, 8]], "output": [[8, 1, 6, 6, 1, 8], [6, 6, 6, 6, 6, 6], [1, 8, 8, 8, 8, 1]]}, {"input": [[8, 1, 8], [6, 1, 8], [8, 6, 6]], "output": [[8, 1, 8, 8, 1, 8], [6, 1, 8, 8, 1, 6], [8, 6, 6, 6, 6, 8]]}, {"input": [[8, 1, 1], [6, 6, 8], [1, 8, 6]], "output": [[8, 1, 1, 1, 1, 8], [6, 6, 8, 8, 6, 6], [1, 8, 6, 6, 8, 1]]}, {"input": [[6, 8, 6], [1, 8, 8], [6, 8, 8]], "output": [[6, 8, 6, 6, 8, 6], [1, 8, 8, 8, 8, 1], [6, 8, 8, 8, 8, 6]]}, {"input": [[6, 8, 6], [1, 6, 1], [1, 1, 6]], "output": [[6, 8, 6, 6, 8, 6], [1, 6, 1, 1, 6, 1], [1, 1, 6, 6, 1, 1]]}, {"input": [[1, 8, 8], [1, 6, 6], [6, 1, 6]], "output": [[1, 8, 8, 8, 8, 1], [1, 6, 6, 6, 6, 1], [6, 1, 6, 6, 1, 6]]}, {"input": [[8, 6, 1], [6, 1, 8], [1, 8, 6]], "output": [[8, 6, 1, 1, 6, 8], [6, 1, 8, 8, 1, 6], [1, 8, 6, 6, 8, 1]]}, {"input": [[1, 6, 1], [1, 8, 1], [8, 6, 6]], "output": [[1, 6, 1, 1, 6, 1], [1, 8, 1, 1, 8, 1], [8, 6, 6, 6, 6, 8]]}, {"input": [[1, 6, 8], [8, 8, 6], [6, 1, 8]], "output": [[1, 6, 8, 8, 6, 1], [8, 8, 6, 6, 8, 8], [6, 1, 8, 8, 1, 6]]}, {"input": [[8, 1, 1], [1, 6, 1], [8, 1, 1]], "output": [[8, 1, 1, 1, 1, 8], [1, 6, 1, 1, 6, 1], [8, 1, 1, 1, 1, 8]]}, {"input": [[8, 6, 1], [8, 6, 1], [6, 6, 1]], "output": [[8, 6, 1, 1, 6, 8], [8, 6, 1, 1, 6, 8], [6, 6, 1, 1, 6, 6]]}, {"input": [[8, 8, 6], [8, 1, 6], [6, 6, 1]], "output": [[8, 8, 6, 6, 8, 8], [8, 1, 6, 6, 1, 8], [6, 6, 1, 1, 6, 6]]}, {"input": [[1, 6, 1], [1, 8, 6], [1, 1, 1]], "output": [[1, 6, 1, 1, 6, 1], [1, 8, 6, 6, 8, 1], [1, 1, 1, 1, 1, 1]]}, {"input": [[8, 8, 6], [1, 6, 1], [6, 8, 8]], "output": [[8, 8, 6, 6, 8, 8], [1, 6, 1, 1, 6, 1], [6, 8, 8, 8, 8, 6]]}, {"input": [[8, 8, 1], [1, 8, 6], [1, 1, 8]], "output": [[8, 8, 1, 1, 8, 8], [1, 8, 6, 6, 8, 1], [1, 1, 8, 8, 1, 1]]}, {"input": [[1, 6, 1], [6, 6, 1], [1, 6, 1]], "output": [[1, 6, 1, 1, 6, 1], [6, 6, 1, 1, 6, 6], [1, 6, 1, 1, 6, 1]]}, {"input": [[1, 8, 1], [6, 6, 6], [6, 1, 6]], "output": [[1, 8, 1, 1, 8, 1], [6, 6, 6, 6, 6, 6], [6, 1, 6, 6, 1, 6]]}, {"input": [[8, 6, 6], [6, 8, 1], [6, 8, 8]], "output": [[8, 6, 6, 6, 6, 8], [6, 8, 1, 1, 8, 6], [6, 8, 8, 8, 8, 6]]}, {"input": [[6, 6, 6], [1, 6, 6], [8, 8, 1]], "output": [[6, 6, 6, 6, 6, 6], [1, 6, 6, 6, 6, 1], [8, 8, 1, 1, 8, 8]]}, {"input": [[6, 8, 8], [1, 1, 8], [6, 1, 6]], "output": [[6, 8, 8, 8, 8, 6], [1, 1, 8, 8, 1, 1], [6, 1, 6, 6, 1, 6]]}, {"input": [[1, 6, 8], [1, 6, 1], [8, 1, 6]], "output": [[1, 6, 8, 8, 6, 1], [1, 6, 1, 1, 6, 1], [8, 1, 6, 6, 1, 8]]}, {"input": [[1, 1, 8], [8, 8, 1], [1, 6, 6]], "output": [[1, 1, 8, 8, 1, 1], [8, 8, 1, 1, 8, 8], [1, 6, 6, 6, 6, 1]]}, {"input": [[8, 1, 6], [8, 6, 8], [6, 6, 6]], "output": [[8, 1, 6, 6, 1, 8], [8, 6, 8, 8, 6, 8], [6, 6, 6, 6, 6, 6]]}, {"input": [[8, 8, 1], [1, 1, 6], [1, 6, 6]], "output": [[8, 8, 1, 1, 8, 8], [1, 1, 6, 6, 1, 1], [1, 6, 6, 6, 6, 1]]}, {"input": [[8, 1, 1], [6, 8, 8], [8, 8, 8]], "output": [[8, 1, 1, 1, 1, 8], [6, 8, 8, 8, 8, 6], [8, 8, 8, 8, 8, 8]]}, {"input": [[6, 6, 8], [1, 1, 6], [1, 1, 1]], "output": [[6, 6, 8, 8, 6, 6], [1, 1, 6, 6, 1, 1], [1, 1, 1, 1, 1, 1]]}, {"input": [[8, 1, 8], [1, 8, 8], [8, 6, 8]], "output": [[8, 1, 8, 8, 1, 8], [1, 8, 8, 8, 8, 1], [8, 6, 8, 8, 6, 8]]}, {"input": [[1, 1, 6], [1, 6, 8], [8, 1, 8]], "output": [[1, 1, 6, 6, 1, 1], [1, 6, 8, 8, 6, 1], [8, 1, 8, 8, 1, 8]]}, {"input": [[8, 1, 1], [8, 8, 1], [1, 6, 6]], "output": [[8, 1, 1, 1, 1, 8], [8, 8, 1, 1, 8, 8], [1, 6, 6, 6, 6, 1]]}, {"input": [[6, 1, 1], [1, 6, 8], [6, 6, 8]], "output": [[6, 1, 1, 1, 1, 6], [1, 6, 8, 8, 6, 1], [6, 6, 8, 8, 6, 6]]}, {"input": [[6, 6, 8], [6, 6, 6], [1, 1, 8]], "output": [[6, 6, 8, 8, 6, 6], [6, 6, 6, 6, 6, 6], [1, 1, 8, 8, 1, 1]]}, {"input": [[8, 6, 8], [8, 6, 6], [1, 1, 1]], "output": [[8, 6, 8, 8, 6, 8], [8, 6, 6, 6, 6, 8], [1, 1, 1, 1, 1, 1]]}, {"input": [[8, 8, 6], [6, 6, 1], [6, 8, 6]], "output": [[8, 8, 6, 6, 8, 8], [6, 6, 1, 1, 6, 6], [6, 8, 6, 6, 8, 6]]}, {"input": [[6, 1, 6], [6, 6, 8], [6, 1, 6]], "output": [[6, 1, 6, 6, 1, 6], [6, 6, 8, 8, 6, 6], [6, 1, 6, 6, 1, 6]]}, {"input": [[8, 1, 1], [6, 8, 1], [8, 8, 8]], "output": [[8, 1, 1, 1, 1, 8], [6, 8, 1, 1, 8, 6], [8, 8, 8, 8, 8, 8]]}, {"input": [[1, 6, 1], [8, 1, 1], [1, 1, 6]], "output": [[1, 6, 1, 1, 6, 1], [8, 1, 1, 1, 1, 8], [1, 1, 6, 6, 1, 1]]}, {"input": [[8, 8, 1], [8, 6, 8], [6, 6, 1]], "output": [[8, 8, 1, 1, 8, 8], [8, 6, 8, 8, 6, 8], [6, 6, 1, 1, 6, 6]]}, {"input": [[8, 1, 8], [1, 8, 8], [8, 6, 6]], "output": [[8, 1, 8, 8, 1, 8], [1, 8, 8, 8, 8, 1], [8, 6, 6, 6, 6, 8]]}, {"input": [[6, 1, 1], [6, 6, 6], [1, 8, 8]], "output": [[6, 1, 1, 1, 1, 6], [6, 6, 6, 6, 6, 6], [1, 8, 8, 8, 8, 1]]}, {"input": [[6, 8, 8], [1, 6, 1], [6, 1, 6]], "output": [[6, 8, 8, 8, 8, 6], [1, 6, 1, 1, 6, 1], [6, 1, 6, 6, 1, 6]]}, {"input": [[6, 6, 6], [6, 8, 6], [6, 1, 8]], "output": [[6, 6, 6, 6, 6, 6], [6, 8, 6, 6, 8, 6], [6, 1, 8, 8, 1, 6]]}, {"input": [[1, 1, 6], [6, 8, 1], [8, 6, 1]], "output": [[1, 1, 6, 6, 1, 1], [6, 8, 1, 1, 8, 6], [8, 6, 1, 1, 6, 8]]}, {"input": [[1, 6, 1], [6, 8, 6], [1, 6, 8]], "output": [[1, 6, 1, 1, 6, 1], [6, 8, 6, 6, 8, 6], [1, 6, 8, 8, 6, 1]]}, {"input": [[6, 6, 8], [6, 8, 1], [6, 1, 1]], "output": [[6, 6, 8, 8, 6, 6], [6, 8, 1, 1, 8, 6], [6, 1, 1, 1, 1, 6]]}, {"input": [[1, 8, 1], [1, 8, 1], [1, 6, 6]], "output": [[1, 8, 1, 1, 8, 1], [1, 8, 1, 1, 8, 1], [1, 6, 6, 6, 6, 1]]}, {"input": [[8, 8, 1], [1, 6, 6], [8, 1, 8]], "output": [[8, 8, 1, 1, 8, 8], [1, 6, 6, 6, 6, 1], [8, 1, 8, 8, 1, 8]]}, {"input": [[1, 8, 8], [6, 1, 1], [1, 6, 1]], "output": [[1, 8, 8, 8, 8, 1], [6, 1, 1, 1, 1, 6], [1, 6, 1, 1, 6, 1]]}, {"input": [[1, 1, 8], [8, 8, 8], [8, 1, 8]], "output": [[1, 1, 8, 8, 1, 1], [8, 8, 8, 8, 8, 8], [8, 1, 8, 8, 1, 8]]}, {"input": [[1, 8, 8], [6, 6, 8], [8, 8, 6]], "output": [[1, 8, 8, 8, 8, 1], [6, 6, 8, 8, 6, 6], [8, 8, 6, 6, 8, 8]]}, {"input": [[1, 6, 8], [1, 6, 6], [8, 6, 8]], "output": [[1, 6, 8, 8, 6, 1], [1, 6, 6, 6, 6, 1], [8, 6, 8, 8, 6, 8]]}, {"input": [[6, 8, 1], [1, 8, 8], [6, 1, 6]], "output": [[6, 8, 1, 1, 8, 6], [1, 8, 8, 8, 8, 1], [6, 1, 6, 6, 1, 6]]}, {"input": [[6, 8, 8], [1, 1, 8], [6, 1, 1]], "output": [[6, 8, 8, 8, 8, 6], [1, 1, 8, 8, 1, 1], [6, 1, 1, 1, 1, 6]]}, {"input": [[1, 6, 6], [8, 6, 8], [6, 1, 6]], "output": [[1, 6, 6, 6, 6, 1], [8, 6, 8, 8, 6, 8], [6, 1, 6, 6, 1, 6]]}, {"input": [[1, 6, 6], [1, 1, 1], [1, 6, 6]], "output": [[1, 6, 6, 6, 6, 1], [1, 1, 1, 1, 1, 1], [1, 6, 6, 6, 6, 1]]}, {"input": [[8, 8, 1], [8, 8, 1], [1, 6, 1]], "output": [[8, 8, 1, 1, 8, 8], [8, 8, 1, 1, 8, 8], [1, 6, 1, 1, 6, 1]]}, {"input": [[1, 6, 6], [6, 8, 6], [6, 8, 6]], "output": [[1, 6, 6, 6, 6, 1], [6, 8, 6, 6, 8, 6], [6, 8, 6, 6, 8, 6]]}, {"input": [[1, 6, 1], [8, 8, 1], [8, 1, 8]], "output": [[1, 6, 1, 1, 6, 1], [8, 8, 1, 1, 8, 8], [8, 1, 8, 8, 1, 8]]}, {"input": [[8, 1, 8], [6, 1, 8], [1, 1, 1]], "output": [[8, 1, 8, 8, 1, 8], [6, 1, 8, 8, 1, 6], [1, 1, 1, 1, 1, 1]]}, {"input": [[1, 8, 6], [8, 8, 6], [6, 6, 6]], "output": [[1, 8, 6, 6, 8, 1], [8, 8, 6, 6, 8, 8], [6, 6, 6, 6, 6, 6]]}, {"input": [[8, 8, 8], [6, 6, 8], [1, 1, 6]], "output": [[8, 8, 8, 8, 8, 8], [6, 6, 8, 8, 6, 6], [1, 1, 6, 6, 1, 1]]}, {"input": [[6, 8, 8], [6, 1, 8], [6, 8, 8]], "output": [[6, 8, 8, 8, 8, 6], [6, 1, 8, 8, 1, 6], [6, 8, 8, 8, 8, 6]]}, {"input": [[6, 6, 6], [1, 6, 6], [8, 6, 6]], "output": [[6, 6, 6, 6, 6, 6], [1, 6, 6, 6, 6, 1], [8, 6, 6, 6, 6, 8]]}, {"input": [[6, 1, 6], [1, 1, 6], [6, 1, 6]], "output": [[6, 1, 6, 6, 1, 6], [1, 1, 6, 6, 1, 1], [6, 1, 6, 6, 1, 6]]}, {"input": [[8, 1, 8], [1, 6, 1], [1, 1, 1]], "output": [[8, 1, 8, 8, 1, 8], [1, 6, 1, 1, 6, 1], [1, 1, 1, 1, 1, 1]]}, {"input": [[8, 8, 8], [8, 1, 6], [8, 8, 1]], "output": [[8, 8, 8, 8, 8, 8], [8, 1, 6, 6, 1, 8], [8, 8, 1, 1, 8, 8]]}, {"input": [[8, 6, 6], [6, 1, 6], [8, 1, 6]], "output": [[8, 6, 6, 6, 6, 8], [6, 1, 6, 6, 1, 6], [8, 1, 6, 6, 1, 8]]}, {"input": [[6, 1, 1], [6, 8, 8], [6, 1, 8]], "output": [[6, 1, 1, 1, 1, 6], [6, 8, 8, 8, 8, 6], [6, 1, 8, 8, 1, 6]]}, {"input": [[6, 8, 8], [1, 6, 1], [1, 8, 8]], "output": [[6, 8, 8, 8, 8, 6], [1, 6, 1, 1, 6, 1], [1, 8, 8, 8, 8, 1]]}, {"input": [[1, 1, 1], [1, 1, 6], [1, 6, 6]], "output": [[1, 1, 1, 1, 1, 1], [1, 1, 6, 6, 1, 1], [1, 6, 6, 6, 6, 1]]}, {"input": [[6, 8, 8], [6, 8, 6], [1, 8, 6]], "output": [[6, 8, 8, 8, 8, 6], [6, 8, 6, 6, 8, 6], [1, 8, 6, 6, 8, 1]]}, {"input": [[6, 1, 1], [8, 1, 8], [6, 8, 8]], "output": [[6, 1, 1, 1, 1, 6], [8, 1, 8, 8, 1, 8], [6, 8, 8, 8, 8, 6]]}, {"input": [[6, 8, 8], [8, 1, 8], [8, 6, 1]], "output": [[6, 8, 8, 8, 8, 6], [8, 1, 8, 8, 1, 8], [8, 6, 1, 1, 6, 8]]}, {"input": [[1, 1, 8], [6, 8, 8], [8, 1, 6]], "output": [[1, 1, 8, 8, 1, 1], [6, 8, 8, 8, 8, 6], [8, 1, 6, 6, 1, 8]]}, {"input": [[1, 6, 6], [1, 6, 1], [8, 8, 8]], "output": [[1, 6, 6, 6, 6, 1], [1, 6, 1, 1, 6, 1], [8, 8, 8, 8, 8, 8]]}, {"input": [[6, 6, 6], [6, 1, 8], [1, 1, 1]], "output": [[6, 6, 6, 6, 6, 6], [6, 1, 8, 8, 1, 6], [1, 1, 1, 1, 1, 1]]}, {"input": [[8, 6, 1], [8, 8, 6], [8, 8, 6]], "output": [[8, 6, 1, 1, 6, 8], [8, 8, 6, 6, 8, 8], [8, 8, 6, 6, 8, 8]]}, {"input": [[6, 1, 6], [6, 6, 6], [1, 8, 6]], "output": [[6, 1, 6, 6, 1, 6], [6, 6, 6, 6, 6, 6], [1, 8, 6, 6, 8, 1]]}]