[{"input": [[4, 2, 3], [3, 4, 2], [2, 3, 3]], "output": [[0, 0, 5], [0, 5, 0], [5, 0, 0]]}, {"input": [[3, 3, 3], [3, 3, 3], [3, 3, 3]], "output": [[5, 5, 5], [0, 0, 0], [0, 0, 0]]}, {"input": [[4, 4, 4], [2, 2, 2], [4, 4, 2]], "output": [[5, 0, 0], [0, 5, 0], [0, 0, 5]]}, {"input": [[2, 3, 2], [4, 2, 2], [3, 4, 4]], "output": [[0, 0, 5], [0, 5, 0], [5, 0, 0]]}, {"input": [[3, 4, 4], [4, 4, 3], [4, 3, 4]], "output": [[5, 0, 0], [0, 5, 0], [0, 0, 5]]}, {"input": [[3, 3, 3], [4, 2, 2], [3, 3, 3]], "output": [[0, 0, 5], [0, 5, 0], [5, 0, 0]]}, {"input": [[4, 4, 4], [4, 4, 4], [4, 4, 4]], "output": [[5, 5, 5], [0, 0, 0], [0, 0, 0]]}, {"input": [[4, 2, 4], [4, 4, 2], [4, 2, 2]], "output": [[5, 0, 0], [0, 5, 0], [0, 0, 5]]}, {"input": [[2, 4, 4], [2, 4, 2], [2, 4, 4]], "output": [[5, 0, 0], [0, 5, 0], [0, 0, 5]]}, {"input": [[2, 2, 4], [4, 2, 4], [2, 2, 2]], "output": [[5, 0, 0], [0, 5, 0], [0, 0, 5]]}, {"input": [[2, 2, 3], [3, 2, 3], [2, 2, 2]], "output": [[5, 0, 0], [0, 5, 0], [0, 0, 5]]}, {"input": [[3, 3, 3], [3, 4, 4], [4, 4, 4]], "output": [[5, 0, 0], [0, 5, 0], [0, 0, 5]]}, {"input": [[4, 2, 4], [2, 4, 4], [4, 2, 2]], "output": [[5, 0, 0], [0, 5, 0], [0, 0, 5]]}, {"input": [[2, 4, 2], [2, 4, 2], [2, 2, 2]], "output": [[5, 0, 0], [0, 5, 0], [0, 0, 5]]}, {"input": [[4, 3, 3], [4, 3, 4], [2, 4, 4]], "output": [[0, 0, 5], [0, 5, 0], [5, 0, 0]]}, {"input": [[3, 2, 3], [3, 2, 2], [3, 2, 2]], "output": [[5, 0, 0], [0, 5, 0], [0, 0, 5]]}, {"input": [[4, 3, 4], [3, 3, 3], [3, 3, 3]], "output": [[5, 0, 0], [0, 5, 0], [0, 0, 5]]}, {"input": [[4, 2, 4], [3, 3, 2], [2, 4, 4]], "output": [[0, 0, 5], [0, 5, 0], [5, 0, 0]]}, {"input": [[2, 4, 2], [2, 2, 4], [4, 4, 4]], "output": [[5, 0, 0], [0, 5, 0], [0, 0, 5]]}, {"input": [[3, 3, 4], [2, 3, 2], [2, 3, 2]], "output": [[0, 0, 5], [0, 5, 0], [5, 0, 0]]}, {"input": [[4, 4, 4], [3, 4, 3], [3, 4, 4]], "output": [[5, 0, 0], [0, 5, 0], [0, 0, 5]]}, {"input": [[4, 4, 2], [4, 4, 3], [2, 4, 4]], "output": [[0, 0, 5], [0, 5, 0], [5, 0, 0]]}, {"input": [[2, 3, 2], [3, 2, 4], [2, 3, 3]], "output": [[0, 0, 5], [0, 5, 0], [5, 0, 0]]}, {"input": [[2, 2, 2], [2, 2, 2], [2, 2, 2]], "output": [[5, 5, 5], [0, 0, 0], [0, 0, 0]]}, {"input": [[3, 3, 3], [2, 2, 3], [3, 2, 2]], "output": [[5, 0, 0], [0, 5, 0], [0, 0, 5]]}, {"input": [[4, 3, 4], [2, 4, 4], [2, 3, 2]], "output": [[0, 0, 5], [0, 5, 0], [5, 0, 0]]}, {"input": [[3, 4, 3], [4, 3, 4], [3, 4, 4]], "output": [[5, 0, 0], [0, 5, 0], [0, 0, 5]]}, {"input": [[4, 3, 4], [3, 3, 4], [3, 4, 4]], "output": [[5, 0, 0], [0, 5, 0], [0, 0, 5]]}, {"input": [[2, 4, 4], [2, 2, 2], [3, 3, 2]], "output": [[0, 0, 5], [0, 5, 0], [5, 0, 0]]}, {"input": [[4, 2, 4], [4, 4, 4], [3, 4, 3]], "output": [[0, 0, 5], [0, 5, 0], [5, 0, 0]]}, {"input": [[3, 2, 3], [3, 3, 4], [2, 4, 3]], "output": [[0, 0, 5], [0, 5, 0], [5, 0, 0]]}, {"input": [[2, 4, 3], [2, 2, 4], [3, 4, 3]], "output": [[0, 0, 5], [0, 5, 0], [5, 0, 0]]}, {"input": [[3, 3, 4], [4, 3, 4], [4, 3, 4]], "output": [[5, 0, 0], [0, 5, 0], [0, 0, 5]]}, {"input": [[2, 4, 2], [2, 2, 2], [2, 2, 2]], "output": [[5, 0, 0], [0, 5, 0], [0, 0, 5]]}, {"input": [[3, 3, 3], [3, 3, 3], [3, 3, 2]], "output": [[5, 0, 0], [0, 5, 0], [0, 0, 5]]}, {"input": [[3, 4, 4], [4, 2, 3], [3, 3, 4]], "output": [[0, 0, 5], [0, 5, 0], [5, 0, 0]]}, {"input": [[2, 2, 3], [4, 3, 3], [2, 3, 3]], "output": [[0, 0, 5], [0, 5, 0], [5, 0, 0]]}, {"input": [[3, 2, 3], [2, 2, 3], [2, 2, 2]], "output": [[5, 0, 0], [0, 5, 0], [0, 0, 5]]}, {"input": [[2, 4, 2], [2, 2, 2], [2, 4, 2]], "output": [[5, 0, 0], [0, 5, 0], [0, 0, 5]]}, {"input": [[4, 2, 4], [2, 4, 2], [2, 2, 4]], "output": [[5, 0, 0], [0, 5, 0], [0, 0, 5]]}, {"input": [[2, 2, 3], [4, 4, 2], [2, 3, 3]], "output": [[0, 0, 5], [0, 5, 0], [5, 0, 0]]}, {"input": [[4, 4, 3], [4, 4, 3], [3, 3, 4]], "output": [[5, 0, 0], [0, 5, 0], [0, 0, 5]]}, {"input": [[2, 3, 2], [4, 2, 2], [4, 4, 4]], "output": [[0, 0, 5], [0, 5, 0], [5, 0, 0]]}, {"input": [[3, 4, 3], [2, 4, 4], [3, 3, 4]], "output": [[0, 0, 5], [0, 5, 0], [5, 0, 0]]}, {"input": [[2, 4, 2], [2, 4, 4], [2, 2, 4]], "output": [[5, 0, 0], [0, 5, 0], [0, 0, 5]]}, {"input": [[3, 3, 2], [2, 3, 3], [2, 2, 3]], "output": [[5, 0, 0], [0, 5, 0], [0, 0, 5]]}, {"input": [[4, 3, 2], [3, 4, 3], [4, 3, 2]], "output": [[0, 0, 5], [0, 5, 0], [5, 0, 0]]}, {"input": [[4, 4, 3], [4, 3, 4], [3, 4, 3]], "output": [[5, 0, 0], [0, 5, 0], [0, 0, 5]]}, {"input": [[3, 3, 4], [2, 2, 2], [2, 4, 2]], "output": [[0, 0, 5], [0, 5, 0], [5, 0, 0]]}, {"input": [[2, 2, 4], [4, 4, 4], [2, 4, 2]], "output": [[5, 0, 0], [0, 5, 0], [0, 0, 5]]}, {"input": [[2, 3, 2], [2, 3, 3], [3, 3, 2]], "output": [[5, 0, 0], [0, 5, 0], [0, 0, 5]]}, {"input": [[4, 3, 2], [4, 2, 2], [4, 2, 4]], "output": [[0, 0, 5], [0, 5, 0], [5, 0, 0]]}, {"input": [[2, 2, 2], [2, 4, 4], [4, 4, 4]], "output": [[5, 0, 0], [0, 5, 0], [0, 0, 5]]}, {"input": [[2, 4, 4], [4, 2, 4], [4, 4, 2]], "output": [[5, 0, 0], [0, 5, 0], [0, 0, 5]]}, {"input": [[2, 2, 3], [3, 3, 2], [3, 3, 3]], "output": [[5, 0, 0], [0, 5, 0], [0, 0, 5]]}, {"input": [[3, 4, 3], [3, 4, 4], [3, 3, 3]], "output": [[5, 0, 0], [0, 5, 0], [0, 0, 5]]}, {"input": [[4, 3, 4], [3, 4, 3], [4, 3, 3]], "output": [[5, 0, 0], [0, 5, 0], [0, 0, 5]]}, {"input": [[3, 4, 4], [3, 3, 4], [4, 3, 4]], "output": [[5, 0, 0], [0, 5, 0], [0, 0, 5]]}, {"input": [[2, 4, 4], [2, 2, 2], [4, 3, 3]], "output": [[0, 0, 5], [0, 5, 0], [5, 0, 0]]}, {"input": [[3, 2, 3], [3, 3, 3], [3, 2, 2]], "output": [[5, 0, 0], [0, 5, 0], [0, 0, 5]]}, {"input": [[4, 2, 3], [2, 2, 2], [2, 2, 2]], "output": [[0, 0, 5], [0, 5, 0], [5, 0, 0]]}, {"input": [[3, 2, 2], [3, 2, 2], [3, 2, 3]], "output": [[5, 0, 0], [0, 5, 0], [0, 0, 5]]}, {"input": [[3, 4, 2], [2, 3, 4], [4, 4, 4]], "output": [[0, 0, 5], [0, 5, 0], [5, 0, 0]]}, {"input": [[2, 4, 4], [4, 4, 4], [2, 2, 4]], "output": [[5, 0, 0], [0, 5, 0], [0, 0, 5]]}, {"input": [[3, 4, 4], [2, 4, 4], [4, 2, 2]], "output": [[0, 0, 5], [0, 5, 0], [5, 0, 0]]}, {"input": [[4, 2, 4], [2, 2, 2], [4, 4, 4]], "output": [[5, 0, 0], [0, 5, 0], [0, 0, 5]]}, {"input": [[4, 3, 4], [3, 3, 3], [4, 3, 4]], "output": [[5, 0, 0], [0, 5, 0], [0, 0, 5]]}, {"input": [[4, 4, 4], [4, 3, 2], [2, 3, 4]], "output": [[0, 0, 5], [0, 5, 0], [5, 0, 0]]}, {"input": [[3, 3, 2], [4, 4, 4], [3, 3, 3]], "output": [[0, 0, 5], [0, 5, 0], [5, 0, 0]]}, {"input": [[3, 2, 4], [4, 4, 3], [3, 2, 4]], "output": [[0, 0, 5], [0, 5, 0], [5, 0, 0]]}, {"input": [[2, 4, 2], [3, 4, 3], [2, 2, 3]], "output": [[0, 0, 5], [0, 5, 0], [5, 0, 0]]}, {"input": [[3, 3, 2], [4, 3, 3], [4, 4, 4]], "output": [[0, 0, 5], [0, 5, 0], [5, 0, 0]]}, {"input": [[2, 2, 2], [4, 2, 4], [4, 4, 4]], "output": [[5, 0, 0], [0, 5, 0], [0, 0, 5]]}, {"input": [[4, 3, 4], [4, 4, 4], [3, 3, 2]], "output": [[0, 0, 5], [0, 5, 0], [5, 0, 0]]}, {"input": [[3, 3, 3], [4, 4, 2], [2, 3, 2]], "output": [[0, 0, 5], [0, 5, 0], [5, 0, 0]]}, {"input": [[2, 2, 3], [2, 3, 3], [3, 2, 3]], "output": [[5, 0, 0], [0, 5, 0], [0, 0, 5]]}, {"input": [[2, 2, 2], [2, 4, 2], [2, 2, 2]], "output": [[5, 0, 0], [0, 5, 0], [0, 0, 5]]}, {"input": [[2, 4, 4], [2, 2, 4], [4, 2, 4]], "output": [[5, 0, 0], [0, 5, 0], [0, 0, 5]]}, {"input": [[2, 4, 2], [3, 4, 3], [3, 2, 2]], "output": [[0, 0, 5], [0, 5, 0], [5, 0, 0]]}, {"input": [[3, 4, 3], [3, 3, 3], [3, 4, 4]], "output": [[5, 0, 0], [0, 5, 0], [0, 0, 5]]}, {"input": [[2, 3, 2], [2, 2, 4], [3, 3, 3]], "output": [[0, 0, 5], [0, 5, 0], [5, 0, 0]]}, {"input": [[2, 3, 3], [3, 2, 3], [3, 3, 3]], "output": [[5, 0, 0], [0, 5, 0], [0, 0, 5]]}, {"input": [[2, 3, 4], [2, 4, 2], [2, 2, 3]], "output": [[0, 0, 5], [0, 5, 0], [5, 0, 0]]}, {"input": [[4, 4, 3], [3, 4, 3], [2, 2, 4]], "output": [[0, 0, 5], [0, 5, 0], [5, 0, 0]]}, {"input": [[2, 3, 2], [2, 3, 4], [3, 4, 3]], "output": [[0, 0, 5], [0, 5, 0], [5, 0, 0]]}, {"input": [[2, 4, 3], [2, 2, 2], [4, 4, 2]], "output": [[0, 0, 5], [0, 5, 0], [5, 0, 0]]}, {"input": [[2, 4, 4], [2, 4, 4], [2, 4, 2]], "output": [[5, 0, 0], [0, 5, 0], [0, 0, 5]]}, {"input": [[3, 3, 4], [3, 3, 4], [4, 4, 4]], "output": [[5, 0, 0], [0, 5, 0], [0, 0, 5]]}, {"input": [[3, 3, 2], [3, 4, 2], [2, 3, 2]], "output": [[0, 0, 5], [0, 5, 0], [5, 0, 0]]}, {"input": [[3, 4, 3], [3, 2, 4], [4, 2, 2]], "output": [[0, 0, 5], [0, 5, 0], [5, 0, 0]]}, {"input": [[2, 3, 3], [2, 2, 4], [4, 2, 4]], "output": [[0, 0, 5], [0, 5, 0], [5, 0, 0]]}, {"input": [[4, 4, 4], [4, 4, 2], [4, 2, 4]], "output": [[5, 0, 0], [0, 5, 0], [0, 0, 5]]}, {"input": [[4, 3, 4], [4, 4, 4], [4, 3, 4]], "output": [[5, 0, 0], [0, 5, 0], [0, 0, 5]]}, {"input": [[4, 2, 4], [3, 4, 4], [2, 3, 2]], "output": [[0, 0, 5], [0, 5, 0], [5, 0, 0]]}, {"input": [[4, 4, 4], [2, 2, 2], [2, 2, 4]], "output": [[5, 0, 0], [0, 5, 0], [0, 0, 5]]}, {"input": [[2, 3, 2], [3, 2, 3], [3, 2, 3]], "output": [[5, 0, 0], [0, 5, 0], [0, 0, 5]]}, {"input": [[3, 3, 2], [3, 3, 3], [4, 3, 2]], "output": [[0, 0, 5], [0, 5, 0], [5, 0, 0]]}, {"input": [[3, 3, 2], [2, 2, 4], [2, 4, 3]], "output": [[0, 0, 5], [0, 5, 0], [5, 0, 0]]}, {"input": [[3, 2, 2], [2, 3, 2], [2, 2, 2]], "output": [[5, 0, 0], [0, 5, 0], [0, 0, 5]]}, {"input": [[2, 4, 4], [4, 2, 4], [3, 2, 4]], "output": [[0, 0, 5], [0, 5, 0], [5, 0, 0]]}, {"input": [[3, 2, 3], [3, 3, 4], [3, 4, 2]], "output": [[0, 0, 5], [0, 5, 0], [5, 0, 0]]}, {"input": [[4, 3, 3], [3, 4, 4], [4, 3, 3]], "output": [[5, 0, 0], [0, 5, 0], [0, 0, 5]]}, {"input": [[3, 3, 4], [3, 3, 4], [3, 3, 4]], "output": [[5, 0, 0], [0, 5, 0], [0, 0, 5]]}, {"input": [[4, 3, 2], [3, 3, 4], [4, 4, 4]], "output": [[0, 0, 5], [0, 5, 0], [5, 0, 0]]}, {"input": [[4, 2, 4], [4, 2, 4], [2, 4, 4]], "output": [[5, 0, 0], [0, 5, 0], [0, 0, 5]]}, {"input": [[4, 4, 3], [3, 4, 4], [4, 3, 4]], "output": [[5, 0, 0], [0, 5, 0], [0, 0, 5]]}, {"input": [[4, 4, 4], [4, 4, 3], [2, 2, 2]], "output": [[0, 0, 5], [0, 5, 0], [5, 0, 0]]}, {"input": [[4, 4, 4], [4, 4, 2], [2, 4, 2]], "output": [[5, 0, 0], [0, 5, 0], [0, 0, 5]]}, {"input": [[2, 4, 2], [2, 3, 2], [2, 2, 4]], "output": [[0, 0, 5], [0, 5, 0], [5, 0, 0]]}, {"input": [[2, 2, 3], [2, 2, 2], [2, 2, 2]], "output": [[5, 0, 0], [0, 5, 0], [0, 0, 5]]}, {"input": [[2, 4, 2], [4, 4, 3], [4, 4, 3]], "output": [[0, 0, 5], [0, 5, 0], [5, 0, 0]]}, {"input": [[4, 2, 4], [4, 4, 2], [2, 4, 3]], "output": [[0, 0, 5], [0, 5, 0], [5, 0, 0]]}, {"input": [[2, 2, 2], [2, 4, 3], [2, 3, 3]], "output": [[0, 0, 5], [0, 5, 0], [5, 0, 0]]}, {"input": [[4, 2, 4], [4, 3, 4], [2, 3, 3]], "output": [[0, 0, 5], [0, 5, 0], [5, 0, 0]]}, {"input": [[3, 2, 2], [2, 3, 3], [2, 3, 2]], "output": [[5, 0, 0], [0, 5, 0], [0, 0, 5]]}, {"input": [[4, 2, 4], [2, 4, 4], [3, 2, 2]], "output": [[0, 0, 5], [0, 5, 0], [5, 0, 0]]}, {"input": [[3, 2, 4], [3, 2, 4], [3, 3, 4]], "output": [[0, 0, 5], [0, 5, 0], [5, 0, 0]]}, {"input": [[4, 3, 4], [3, 4, 3], [4, 3, 4]], "output": [[5, 0, 0], [0, 5, 0], [0, 0, 5]]}, {"input": [[2, 4, 3], [3, 3, 2], [4, 2, 3]], "output": [[0, 0, 5], [0, 5, 0], [5, 0, 0]]}, {"input": [[3, 3, 2], [4, 4, 3], [2, 3, 4]], "output": [[0, 0, 5], [0, 5, 0], [5, 0, 0]]}, {"input": [[4, 4, 3], [3, 3, 2], [3, 2, 3]], "output": [[0, 0, 5], [0, 5, 0], [5, 0, 0]]}, {"input": [[4, 3, 2], [3, 4, 3], [4, 4, 3]], "output": [[0, 0, 5], [0, 5, 0], [5, 0, 0]]}, {"input": [[4, 3, 4], [4, 4, 3], [4, 3, 3]], "output": [[5, 0, 0], [0, 5, 0], [0, 0, 5]]}, {"input": [[3, 4, 3], [4, 2, 4], [2, 2, 3]], "output": [[0, 0, 5], [0, 5, 0], [5, 0, 0]]}, {"input": [[4, 2, 3], [2, 2, 4], [2, 3, 2]], "output": [[0, 0, 5], [0, 5, 0], [5, 0, 0]]}, {"input": [[3, 2, 2], [3, 2, 3], [3, 4, 4]], "output": [[0, 0, 5], [0, 5, 0], [5, 0, 0]]}, {"input": [[3, 3, 3], [4, 3, 4], [4, 2, 3]], "output": [[0, 0, 5], [0, 5, 0], [5, 0, 0]]}, {"input": [[3, 4, 3], [2, 2, 3], [4, 3, 2]], "output": [[0, 0, 5], [0, 5, 0], [5, 0, 0]]}, {"input": [[3, 2, 4], [4, 3, 3], [4, 4, 3]], "output": [[0, 0, 5], [0, 5, 0], [5, 0, 0]]}, {"input": [[2, 3, 4], [2, 2, 3], [2, 4, 3]], "output": [[0, 0, 5], [0, 5, 0], [5, 0, 0]]}, {"input": [[3, 4, 4], [3, 3, 4], [4, 3, 3]], "output": [[5, 0, 0], [0, 5, 0], [0, 0, 5]]}, {"input": [[4, 2, 4], [2, 4, 4], [4, 2, 4]], "output": [[5, 0, 0], [0, 5, 0], [0, 0, 5]]}, {"input": [[4, 3, 3], [3, 3, 4], [3, 3, 4]], "output": [[5, 0, 0], [0, 5, 0], [0, 0, 5]]}, {"input": [[4, 2, 4], [2, 2, 4], [2, 4, 4]], "output": [[5, 0, 0], [0, 5, 0], [0, 0, 5]]}, {"input": [[3, 3, 3], [3, 3, 3], [3, 2, 4]], "output": [[0, 0, 5], [0, 5, 0], [5, 0, 0]]}, {"input": [[3, 2, 3], [3, 3, 2], [3, 3, 2]], "output": [[5, 0, 0], [0, 5, 0], [0, 0, 5]]}, {"input": [[3, 2, 2], [4, 2, 3], [3, 2, 2]], "output": [[0, 0, 5], [0, 5, 0], [5, 0, 0]]}, {"input": [[2, 4, 4], [3, 3, 4], [3, 4, 4]], "output": [[0, 0, 5], [0, 5, 0], [5, 0, 0]]}, {"input": [[2, 4, 4], [4, 4, 4], [4, 2, 4]], "output": [[5, 0, 0], [0, 5, 0], [0, 0, 5]]}, {"input": [[4, 4, 3], [3, 3, 3], [4, 4, 3]], "output": [[5, 0, 0], [0, 5, 0], [0, 0, 5]]}, {"input": [[3, 3, 3], [4, 4, 3], [3, 2, 4]], "output": [[0, 0, 5], [0, 5, 0], [5, 0, 0]]}, {"input": [[3, 4, 3], [2, 3, 3], [2, 2, 4]], "output": [[0, 0, 5], [0, 5, 0], [5, 0, 0]]}, {"input": [[3, 3, 3], [2, 3, 2], [3, 2, 2]], "output": [[5, 0, 0], [0, 5, 0], [0, 0, 5]]}, {"input": [[3, 2, 3], [3, 3, 3], [4, 3, 4]], "output": [[0, 0, 5], [0, 5, 0], [5, 0, 0]]}, {"input": [[3, 2, 2], [4, 4, 4], [4, 4, 3]], "output": [[0, 0, 5], [0, 5, 0], [5, 0, 0]]}, {"input": [[4, 4, 3], [2, 4, 4], [2, 4, 4]], "output": [[0, 0, 5], [0, 5, 0], [5, 0, 0]]}, {"input": [[4, 4, 4], [2, 2, 2], [4, 2, 2]], "output": [[5, 0, 0], [0, 5, 0], [0, 0, 5]]}, {"input": [[2, 4, 2], [4, 2, 2], [4, 4, 4]], "output": [[5, 0, 0], [0, 5, 0], [0, 0, 5]]}, {"input": [[4, 4, 4], [3, 3, 4], [4, 3, 3]], "output": [[5, 0, 0], [0, 5, 0], [0, 0, 5]]}, {"input": [[3, 4, 3], [3, 4, 4], [4, 3, 3]], "output": [[5, 0, 0], [0, 5, 0], [0, 0, 5]]}, {"input": [[2, 2, 3], [4, 3, 2], [3, 2, 3]], "output": [[0, 0, 5], [0, 5, 0], [5, 0, 0]]}, {"input": [[4, 2, 4], [2, 2, 2], [4, 2, 4]], "output": [[5, 0, 0], [0, 5, 0], [0, 0, 5]]}, {"input": [[4, 2, 4], [4, 4, 4], [2, 2, 2]], "output": [[5, 0, 0], [0, 5, 0], [0, 0, 5]]}, {"input": [[4, 2, 4], [2, 4, 3], [2, 4, 3]], "output": [[0, 0, 5], [0, 5, 0], [5, 0, 0]]}, {"input": [[4, 2, 2], [2, 4, 4], [2, 2, 4]], "output": [[5, 0, 0], [0, 5, 0], [0, 0, 5]]}, {"input": [[2, 4, 4], [3, 4, 2], [2, 2, 3]], "output": [[0, 0, 5], [0, 5, 0], [5, 0, 0]]}, {"input": [[4, 3, 3], [3, 3, 4], [3, 4, 4]], "output": [[5, 0, 0], [0, 5, 0], [0, 0, 5]]}, {"input": [[3, 4, 4], [4, 4, 3], [3, 4, 3]], "output": [[5, 0, 0], [0, 5, 0], [0, 0, 5]]}, {"input": [[2, 2, 3], [3, 2, 3], [3, 2, 2]], "output": [[5, 0, 0], [0, 5, 0], [0, 0, 5]]}, {"input": [[2, 2, 2], [2, 4, 2], [3, 3, 4]], "output": [[0, 0, 5], [0, 5, 0], [5, 0, 0]]}, {"input": [[3, 3, 4], [4, 4, 4], [3, 3, 3]], "output": [[5, 0, 0], [0, 5, 0], [0, 0, 5]]}, {"input": [[3, 4, 2], [3, 4, 2], [2, 3, 2]], "output": [[0, 0, 5], [0, 5, 0], [5, 0, 0]]}, {"input": [[4, 4, 2], [4, 2, 4], [4, 2, 2]], "output": [[5, 0, 0], [0, 5, 0], [0, 0, 5]]}, {"input": [[2, 4, 4], [4, 4, 4], [4, 2, 2]], "output": [[5, 0, 0], [0, 5, 0], [0, 0, 5]]}, {"input": [[3, 4, 3], [3, 4, 3], [3, 3, 4]], "output": [[5, 0, 0], [0, 5, 0], [0, 0, 5]]}, {"input": [[2, 4, 4], [4, 4, 2], [2, 4, 4]], "output": [[5, 0, 0], [0, 5, 0], [0, 0, 5]]}, {"input": [[4, 3, 3], [3, 3, 3], [3, 3, 3]], "output": [[5, 0, 0], [0, 5, 0], [0, 0, 5]]}, {"input": [[4, 4, 2], [2, 4, 4], [3, 2, 4]], "output": [[0, 0, 5], [0, 5, 0], [5, 0, 0]]}, {"input": [[3, 3, 3], [2, 3, 2], [3, 3, 2]], "output": [[5, 0, 0], [0, 5, 0], [0, 0, 5]]}, {"input": [[2, 2, 3], [4, 3, 2], [2, 3, 3]], "output": [[0, 0, 5], [0, 5, 0], [5, 0, 0]]}, {"input": [[4, 3, 2], [3, 3, 4], [3, 3, 2]], "output": [[0, 0, 5], [0, 5, 0], [5, 0, 0]]}, {"input": [[2, 3, 3], [4, 4, 2], [3, 2, 3]], "output": [[0, 0, 5], [0, 5, 0], [5, 0, 0]]}, {"input": [[4, 4, 4], [2, 4, 4], [2, 3, 2]], "output": [[0, 0, 5], [0, 5, 0], [5, 0, 0]]}, {"input": [[4, 2, 2], [3, 4, 2], [3, 3, 3]], "output": [[0, 0, 5], [0, 5, 0], [5, 0, 0]]}, {"input": [[4, 4, 4], [4, 4, 4], [3, 3, 3]], "output": [[5, 0, 0], [0, 5, 0], [0, 0, 5]]}, {"input": [[4, 4, 2], [2, 2, 2], [4, 2, 2]], "output": [[5, 0, 0], [0, 5, 0], [0, 0, 5]]}, {"input": [[4, 3, 4], [2, 4, 3], [3, 4, 2]], "output": [[0, 0, 5], [0, 5, 0], [5, 0, 0]]}, {"input": [[4, 3, 3], [3, 3, 3], [3, 4, 3]], "output": [[5, 0, 0], [0, 5, 0], [0, 0, 5]]}, {"input": [[2, 2, 3], [2, 2, 3], [2, 2, 3]], "output": [[5, 0, 0], [0, 5, 0], [0, 0, 5]]}, {"input": [[3, 3, 2], [3, 4, 2], [3, 4, 2]], "output": [[0, 0, 5], [0, 5, 0], [5, 0, 0]]}, {"input": [[4, 4, 2], [4, 2, 2], [4, 2, 4]], "output": [[5, 0, 0], [0, 5, 0], [0, 0, 5]]}, {"input": [[3, 3, 3], [3, 3, 4], [3, 4, 4]], "output": [[5, 0, 0], [0, 5, 0], [0, 0, 5]]}, {"input": [[4, 2, 4], [2, 4, 2], [4, 4, 4]], "output": [[5, 0, 0], [0, 5, 0], [0, 0, 5]]}, {"input": [[3, 2, 4], [4, 2, 3], [3, 3, 2]], "output": [[0, 0, 5], [0, 5, 0], [5, 0, 0]]}, {"input": [[3, 4, 4], [4, 3, 4], [3, 3, 3]], "output": [[5, 0, 0], [0, 5, 0], [0, 0, 5]]}, {"input": [[2, 3, 4], [3, 3, 4], [2, 3, 2]], "output": [[0, 0, 5], [0, 5, 0], [5, 0, 0]]}, {"input": [[2, 4, 2], [3, 4, 4], [2, 3, 3]], "output": [[0, 0, 5], [0, 5, 0], [5, 0, 0]]}, {"input": [[3, 2, 2], [3, 4, 3], [3, 3, 2]], "output": [[0, 0, 5], [0, 5, 0], [5, 0, 0]]}, {"input": [[4, 4, 4], [4, 2, 4], [4, 4, 4]], "output": [[5, 0, 0], [0, 5, 0], [0, 0, 5]]}, {"input": [[4, 3, 3], [3, 3, 3], [4, 3, 4]], "output": [[5, 0, 0], [0, 5, 0], [0, 0, 5]]}, {"input": [[2, 2, 2], [2, 3, 3], [3, 2, 2]], "output": [[5, 0, 0], [0, 5, 0], [0, 0, 5]]}, {"input": [[3, 4, 2], [2, 2, 2], [3, 3, 3]], "output": [[0, 0, 5], [0, 5, 0], [5, 0, 0]]}, {"input": [[2, 4, 2], [3, 4, 3], [2, 4, 4]], "output": [[0, 0, 5], [0, 5, 0], [5, 0, 0]]}, {"input": [[4, 4, 4], [2, 4, 4], [3, 2, 3]], "output": [[0, 0, 5], [0, 5, 0], [5, 0, 0]]}, {"input": [[2, 2, 4], [2, 4, 3], [3, 4, 3]], "output": [[0, 0, 5], [0, 5, 0], [5, 0, 0]]}, {"input": [[4, 3, 4], [4, 4, 3], [3, 3, 3]], "output": [[5, 0, 0], [0, 5, 0], [0, 0, 5]]}, {"input": [[2, 3, 2], [2, 3, 2], [2, 4, 2]], "output": [[0, 0, 5], [0, 5, 0], [5, 0, 0]]}, {"input": [[4, 2, 2], [4, 2, 4], [2, 4, 4]], "output": [[5, 0, 0], [0, 5, 0], [0, 0, 5]]}, {"input": [[3, 2, 3], [2, 2, 3], [3, 2, 3]], "output": [[5, 0, 0], [0, 5, 0], [0, 0, 5]]}, {"input": [[4, 2, 2], [3, 3, 2], [2, 4, 2]], "output": [[0, 0, 5], [0, 5, 0], [5, 0, 0]]}, {"input": [[2, 2, 3], [3, 4, 2], [2, 3, 3]], "output": [[0, 0, 5], [0, 5, 0], [5, 0, 0]]}, {"input": [[4, 4, 3], [3, 4, 4], [4, 4, 4]], "output": [[5, 0, 0], [0, 5, 0], [0, 0, 5]]}, {"input": [[2, 2, 2], [3, 4, 2], [4, 4, 4]], "output": [[0, 0, 5], [0, 5, 0], [5, 0, 0]]}, {"input": [[4, 2, 4], [3, 2, 2], [2, 4, 2]], "output": [[0, 0, 5], [0, 5, 0], [5, 0, 0]]}, {"input": [[2, 3, 3], [4, 4, 3], [3, 3, 2]], "output": [[0, 0, 5], [0, 5, 0], [5, 0, 0]]}, {"input": [[3, 3, 3], [3, 4, 3], [4, 2, 3]], "output": [[0, 0, 5], [0, 5, 0], [5, 0, 0]]}, {"input": [[2, 4, 2], [4, 4, 2], [4, 3, 3]], "output": [[0, 0, 5], [0, 5, 0], [5, 0, 0]]}, {"input": [[3, 4, 2], [4, 3, 2], [4, 3, 2]], "output": [[0, 0, 5], [0, 5, 0], [5, 0, 0]]}, {"input": [[3, 4, 4], [3, 3, 4], [3, 3, 3]], "output": [[5, 0, 0], [0, 5, 0], [0, 0, 5]]}, {"input": [[4, 3, 4], [3, 3, 3], [3, 2, 3]], "output": [[0, 0, 5], [0, 5, 0], [5, 0, 0]]}, {"input": [[4, 3, 4], [4, 4, 4], [4, 4, 3]], "output": [[5, 0, 0], [0, 5, 0], [0, 0, 5]]}, {"input": [[4, 3, 4], [3, 3, 3], [4, 2, 3]], "output": [[0, 0, 5], [0, 5, 0], [5, 0, 0]]}, {"input": [[3, 4, 2], [2, 4, 4], [4, 3, 3]], "output": [[0, 0, 5], [0, 5, 0], [5, 0, 0]]}, {"input": [[2, 3, 2], [2, 2, 2], [2, 2, 2]], "output": [[5, 0, 0], [0, 5, 0], [0, 0, 5]]}, {"input": [[3, 3, 4], [3, 4, 4], [3, 4, 3]], "output": [[5, 0, 0], [0, 5, 0], [0, 0, 5]]}, {"input": [[2, 2, 4], [3, 3, 3], [4, 4, 3]], "output": [[0, 0, 5], [0, 5, 0], [5, 0, 0]]}, {"input": [[2, 3, 3], [2, 3, 3], [3, 2, 2]], "output": [[5, 0, 0], [0, 5, 0], [0, 0, 5]]}, {"input": [[2, 2, 3], [3, 2, 2], [3, 2, 2]], "output": [[5, 0, 0], [0, 5, 0], [0, 0, 5]]}, {"input": [[4, 3, 4], [4, 4, 3], [3, 3, 4]], "output": [[5, 0, 0], [0, 5, 0], [0, 0, 5]]}, {"input": [[2, 2, 4], [3, 2, 3], [3, 4, 2]], "output": [[0, 0, 5], [0, 5, 0], [5, 0, 0]]}, {"input": [[3, 3, 4], [4, 2, 3], [3, 3, 2]], "output": [[0, 0, 5], [0, 5, 0], [5, 0, 0]]}, {"input": [[3, 2, 2], [2, 2, 3], [3, 3, 3]], "output": [[5, 0, 0], [0, 5, 0], [0, 0, 5]]}, {"input": [[2, 2, 3], [2, 3, 2], [2, 2, 3]], "output": [[5, 0, 0], [0, 5, 0], [0, 0, 5]]}, {"input": [[4, 4, 4], [3, 2, 4], [4, 3, 3]], "output": [[0, 0, 5], [0, 5, 0], [5, 0, 0]]}, {"input": [[3, 2, 4], [3, 3, 2], [2, 2, 2]], "output": [[0, 0, 5], [0, 5, 0], [5, 0, 0]]}, {"input": [[4, 3, 3], [4, 3, 4], [3, 3, 3]], "output": [[5, 0, 0], [0, 5, 0], [0, 0, 5]]}, {"input": [[2, 2, 4], [2, 2, 2], [3, 4, 3]], "output": [[0, 0, 5], [0, 5, 0], [5, 0, 0]]}, {"input": [[2, 3, 3], [3, 2, 3], [3, 2, 2]], "output": [[5, 0, 0], [0, 5, 0], [0, 0, 5]]}, {"input": [[4, 4, 3], [3, 4, 3], [3, 4, 4]], "output": [[5, 0, 0], [0, 5, 0], [0, 0, 5]]}, {"input": [[4, 4, 3], [4, 3, 3], [4, 4, 3]], "output": [[5, 0, 0], [0, 5, 0], [0, 0, 5]]}, {"input": [[4, 4, 2], [4, 4, 2], [2, 2, 2]], "output": [[5, 0, 0], [0, 5, 0], [0, 0, 5]]}, {"input": [[2, 2, 4], [2, 2, 2], [4, 4, 2]], "output": [[5, 0, 0], [0, 5, 0], [0, 0, 5]]}, {"input": [[2, 3, 4], [4, 4, 2], [3, 3, 2]], "output": [[0, 0, 5], [0, 5, 0], [5, 0, 0]]}, {"input": [[2, 2, 4], [4, 4, 2], [3, 3, 4]], "output": [[0, 0, 5], [0, 5, 0], [5, 0, 0]]}, {"input": [[2, 2, 3], [3, 3, 3], [3, 3, 3]], "output": [[5, 0, 0], [0, 5, 0], [0, 0, 5]]}, {"input": [[2, 2, 2], [3, 2, 3], [3, 2, 3]], "output": [[5, 0, 0], [0, 5, 0], [0, 0, 5]]}, {"input": [[2, 2, 4], [4, 2, 4], [4, 2, 2]], "output": [[5, 0, 0], [0, 5, 0], [0, 0, 5]]}, {"input": [[2, 2, 3], [2, 4, 3], [3, 4, 3]], "output": [[0, 0, 5], [0, 5, 0], [5, 0, 0]]}, {"input": [[3, 3, 3], [4, 3, 3], [3, 4, 3]], "output": [[5, 0, 0], [0, 5, 0], [0, 0, 5]]}, {"input": [[2, 4, 2], [2, 2, 4], [4, 4, 2]], "output": [[5, 0, 0], [0, 5, 0], [0, 0, 5]]}, {"input": [[4, 3, 3], [3, 3, 4], [4, 3, 4]], "output": [[5, 0, 0], [0, 5, 0], [0, 0, 5]]}, {"input": [[4, 2, 2], [4, 4, 4], [4, 4, 2]], "output": [[5, 0, 0], [0, 5, 0], [0, 0, 5]]}, {"input": [[2, 4, 4], [4, 2, 2], [2, 2, 2]], "output": [[5, 0, 0], [0, 5, 0], [0, 0, 5]]}, {"input": [[2, 2, 4], [3, 2, 2], [4, 4, 2]], "output": [[0, 0, 5], [0, 5, 0], [5, 0, 0]]}, {"input": [[2, 2, 2], [3, 3, 4], [2, 3, 4]], "output": [[0, 0, 5], [0, 5, 0], [5, 0, 0]]}, {"input": [[2, 4, 2], [2, 3, 2], [3, 4, 4]], "output": [[0, 0, 5], [0, 5, 0], [5, 0, 0]]}, {"input": [[3, 3, 2], [3, 3, 3], [3, 2, 2]], "output": [[5, 0, 0], [0, 5, 0], [0, 0, 5]]}, {"input": [[3, 3, 3], [3, 4, 3], [3, 4, 4]], "output": [[5, 0, 0], [0, 5, 0], [0, 0, 5]]}, {"input": [[3, 4, 3], [4, 3, 4], [3, 4, 3]], "output": [[5, 0, 0], [0, 5, 0], [0, 0, 5]]}, {"input": [[3, 4, 3], [4, 3, 4], [2, 3, 3]], "output": [[0, 0, 5], [0, 5, 0], [5, 0, 0]]}, {"input": [[3, 2, 2], [3, 3, 3], [4, 4, 2]], "output": [[0, 0, 5], [0, 5, 0], [5, 0, 0]]}, {"input": [[2, 2, 3], [3, 4, 4], [4, 2, 2]], "output": [[0, 0, 5], [0, 5, 0], [5, 0, 0]]}, {"input": [[2, 2, 4], [4, 4, 4], [2, 2, 4]], "output": [[5, 0, 0], [0, 5, 0], [0, 0, 5]]}, {"input": [[3, 3, 3], [4, 3, 3], [3, 3, 4]], "output": [[5, 0, 0], [0, 5, 0], [0, 0, 5]]}, {"input": [[4, 4, 4], [2, 2, 2], [2, 4, 4]], "output": [[5, 0, 0], [0, 5, 0], [0, 0, 5]]}, {"input": [[3, 3, 4], [3, 3, 3], [4, 3, 3]], "output": [[5, 0, 0], [0, 5, 0], [0, 0, 5]]}, {"input": [[4, 4, 3], [4, 4, 3], [3, 4, 4]], "output": [[5, 0, 0], [0, 5, 0], [0, 0, 5]]}, {"input": [[3, 2, 2], [2, 2, 3], [2, 2, 3]], "output": [[5, 0, 0], [0, 5, 0], [0, 0, 5]]}, {"input": [[3, 3, 4], [4, 4, 3], [3, 4, 3]], "output": [[5, 0, 0], [0, 5, 0], [0, 0, 5]]}, {"input": [[3, 2, 2], [2, 3, 3], [2, 2, 3]], "output": [[5, 0, 0], [0, 5, 0], [0, 0, 5]]}, {"input": [[2, 4, 4], [2, 4, 2], [4, 2, 2]], "output": [[5, 0, 0], [0, 5, 0], [0, 0, 5]]}, {"input": [[4, 3, 3], [3, 3, 2], [2, 4, 4]], "output": [[0, 0, 5], [0, 5, 0], [5, 0, 0]]}]