[{"input": [[0, 0, 4, 4, 0, 5, 5, 0], [4, 0, 0, 4, 0, 0, 0, 0], [4, 4, 0, 0, 5, 0, 0, 0], [4, 4, 4, 0, 5, 5, 5, 0], [0, 6, 0, 6, 0, 0, 0, 0], [6, 0, 0, 0, 9, 0, 0, 9], [6, 6, 0, 6, 9, 9, 9, 0], [0, 0, 0, 0, 0, 9, 9, 0]], "output": [[0, 5, 5, 6], [6, 0, 0, 9], [5, 6, 9, 6], [5, 5, 5, 0]]}, {"input": [[4, 0, 0, 0, 5, 0, 5, 0], [4, 4, 0, 0, 0, 0, 5, 5], [0, 0, 0, 0, 0, 0, 0, 0], [0, 0, 4, 0, 0, 5, 5, 0], [6, 6, 0, 0, 9, 0, 9, 9], [0, 6, 0, 6, 0, 9, 0, 9], [6, 6, 0, 6, 9, 9, 9, 0], [6, 0, 0, 0, 0, 9, 0, 9]], "output": [[5, 6, 5, 9], [4, 6, 5, 5], [6, 6, 9, 6], [6, 5, 5, 9]]}, {"input": [[4, 4, 4, 4, 0, 0, 5, 5], [4, 0, 4, 4, 0, 5, 5, 5], [0, 4, 0, 4, 5, 5, 0, 5], [0, 4, 4, 0, 0, 5, 0, 0], [0, 0, 6, 6, 9, 9, 9, 9], [0, 6, 0, 6, 0, 0, 9, 9], [0, 0, 6, 6, 0, 0, 9, 9], [0, 0, 0, 0, 9, 0, 0, 0]], "output": [[9, 9, 5, 5], [4, 5, 5, 5], [5, 5, 6, 5], [9, 5, 4, 0]]}, {"input": [[4, 4, 4, 4, 5, 0, 5, 0], [0, 0, 4, 0, 5, 5, 0, 0], [4, 4, 0, 0, 5, 5, 0, 5], [0, 0, 0, 4, 5, 0, 5, 0], [0, 6, 6, 6, 0, 9, 0, 9], [0, 0, 0, 6, 0, 9, 9, 0], [6, 0, 6, 0, 0, 0, 0, 0], [0, 0, 0, 6, 0, 0, 0, 0]], "output": [[5, 6, 5, 6], [5, 5, 9, 6], [5, 5, 6, 5], [5, 0, 5, 6]]}, {"input": [[0, 4, 0, 0, 0, 0, 5, 5], [0, 0, 0, 0, 5, 5, 0, 0], [4, 0, 0, 0, 0, 5, 5, 0], [0, 4, 4, 4, 0, 0, 5, 5], [0, 6, 6, 6, 0, 0, 0, 9], [0, 6, 6, 6, 9, 9, 9, 9], [6, 6, 0, 6, 0, 9, 0, 0], [0, 6, 6, 0, 0, 0, 0, 9]], "output": [[0, 6, 5, 5], [5, 5, 6, 6], [6, 5, 5, 6], [0, 6, 5, 5]]}, {"input": [[4, 4, 0, 4, 0, 0, 5, 0], [4, 4, 0, 0, 5, 5, 5, 0], [4, 4, 0, 4, 0, 0, 5, 0], [0, 4, 0, 4, 0, 0, 0, 5], [6, 0, 0, 6, 0, 9, 0, 0], [6, 6, 6, 6, 9, 9, 0, 9], [6, 6, 6, 0, 9, 0, 0, 0], [0, 0, 0, 0, 0, 9, 0, 9]], "output": [[6, 9, 5, 6], [5, 5, 5, 6], [6, 6, 5, 4], [0, 9, 0, 5]]}, {"input": [[0, 4, 0, 0, 0, 0, 0, 5], [4, 0, 4, 4, 5, 0, 5, 5], [4, 4, 0, 4, 0, 5, 5, 0], [4, 4, 4, 4, 0, 0, 0, 0], [6, 0, 0, 0, 9, 0, 0, 0], [0, 0, 6, 6, 9, 9, 0, 9], [0, 6, 0, 0, 9, 9, 0, 9], [6, 6, 0, 6, 0, 9, 0, 9]], "output": [[6, 4, 0, 5], [5, 9, 5, 5], [9, 5, 5, 9], [6, 6, 4, 6]]}, {"input": [[0, 0, 0, 0, 0, 0, 0, 0], [4, 0, 4, 0, 5, 0, 0, 0], [4, 0, 0, 4, 5, 5, 5, 5], [0, 4, 0, 4, 0, 5, 5, 0], [6, 0, 0, 6, 0, 9, 9, 9], [0, 6, 0, 0, 9, 9, 9, 0], [6, 6, 6, 0, 9, 0, 0, 0], [0, 0, 6, 6, 9, 0, 0, 0]], "output": [[6, 9, 9, 6], [5, 6, 9, 0], [5, 5, 5, 5], [9, 5, 5, 6]]}, {"input": [[4, 0, 4, 0, 5, 5, 0, 5], [4, 4, 4, 0, 0, 5, 5, 5], [0, 4, 0, 4, 5, 0, 5, 0], [4, 0, 0, 0, 5, 5, 0, 0], [6, 0, 6, 6, 0, 9, 9, 9], [0, 0, 0, 0, 0, 9, 0, 9], [0, 6, 0, 0, 0, 9, 9, 0], [6, 6, 6, 0, 9, 9, 9, 9]], "output": [[5, 5, 6, 5], [4, 5, 5, 5], [5, 6, 5, 4], [5, 5, 6, 9]]}, {"input": [[4, 4, 0, 4, 5, 5, 5, 0], [4, 4, 4, 4, 5, 5, 5, 5], [4, 4, 0, 4, 5, 5, 0, 5], [4, 0, 0, 0, 5, 5, 0, 0], [6, 6, 0, 0, 9, 9, 0, 0], [0, 6, 6, 6, 9, 0, 0, 0], [0, 6, 6, 6, 0, 9, 0, 0], [0, 6, 6, 6, 0, 0, 0, 0]], "output": [[5, 5, 5, 4], [5, 5, 5, 5], [5, 5, 6, 5], [5, 5, 6, 6]]}, {"input": [[0, 0, 0, 4, 5, 5, 0, 0], [0, 0, 0, 4, 0, 5, 0, 0], [0, 0, 0, 4, 5, 0, 5, 5], [4, 0, 4, 4, 0, 0, 0, 0], [0, 0, 6, 6, 0, 9, 9, 9], [6, 0, 0, 0, 0, 9, 9, 9], [6, 0, 0, 6, 0, 9, 9, 9], [6, 0, 0, 0, 9, 0, 9, 0]], "output": [[5, 5, 6, 6], [6, 5, 9, 9], [5, 9, 5, 5], [6, 0, 9, 4]]}, {"input": [[0, 4, 0, 0, 5, 0, 0, 5], [4, 0, 4, 0, 5, 5, 0, 0], [0, 0, 4, 0, 5, 5, 5, 0], [4, 4, 4, 4, 0, 5, 0, 5], [0, 0, 0, 6, 9, 0, 0, 0], [6, 6, 0, 6, 0, 9, 9, 9], [0, 6, 0, 0, 9, 0, 9, 9], [6, 6, 0, 6, 9, 9, 9, 9]], "output": [[5, 4, 0, 5], [5, 5, 9, 6], [5, 5, 5, 9], [6, 5, 9, 5]]}, {"input": [[4, 0, 0, 4, 0, 0, 5, 5], [0, 4, 4, 0, 0, 5, 5, 0], [0, 4, 0, 4, 0, 0, 0, 5], [4, 4, 4, 0, 5, 0, 0, 0], [0, 6, 0, 6, 9, 0, 0, 9], [0, 0, 0, 6, 0, 9, 0, 9], [0, 6, 6, 0, 9, 0, 9, 9], [6, 6, 6, 0, 0, 9, 9, 9]], "output": [[9, 6, 5, 5], [0, 5, 5, 6], [9, 6, 6, 5], [5, 6, 6, 9]]}, {"input": [[4, 4, 4, 0, 0, 0, 5, 5], [0, 4, 4, 4, 5, 0, 0, 0], [4, 4, 4, 4, 0, 0, 5, 0], [4, 0, 4, 4, 0, 5, 5, 5], [6, 6, 6, 6, 0, 9, 0, 9], [6, 0, 6, 0, 9, 9, 9, 0], [0, 6, 0, 6, 9, 0, 9, 9], [6, 6, 0, 0, 9, 0, 0, 0]], "output": [[6, 6, 5, 5], [5, 9, 6, 4], [9, 6, 5, 6], [6, 5, 5, 5]]}, {"input": [[0, 0, 0, 0, 0, 5, 0, 0], [0, 0, 0, 4, 0, 5, 5, 5], [0, 0, 0, 0, 0, 5, 5, 0], [0, 0, 0, 4, 0, 5, 0, 0], [6, 6, 6, 6, 0, 9, 9, 0], [6, 6, 0, 6, 0, 0, 9, 0], [0, 0, 6, 6, 0, 0, 9, 9], [0, 0, 6, 6, 0, 0, 0, 9]], "output": [[6, 5, 6, 6], [6, 5, 5, 5], [0, 5, 5, 6], [0, 5, 6, 6]]}, {"input": [[4, 0, 0, 4, 5, 0, 5, 0], [0, 0, 0, 4, 0, 5, 5, 0], [4, 4, 0, 0, 5, 5, 0, 0], [4, 0, 0, 4, 0, 5, 0, 0], [0, 6, 6, 0, 0, 0, 9, 0], [0, 6, 6, 6, 0, 0, 0, 0], [6, 0, 0, 6, 0, 0, 0, 0], [6, 6, 6, 0, 9, 0, 0, 9]], "output": [[5, 6, 5, 4], [0, 5, 5, 6], [5, 5, 0, 6], [6, 5, 6, 9]]}, {"input": [[4, 0, 0, 0, 0, 5, 5, 5], [4, 4, 0, 4, 5, 5, 0, 0], [4, 4, 4, 0, 0, 0, 0, 5], [0, 4, 0, 0, 0, 5, 5, 5], [0, 6, 0, 6, 0, 0, 0, 9], [6, 6, 0, 6, 9, 0, 0, 0], [6, 0, 0, 0, 9, 0, 0, 0], [0, 6, 6, 0, 0, 0, 9, 0]], "output": [[4, 5, 5, 5], [5, 5, 0, 6], [6, 4, 4, 5], [0, 5, 5, 5]]}, {"input": [[0, 0, 4, 4, 5, 0, 5, 0], [4, 0, 4, 0, 5, 0, 0, 0], [0, 4, 4, 4, 0, 5, 0, 5], [0, 0, 4, 0, 0, 5, 5, 5], [6, 6, 6, 6, 9, 9, 9, 9], [6, 6, 6, 6, 9, 0, 0, 9], [0, 0, 6, 6, 0, 0, 0, 0], [0, 0, 0, 0, 9, 0, 0, 0]], "output": [[5, 6, 5, 6], [5, 6, 6, 6], [0, 5, 6, 5], [9, 5, 5, 5]]}, {"input": [[4, 0, 0, 0, 5, 0, 5, 5], [0, 0, 0, 4, 5, 0, 0, 0], [0, 4, 0, 4, 0, 0, 0, 5], [4, 0, 0, 0, 0, 5, 0, 0], [0, 6, 6, 6, 9, 9, 0, 0], [0, 0, 0, 6, 0, 9, 0, 0], [6, 0, 0, 6, 9, 9, 0, 9], [0, 0, 0, 0, 9, 9, 0, 9]], "output": [[5, 6, 5, 5], [5, 9, 0, 6], [6, 9, 0, 5], [9, 5, 0, 9]]}, {"input": [[0, 0, 4, 0, 0, 5, 5, 5], [4, 0, 4, 0, 5, 5, 0, 5], [4, 0, 4, 4, 0, 0, 0, 0], [0, 0, 4, 4, 0, 5, 5, 0], [0, 6, 0, 0, 0, 9, 9, 9], [6, 6, 6, 0, 9, 9, 9, 0], [6, 0, 0, 6, 9, 9, 0, 0], [6, 6, 6, 0, 9, 0, 0, 9]], "output": [[0, 5, 5, 5], [5, 5, 6, 5], [6, 9, 4, 6], [6, 5, 5, 9]]}, {"input": [[0, 4, 0, 0, 0, 5, 0, 5], [4, 4, 0, 0, 0, 5, 0, 5], [4, 4, 4, 0, 0, 0, 0, 0], [4, 0, 0, 0, 5, 0, 5, 5], [0, 0, 6, 6, 0, 9, 9, 0], [0, 6, 6, 6, 9, 0, 0, 0], [6, 6, 6, 0, 0, 9, 0, 9], [0, 0, 6, 0, 9, 0, 9, 0]], "output": [[0, 5, 6, 5], [9, 5, 6, 5], [6, 6, 6, 9], [5, 0, 5, 5]]}, {"input": [[0, 0, 4, 4, 0, 0, 5, 5], [4, 4, 0, 4, 5, 0, 5, 5], [0, 4, 0, 4, 5, 0, 5, 5], [4, 0, 4, 0, 5, 5, 5, 5], [6, 0, 6, 0, 0, 0, 9, 0], [0, 0, 0, 6, 0, 9, 0, 9], [6, 6, 0, 6, 9, 9, 9, 0], [6, 0, 6, 0, 0, 0, 0, 9]], "output": [[6, 0, 5, 5], [5, 9, 5, 5], [5, 6, 5, 5], [5, 5, 5, 5]]}, {"input": [[0, 4, 4, 4, 0, 5, 0, 5], [0, 0, 4, 0, 5, 5, 5, 0], [4, 4, 4, 0, 0, 5, 5, 0], [4, 4, 0, 0, 5, 5, 5, 0], [0, 6, 0, 6, 0, 9, 0, 0], [0, 0, 6, 0, 9, 9, 9, 9], [0, 0, 6, 6, 9, 9, 0, 0], [0, 0, 6, 6, 9, 0, 0, 9]], "output": [[0, 5, 4, 5], [5, 5, 5, 9], [9, 5, 5, 6], [5, 5, 5, 6]]}, {"input": [[4, 0, 0, 0, 0, 0, 0, 0], [0, 0, 4, 0, 0, 5, 5, 0], [4, 0, 0, 4, 0, 5, 5, 0], [4, 0, 0, 0, 0, 0, 5, 5], [0, 0, 0, 6, 9, 0, 9, 9], [6, 6, 6, 6, 0, 0, 0, 9], [0, 0, 6, 0, 9, 9, 9, 9], [0, 6, 6, 6, 0, 0, 0, 9]], "output": [[9, 0, 9, 6], [6, 5, 5, 6], [9, 5, 5, 9], [4, 6, 5, 5]]}, {"input": [[0, 4, 0, 4, 5, 0, 5, 0], [4, 0, 4, 4, 0, 0, 0, 5], [0, 0, 0, 4, 5, 0, 0, 5], [0, 4, 4, 0, 5, 0, 5, 0], [6, 0, 6, 0, 0, 9, 9, 9], [6, 0, 6, 0, 9, 9, 9, 9], [0, 6, 0, 0, 0, 0, 0, 9], [0, 6, 0, 0, 0, 0, 9, 0]], "output": [[5, 9, 5, 9], [6, 9, 6, 5], [5, 6, 0, 5], [5, 6, 5, 0]]}, {"input": [[0, 0, 0, 0, 5, 0, 5, 0], [0, 0, 4, 0, 0, 5, 0, 0], [0, 0, 0, 0, 5, 0, 5, 0], [0, 0, 0, 4, 0, 5, 5, 5], [0, 0, 6, 0, 0, 0, 0, 9], [6, 6, 6, 0, 0, 9, 0, 9], [6, 0, 6, 0, 9, 0, 0, 0], [0, 6, 0, 6, 0, 0, 9, 9]], "output": [[5, 0, 5, 9], [6, 5, 6, 9], [5, 0, 5, 0], [0, 5, 5, 5]]}, {"input": [[4, 0, 4, 4, 5, 5, 5, 5], [0, 4, 0, 0, 5, 5, 0, 5], [4, 0, 0, 0, 0, 0, 5, 0], [0, 0, 0, 0, 5, 5, 0, 5], [0, 6, 6, 0, 9, 9, 0, 9], [6, 6, 0, 6, 0, 9, 0, 0], [6, 6, 6, 0, 0, 9, 0, 0], [0, 0, 0, 0, 0, 0, 0, 0]], "output": [[5, 5, 5, 5], [5, 5, 0, 5], [6, 6, 5, 0], [5, 5, 0, 5]]}, {"input": [[0, 4, 4, 0, 5, 0, 5, 5], [4, 4, 0, 4, 5, 0, 5, 5], [0, 0, 0, 0, 0, 0, 5, 5], [0, 0, 4, 4, 0, 5, 5, 0], [6, 6, 0, 0, 9, 9, 9, 0], [0, 6, 0, 0, 9, 9, 9, 0], [6, 0, 0, 6, 9, 0, 0, 0], [6, 6, 0, 0, 9, 0, 0, 9]], "output": [[5, 6, 5, 5], [5, 6, 5, 5], [6, 0, 5, 5], [6, 5, 5, 9]]}, {"input": [[4, 0, 4, 4, 5, 0, 5, 5], [0, 0, 0, 0, 5, 5, 5, 0], [0, 4, 4, 0, 5, 5, 0, 0], [0, 4, 0, 0, 5, 0, 0, 5], [0, 0, 0, 6, 0, 0, 9, 9], [0, 6, 6, 0, 0, 0, 9, 0], [6, 6, 6, 0, 0, 9, 9, 9], [6, 0, 6, 6, 9, 9, 0, 0]], "output": [[5, 0, 5, 5], [5, 5, 5, 0], [5, 5, 6, 9], [5, 9, 6, 5]]}, {"input": [[4, 4, 0, 0, 5, 0, 0, 5], [4, 4, 4, 4, 5, 0, 5, 5], [4, 4, 0, 0, 0, 0, 5, 0], [0, 4, 0, 0, 5, 5, 0, 0], [0, 6, 0, 6, 9, 9, 9, 9], [0, 0, 0, 0, 0, 9, 9, 9], [0, 0, 0, 0, 9, 9, 9, 9], [0, 0, 6, 0, 0, 9, 9, 0]], "output": [[5, 6, 9, 5], [5, 9, 5, 5], [9, 9, 5, 9], [5, 5, 6, 0]]}, {"input": [[4, 0, 4, 4, 5, 5, 0, 0], [0, 4, 4, 4, 5, 0, 5, 0], [0, 0, 4, 0, 5, 0, 5, 0], [4, 4, 0, 0, 0, 0, 5, 5], [6, 6, 6, 6, 9, 0, 0, 0], [6, 6, 0, 6, 0, 0, 9, 0], [6, 0, 6, 6, 0, 9, 9, 9], [0, 0, 0, 0, 9, 9, 0, 0]], "output": [[5, 5, 6, 6], [5, 6, 5, 6], [5, 9, 5, 6], [9, 9, 5, 5]]}, {"input": [[0, 0, 0, 0, 0, 5, 0, 5], [4, 0, 4, 0, 0, 5, 5, 5], [0, 4, 4, 0, 5, 5, 0, 5], [0, 0, 4, 0, 0, 0, 0, 5], [6, 0, 0, 6, 0, 9, 9, 9], [0, 0, 6, 6, 9, 9, 9, 9], [0, 0, 0, 6, 0, 0, 0, 0], [6, 0, 0, 0, 0, 9, 0, 9]], "output": [[6, 5, 9, 5], [9, 5, 5, 5], [5, 5, 4, 5], [6, 9, 4, 5]]}, {"input": [[0, 4, 0, 0, 0, 5, 5, 0], [0, 0, 0, 0, 5, 0, 5, 0], [0, 0, 4, 4, 5, 0, 0, 0], [0, 4, 4, 0, 0, 5, 5, 5], [0, 6, 6, 6, 9, 0, 9, 0], [0, 0, 6, 0, 0, 0, 9, 0], [0, 0, 6, 6, 0, 0, 9, 9], [0, 0, 0, 0, 0, 0, 9, 9]], "output": [[9, 5, 5, 6], [5, 0, 5, 0], [5, 0, 6, 6], [0, 5, 5, 5]]}, {"input": [[4, 0, 4, 0, 0, 5, 5, 0], [4, 4, 4, 4, 5, 5, 5, 0], [4, 0, 4, 4, 5, 5, 5, 5], [4, 4, 4, 0, 5, 5, 5, 5], [6, 0, 0, 6, 0, 9, 9, 0], [0, 6, 0, 0, 0, 9, 0, 9], [0, 6, 0, 0, 9, 0, 0, 0], [6, 6, 6, 6, 0, 0, 0, 0]], "output": [[6, 5, 5, 6], [5, 5, 5, 9], [5, 5, 5, 5], [5, 5, 5, 5]]}, {"input": [[4, 4, 4, 4, 5, 0, 5, 5], [4, 0, 4, 0, 0, 0, 0, 0], [0, 4, 0, 0, 0, 0, 0, 5], [4, 4, 0, 4, 0, 5, 5, 0], [6, 6, 6, 6, 9, 9, 9, 9], [6, 6, 6, 6, 0, 9, 0, 9], [0, 6, 0, 0, 9, 9, 0, 0], [0, 0, 6, 0, 9, 9, 9, 9]], "output": [[5, 6, 5, 5], [6, 6, 6, 6], [9, 6, 0, 5], [9, 5, 5, 9]]}, {"input": [[0, 0, 4, 4, 5, 0, 5, 0], [4, 4, 0, 0, 5, 0, 0, 0], [4, 0, 0, 0, 5, 5, 0, 5], [0, 0, 0, 0, 0, 5, 5, 0], [6, 0, 6, 0, 9, 9, 9, 9], [6, 6, 0, 0, 0, 0, 0, 9], [0, 0, 0, 0, 9, 0, 9, 9], [0, 6, 0, 0, 9, 9, 9, 0]], "output": [[5, 9, 5, 9], [5, 6, 0, 9], [5, 5, 9, 5], [9, 5, 5, 0]]}, {"input": [[4, 4, 4, 4, 0, 0, 5, 5], [0, 0, 4, 0, 5, 0, 0, 5], [4, 4, 0, 4, 0, 0, 0, 5], [0, 0, 4, 4, 5, 0, 0, 0], [6, 6, 0, 6, 9, 9, 9, 0], [0, 6, 6, 0, 9, 9, 0, 9], [6, 0, 6, 6, 0, 9, 9, 0], [0, 6, 6, 6, 9, 0, 0, 9]], "output": [[6, 6, 5, 5], [5, 6, 6, 5], [6, 9, 6, 5], [5, 6, 6, 6]]}, {"input": [[0, 0, 0, 0, 0, 5, 5, 5], [4, 0, 4, 0, 0, 5, 5, 5], [0, 4, 0, 0, 0, 5, 5, 0], [4, 0, 4, 0, 5, 5, 0, 5], [0, 6, 0, 0, 0, 9, 0, 9], [6, 0, 6, 0, 0, 0, 9, 9], [6, 6, 6, 6, 0, 0, 0, 0], [0, 6, 0, 6, 9, 0, 0, 0]], "output": [[0, 5, 5, 5], [6, 5, 5, 5], [6, 5, 5, 6], [5, 5, 4, 5]]}, {"input": [[0, 4, 0, 4, 5, 0, 5, 0], [0, 0, 4, 4, 5, 5, 0, 5], [0, 0, 4, 0, 0, 5, 5, 0], [4, 0, 4, 4, 5, 5, 5, 5], [6, 0, 0, 0, 9, 0, 9, 9], [0, 6, 6, 6, 9, 9, 9, 9], [0, 6, 0, 6, 0, 9, 0, 0], [6, 0, 6, 6, 0, 0, 9, 9]], "output": [[5, 4, 5, 9], [5, 5, 6, 5], [0, 5, 5, 6], [5, 5, 5, 5]]}, {"input": [[0, 0, 4, 4, 5, 0, 0, 0], [0, 0, 0, 0, 0, 5, 0, 0], [4, 0, 4, 0, 5, 0, 0, 5], [0, 4, 4, 4, 0, 0, 5, 0], [6, 6, 0, 0, 0, 0, 9, 9], [6, 6, 0, 6, 9, 9, 9, 9], [0, 6, 0, 0, 0, 9, 0, 9], [0, 0, 0, 0, 0, 9, 0, 9]], "output": [[5, 6, 9, 9], [6, 5, 9, 6], [5, 6, 4, 5], [0, 9, 5, 9]]}, {"input": [[0, 4, 4, 4, 0, 0, 0, 0], [4, 0, 4, 4, 5, 0, 5, 5], [0, 0, 4, 0, 0, 0, 0, 0], [4, 4, 4, 0, 5, 0, 0, 0], [6, 0, 6, 0, 9, 9, 9, 0], [0, 0, 6, 0, 9, 0, 0, 0], [6, 0, 6, 6, 9, 0, 9, 0], [0, 0, 6, 0, 0, 0, 0, 0]], "output": [[6, 9, 6, 4], [5, 0, 5, 5], [6, 0, 6, 6], [5, 4, 6, 0]]}, {"input": [[0, 4, 4, 4, 5, 0, 5, 5], [4, 0, 0, 4, 5, 5, 5, 5], [0, 0, 4, 4, 0, 5, 0, 5], [0, 0, 0, 4, 5, 0, 5, 0], [0, 0, 6, 6, 9, 9, 9, 0], [0, 0, 6, 6, 0, 9, 9, 9], [6, 0, 0, 6, 9, 9, 0, 0], [0, 6, 6, 6, 0, 0, 0, 0]], "output": [[5, 9, 5, 5], [5, 5, 5, 5], [6, 5, 4, 5], [5, 6, 5, 6]]}, {"input": [[4, 4, 0, 0, 5, 0, 5, 5], [0, 4, 4, 0, 5, 0, 0, 0], [4, 0, 4, 0, 5, 5, 5, 5], [4, 0, 4, 0, 5, 0, 5, 0], [0, 6, 0, 6, 0, 0, 9, 9], [6, 6, 0, 0, 0, 9, 0, 9], [6, 0, 0, 6, 0, 0, 0, 9], [0, 0, 0, 6, 0, 0, 9, 0]], "output": [[5, 6, 5, 5], [5, 6, 4, 9], [5, 5, 5, 5], [5, 0, 5, 6]]}, {"input": [[0, 0, 0, 4, 5, 5, 0, 0], [4, 0, 0, 4, 0, 0, 5, 5], [4, 0, 0, 0, 5, 0, 5, 0], [4, 4, 0, 4, 5, 5, 0, 5], [6, 6, 0, 6, 0, 9, 9, 0], [6, 0, 0, 0, 0, 0, 9, 9], [6, 6, 0, 0, 0, 0, 9, 9], [6, 6, 0, 6, 0, 9, 9, 9]], "output": [[5, 5, 9, 6], [6, 0, 5, 5], [5, 6, 5, 9], [5, 5, 9, 5]]}, {"input": [[4, 0, 0, 0, 0, 5, 5, 5], [4, 0, 0, 4, 5, 0, 5, 5], [4, 0, 4, 4, 5, 0, 5, 5], [0, 4, 4, 0, 5, 5, 5, 5], [6, 0, 6, 6, 0, 0, 9, 9], [6, 6, 0, 6, 0, 9, 9, 9], [6, 0, 6, 0, 9, 9, 0, 0], [0, 0, 6, 0, 9, 9, 0, 9]], "output": [[6, 5, 5, 5], [5, 6, 5, 5], [5, 9, 5, 5], [5, 5, 5, 5]]}, {"input": [[4, 0, 4, 4, 5, 5, 5, 5], [0, 0, 4, 4, 0, 0, 5, 0], [4, 4, 4, 4, 5, 5, 0, 0], [4, 4, 0, 0, 0, 0, 5, 0], [0, 0, 6, 6, 0, 0, 0, 9], [6, 0, 0, 6, 0, 9, 9, 9], [6, 0, 6, 6, 9, 0, 9, 0], [0, 0, 0, 0, 0, 9, 0, 9]], "output": [[5, 5, 5, 5], [6, 9, 5, 6], [5, 5, 6, 6], [4, 9, 5, 9]]}, {"input": [[4, 0, 4, 4, 0, 5, 5, 0], [0, 0, 0, 0, 5, 0, 5, 5], [0, 0, 4, 0, 0, 5, 0, 5], [4, 0, 0, 4, 5, 0, 0, 0], [6, 6, 0, 6, 9, 9, 0, 9], [6, 0, 6, 6, 9, 9, 0, 9], [6, 6, 6, 6, 9, 0, 0, 9], [0, 0, 6, 0, 0, 9, 0, 0]], "output": [[6, 5, 5, 6], [5, 9, 5, 5], [6, 5, 6, 5], [5, 9, 6, 4]]}, {"input": [[4, 0, 0, 4, 0, 5, 5, 0], [0, 0, 0, 0, 0, 0, 0, 0], [0, 4, 4, 4, 5, 0, 0, 0], [4, 4, 0, 4, 0, 5, 5, 5], [0, 0, 6, 6, 9, 9, 0, 9], [0, 0, 6, 6, 0, 9, 9, 9], [0, 0, 6, 6, 0, 9, 9, 9], [0, 6, 6, 0, 9, 9, 0, 9]], "output": [[9, 5, 5, 6], [0, 9, 6, 6], [5, 9, 6, 6], [9, 5, 5, 5]]}, {"input": [[0, 0, 0, 0, 0, 5, 0, 0], [4, 4, 4, 4, 0, 0, 0, 0], [4, 0, 4, 4, 0, 0, 5, 0], [4, 4, 4, 4, 0, 0, 0, 5], [6, 0, 6, 0, 9, 9, 0, 0], [0, 6, 0, 0, 0, 9, 9, 9], [0, 6, 0, 6, 9, 0, 9, 0], [0, 6, 0, 0, 0, 9, 9, 9]], "output": [[6, 5, 6, 0], [4, 6, 9, 9], [9, 6, 5, 6], [4, 6, 9, 5]]}, {"input": [[0, 4, 0, 4, 5, 5, 0, 5], [0, 0, 4, 4, 5, 0, 0, 0], [4, 0, 4, 4, 5, 0, 0, 5], [0, 4, 0, 4, 5, 0, 5, 0], [6, 0, 0, 0, 0, 9, 9, 0], [6, 6, 6, 6, 9, 0, 0, 9], [6, 0, 0, 0, 9, 9, 0, 9], [0, 0, 6, 0, 9, 9, 9, 9]], "output": [[5, 5, 9, 5], [5, 6, 6, 6], [5, 9, 4, 5], [5, 9, 5, 9]]}, {"input": [[0, 4, 4, 0, 0, 0, 5, 5], [0, 4, 4, 0, 5, 0, 0, 5], [4, 0, 4, 4, 0, 5, 5, 5], [4, 4, 4, 0, 0, 5, 0, 5], [6, 6, 6, 0, 0, 0, 0, 9], [0, 6, 6, 0, 9, 9, 9, 0], [6, 6, 0, 0, 9, 9, 9, 9], [6, 0, 0, 0, 0, 9, 0, 9]], "output": [[6, 6, 5, 5], [5, 6, 6, 5], [6, 5, 5, 5], [6, 5, 4, 5]]}, {"input": [[4, 4, 0, 0, 5, 0, 5, 0], [0, 0, 0, 0, 5, 5, 0, 5], [4, 0, 4, 0, 0, 0, 5, 5], [0, 4, 4, 0, 5, 0, 5, 0], [0, 6, 6, 6, 0, 0, 0, 9], [0, 6, 0, 6, 9, 9, 0, 9], [6, 6, 0, 0, 0, 9, 9, 9], [6, 0, 0, 0, 9, 9, 9, 9]], "output": [[5, 6, 5, 6], [5, 5, 0, 5], [6, 6, 5, 5], [5, 9, 5, 9]]}, {"input": [[4, 0, 0, 4, 5, 0, 5, 5], [0, 4, 0, 0, 0, 5, 0, 5], [4, 0, 4, 0, 5, 0, 5, 5], [0, 0, 0, 4, 0, 0, 5, 0], [6, 6, 0, 6, 0, 9, 9, 0], [6, 6, 0, 0, 9, 9, 9, 0], [6, 6, 0, 0, 0, 9, 9, 9], [0, 0, 6, 6, 9, 0, 9, 9]], "output": [[5, 6, 5, 5], [6, 5, 9, 5], [5, 6, 5, 5], [9, 0, 5, 6]]}, {"input": [[0, 4, 4, 0, 0, 5, 5, 0], [0, 0, 0, 0, 0, 5, 0, 5], [4, 4, 4, 4, 0, 5, 0, 5], [0, 0, 0, 0, 0, 5, 5, 5], [0, 0, 0, 0, 0, 0, 0, 0], [6, 0, 0, 6, 0, 9, 0, 9], [6, 0, 6, 6, 9, 0, 0, 0], [0, 0, 6, 0, 0, 0, 9, 0]], "output": [[0, 5, 5, 0], [6, 5, 0, 5], [6, 5, 6, 5], [0, 5, 5, 5]]}, {"input": [[4, 0, 4, 4, 0, 0, 5, 5], [0, 0, 0, 0, 5, 5, 5, 5], [4, 0, 0, 4, 5, 5, 5, 5], [0, 0, 0, 4, 0, 5, 5, 0], [0, 0, 0, 0, 9, 9, 9, 0], [6, 0, 6, 0, 9, 9, 9, 0], [6, 0, 0, 0, 9, 0, 0, 9], [6, 0, 0, 6, 0, 9, 9, 0]], "output": [[9, 9, 5, 5], [5, 5, 5, 5], [5, 5, 5, 5], [6, 5, 5, 6]]}, {"input": [[4, 4, 0, 4, 5, 5, 5, 0], [4, 0, 0, 0, 5, 0, 0, 0], [4, 4, 4, 4, 0, 0, 5, 5], [0, 0, 4, 4, 5, 0, 5, 0], [0, 6, 6, 6, 0, 0, 0, 9], [6, 6, 0, 0, 9, 9, 0, 0], [6, 6, 0, 0, 0, 9, 9, 9], [0, 0, 6, 6, 0, 0, 0, 9]], "output": [[5, 5, 5, 6], [5, 6, 0, 0], [6, 6, 5, 5], [5, 0, 5, 6]]}, {"input": [[4, 0, 4, 4, 0, 0, 0, 5], [0, 0, 4, 0, 5, 5, 5, 0], [0, 4, 4, 4, 5, 5, 0, 0], [4, 4, 0, 0, 5, 5, 0, 5], [0, 6, 0, 0, 9, 9, 0, 0], [0, 6, 6, 0, 0, 0, 0, 9], [0, 0, 6, 0, 9, 0, 9, 0], [0, 6, 0, 0, 0, 9, 0, 9]], "output": [[9, 6, 4, 5], [5, 5, 5, 9], [5, 5, 6, 4], [5, 5, 0, 5]]}, {"input": [[0, 4, 4, 0, 0, 5, 0, 5], [0, 4, 0, 0, 5, 5, 0, 0], [0, 4, 0, 4, 0, 5, 0, 5], [4, 0, 0, 0, 0, 0, 0, 0], [0, 6, 6, 6, 9, 0, 0, 0], [6, 6, 0, 6, 9, 9, 9, 0], [6, 6, 0, 0, 0, 0, 9, 9], [6, 0, 6, 0, 0, 9, 9, 9]], "output": [[9, 5, 6, 5], [5, 5, 9, 6], [6, 5, 9, 5], [6, 9, 6, 9]]}, {"input": [[0, 0, 0, 4, 5, 5, 5, 5], [0, 4, 4, 0, 0, 0, 5, 0], [4, 0, 0, 0, 5, 0, 0, 0], [4, 0, 0, 4, 5, 5, 0, 5], [6, 6, 0, 0, 0, 0, 0, 9], [6, 0, 0, 6, 9, 9, 9, 0], [0, 6, 6, 6, 0, 9, 0, 0], [0, 6, 0, 6, 9, 9, 9, 0]], "output": [[5, 5, 5, 5], [6, 9, 5, 6], [5, 6, 6, 6], [5, 5, 9, 5]]}, {"input": [[4, 0, 4, 0, 5, 5, 5, 5], [4, 4, 4, 0, 0, 0, 0, 5], [0, 4, 4, 0, 0, 0, 0, 5], [0, 0, 4, 4, 5, 5, 5, 0], [6, 6, 6, 6, 9, 0, 9, 9], [6, 6, 0, 6, 0, 0, 9, 9], [6, 0, 0, 6, 9, 9, 9, 0], [6, 0, 0, 0, 9, 9, 0, 0]], "output": [[5, 5, 5, 5], [6, 6, 9, 5], [6, 9, 9, 5], [5, 5, 5, 4]]}, {"input": [[4, 0, 0, 4, 0, 0, 0, 0], [4, 0, 0, 4, 5, 0, 0, 0], [0, 4, 4, 4, 0, 5, 5, 0], [4, 4, 4, 0, 5, 5, 0, 0], [6, 0, 6, 0, 0, 9, 9, 9], [6, 6, 6, 6, 0, 0, 9, 9], [0, 6, 0, 6, 9, 9, 0, 9], [0, 6, 0, 6, 0, 0, 9, 9]], "output": [[6, 9, 6, 9], [5, 6, 6, 6], [9, 5, 5, 6], [5, 5, 9, 6]]}, {"input": [[0, 0, 4, 0, 5, 5, 5, 0], [0, 0, 0, 0, 0, 0, 5, 5], [4, 4, 0, 0, 5, 5, 5, 0], [0, 4, 4, 4, 5, 0, 5, 0], [0, 0, 0, 0, 0, 0, 9, 0], [0, 0, 6, 6, 0, 9, 9, 0], [0, 0, 0, 6, 9, 9, 9, 0], [0, 0, 6, 0, 9, 0, 0, 9]], "output": [[5, 5, 5, 0], [0, 9, 5, 5], [5, 5, 5, 6], [5, 4, 5, 9]]}, {"input": [[4, 4, 4, 0, 0, 0, 0, 0], [4, 4, 0, 0, 0, 0, 5, 0], [4, 4, 0, 4, 5, 5, 0, 0], [0, 0, 4, 4, 0, 5, 0, 0], [6, 6, 6, 6, 9, 9, 0, 0], [6, 0, 6, 6, 9, 9, 0, 9], [0, 0, 0, 0, 9, 0, 0, 9], [0, 0, 6, 6, 0, 9, 0, 9]], "output": [[6, 6, 6, 6], [6, 9, 5, 6], [5, 5, 0, 9], [0, 5, 6, 6]]}, {"input": [[0, 0, 0, 0, 5, 0, 0, 0], [4, 4, 0, 0, 0, 5, 5, 5], [0, 4, 4, 0, 0, 5, 0, 5], [4, 4, 4, 4, 5, 5, 5, 0], [6, 0, 6, 0, 0, 9, 0, 9], [0, 6, 6, 6, 0, 0, 9, 9], [6, 0, 6, 6, 0, 0, 9, 9], [6, 6, 6, 0, 0, 0, 0, 0]], "output": [[5, 9, 6, 9], [4, 5, 5, 5], [6, 5, 6, 5], [5, 5, 5, 4]]}, {"input": [[0, 4, 4, 0, 5, 0, 0, 0], [4, 0, 4, 4, 0, 5, 0, 5], [0, 0, 4, 4, 0, 5, 5, 0], [4, 0, 0, 4, 5, 0, 5, 0], [6, 6, 6, 0, 0, 9, 0, 9], [0, 6, 0, 6, 9, 9, 9, 9], [0, 0, 6, 6, 0, 9, 0, 9], [0, 0, 0, 0, 9, 9, 9, 9]], "output": [[5, 6, 6, 9], [9, 5, 9, 5], [0, 5, 5, 6], [5, 9, 5, 9]]}, {"input": [[4, 0, 4, 4, 0, 5, 5, 5], [4, 4, 4, 0, 0, 0, 0, 0], [0, 0, 0, 4, 5, 0, 0, 5], [0, 0, 0, 0, 5, 5, 5, 5], [6, 0, 6, 0, 9, 9, 0, 0], [0, 6, 0, 6, 0, 9, 9, 0], [6, 6, 0, 0, 9, 9, 9, 9], [6, 0, 0, 0, 9, 9, 0, 9]], "output": [[6, 5, 5, 5], [4, 6, 9, 6], [5, 6, 9, 5], [5, 5, 5, 5]]}, {"input": [[4, 4, 4, 4, 0, 5, 5, 5], [4, 4, 0, 0, 5, 5, 0, 5], [4, 4, 4, 4, 0, 5, 0, 5], [4, 0, 0, 4, 0, 5, 5, 5], [0, 0, 0, 6, 9, 9, 9, 9], [0, 0, 0, 0, 0, 0, 9, 0], [0, 6, 0, 0, 0, 9, 9, 0], [6, 0, 0, 0, 9, 9, 9, 0]], "output": [[9, 5, 5, 5], [5, 5, 9, 5], [4, 5, 9, 5], [6, 5, 5, 5]]}, {"input": [[0, 0, 0, 4, 5, 5, 5, 5], [0, 0, 4, 4, 0, 0, 5, 5], [0, 0, 4, 0, 5, 5, 0, 0], [4, 0, 4, 4, 5, 0, 0, 0], [0, 0, 0, 0, 9, 9, 0, 9], [6, 6, 6, 0, 0, 0, 9, 9], [0, 0, 6, 6, 0, 0, 9, 9], [0, 6, 0, 6, 9, 9, 0, 0]], "output": [[5, 5, 5, 5], [6, 6, 5, 5], [5, 5, 6, 6], [5, 6, 4, 6]]}, {"input": [[4, 0, 4, 4, 0, 0, 0, 0], [4, 4, 0, 4, 5, 0, 0, 5], [4, 0, 4, 4, 0, 0, 0, 0], [0, 4, 0, 0, 5, 5, 5, 0], [6, 6, 0, 6, 9, 0, 0, 9], [0, 6, 6, 6, 9, 9, 0, 0], [0, 6, 6, 6, 0, 0, 0, 0], [0, 6, 0, 0, 0, 0, 0, 0]], "output": [[6, 6, 4, 6], [5, 6, 6, 5], [4, 6, 6, 6], [5, 5, 5, 0]]}, {"input": [[4, 4, 0, 0, 0, 0, 0, 0], [4, 4, 0, 4, 0, 0, 0, 0], [0, 0, 0, 0, 0, 0, 5, 0], [4, 0, 4, 0, 5, 0, 5, 0], [6, 6, 0, 0, 0, 9, 0, 0], [0, 0, 6, 0, 9, 0, 9, 9], [0, 6, 6, 0, 0, 0, 9, 0], [0, 6, 0, 0, 0, 9, 0, 0]], "output": [[6, 6, 0, 0], [9, 4, 6, 9], [0, 6, 5, 0], [5, 6, 5, 0]]}, {"input": [[0, 4, 0, 4, 5, 5, 5, 0], [4, 0, 0, 0, 5, 5, 0, 0], [0, 4, 0, 4, 5, 5, 5, 5], [0, 4, 4, 0, 0, 5, 5, 5], [6, 0, 6, 6, 9, 9, 0, 0], [0, 6, 6, 0, 0, 0, 0, 0], [6, 0, 6, 6, 0, 9, 9, 9], [0, 0, 0, 0, 9, 9, 0, 9]], "output": [[5, 5, 5, 6], [5, 5, 6, 0], [5, 5, 5, 5], [9, 5, 5, 5]]}, {"input": [[4, 4, 0, 0, 0, 5, 5, 0], [0, 4, 0, 0, 0, 0, 0, 5], [0, 4, 0, 4, 5, 0, 0, 5], [0, 0, 0, 4, 5, 0, 5, 0], [0, 0, 6, 6, 0, 0, 0, 0], [0, 0, 0, 6, 0, 0, 9, 9], [0, 6, 0, 0, 0, 0, 9, 0], [0, 0, 6, 6, 9, 9, 0, 0]], "output": [[4, 5, 5, 6], [0, 4, 9, 5], [5, 6, 9, 5], [5, 9, 5, 6]]}, {"input": [[4, 0, 4, 4, 0, 0, 0, 5], [4, 4, 4, 0, 5, 5, 0, 5], [4, 4, 0, 4, 5, 0, 0, 5], [0, 4, 4, 4, 0, 0, 5, 5], [6, 6, 6, 6, 0, 0, 9, 9], [6, 0, 0, 6, 9, 0, 0, 9], [6, 0, 6, 0, 0, 9, 9, 9], [6, 0, 6, 0, 9, 0, 9, 9]], "output": [[6, 6, 6, 5], [5, 5, 4, 5], [5, 9, 6, 5], [6, 4, 5, 5]]}, {"input": [[4, 0, 0, 4, 0, 5, 0, 5], [4, 4, 4, 4, 5, 0, 0, 5], [4, 0, 4, 4, 5, 5, 5, 5], [0, 0, 0, 4, 0, 0, 0, 0], [0, 0, 0, 6, 9, 9, 9, 0], [0, 0, 0, 6, 9, 9, 9, 9], [0, 6, 6, 6, 0, 9, 9, 9], [6, 0, 0, 0, 9, 9, 9, 0]], "output": [[9, 5, 9, 5], [5, 9, 9, 5], [5, 5, 5, 5], [6, 9, 9, 4]]}, {"input": [[0, 0, 4, 4, 0, 0, 5, 5], [4, 4, 0, 4, 0, 5, 5, 5], [0, 4, 4, 0, 0, 5, 5, 5], [0, 0, 4, 0, 0, 5, 5, 0], [6, 6, 6, 0, 9, 9, 9, 9], [6, 6, 6, 6, 9, 9, 9, 9], [6, 6, 0, 0, 0, 9, 9, 9], [6, 0, 6, 0, 9, 0, 0, 0]], "output": [[6, 6, 5, 5], [6, 5, 5, 5], [6, 5, 5, 5], [6, 5, 5, 0]]}, {"input": [[0, 4, 4, 4, 0, 5, 0, 5], [0, 4, 0, 0, 0, 5, 0, 5], [4, 0, 4, 0, 0, 0, 5, 5], [4, 0, 0, 4, 0, 0, 0, 0], [6, 6, 6, 6, 0, 9, 0, 9], [6, 6, 6, 6, 0, 0, 0, 9], [6, 0, 6, 0, 0, 9, 9, 0], [0, 6, 0, 6, 0, 0, 0, 0]], "output": [[6, 5, 6, 5], [6, 5, 6, 5], [6, 9, 5, 5], [4, 6, 0, 6]]}, {"input": [[0, 0, 4, 0, 5, 0, 0, 5], [4, 0, 0, 0, 5, 5, 0, 0], [0, 0, 0, 0, 5, 0, 0, 5], [4, 0, 4, 0, 5, 5, 0, 5], [6, 0, 0, 0, 0, 0, 9, 0], [0, 6, 0, 0, 0, 0, 0, 0], [6, 0, 0, 0, 0, 9, 9, 0], [6, 6, 0, 0, 9, 9, 9, 0]], "output": [[5, 0, 9, 5], [5, 5, 0, 0], [5, 9, 9, 5], [5, 5, 9, 5]]}, {"input": [[4, 0, 4, 0, 5, 5, 5, 0], [0, 0, 4, 4, 0, 5, 0, 5], [4, 0, 4, 4, 5, 0, 5, 0], [0, 4, 4, 0, 5, 0, 5, 0], [6, 6, 0, 0, 9, 9, 9, 0], [0, 0, 0, 0, 9, 9, 9, 0], [6, 6, 6, 6, 9, 9, 9, 9], [0, 0, 0, 0, 0, 0, 0, 9]], "output": [[5, 5, 5, 0], [9, 5, 9, 5], [5, 6, 5, 6], [5, 4, 5, 9]]}, {"input": [[0, 0, 4, 0, 0, 0, 5, 0], [4, 0, 0, 0, 0, 0, 5, 5], [0, 0, 4, 0, 0, 0, 5, 5], [4, 4, 4, 0, 0, 5, 5, 0], [6, 0, 0, 0, 9, 9, 9, 9], [6, 6, 0, 6, 0, 0, 9, 0], [0, 0, 0, 6, 0, 9, 9, 9], [6, 6, 0, 0, 9, 0, 9, 9]], "output": [[6, 9, 5, 9], [6, 6, 5, 5], [0, 9, 5, 5], [6, 5, 5, 9]]}, {"input": [[4, 4, 0, 0, 5, 5, 0, 5], [0, 0, 0, 4, 5, 5, 0, 0], [4, 4, 4, 0, 0, 5, 5, 0], [4, 0, 0, 4, 5, 0, 0, 5], [0, 0, 6, 6, 0, 0, 0, 9], [6, 6, 6, 0, 9, 9, 0, 9], [0, 0, 0, 6, 0, 0, 9, 0], [6, 0, 6, 0, 0, 9, 9, 0]], "output": [[5, 5, 6, 5], [5, 5, 6, 9], [4, 5, 5, 6], [5, 9, 6, 5]]}, {"input": [[4, 0, 0, 0, 5, 5, 0, 5], [4, 0, 4, 0, 0, 5, 0, 5], [4, 0, 0, 4, 0, 5, 5, 0], [4, 4, 0, 0, 5, 0, 0, 5], [6, 6, 0, 6, 0, 0, 0, 9], [6, 6, 0, 0, 9, 0, 0, 9], [0, 6, 0, 6, 9, 9, 9, 9], [6, 6, 6, 6, 0, 9, 9, 0]], "output": [[5, 5, 0, 5], [6, 5, 4, 5], [9, 5, 5, 6], [5, 6, 6, 5]]}, {"input": [[4, 0, 0, 4, 0, 0, 5, 0], [0, 0, 4, 4, 5, 5, 5, 5], [0, 4, 0, 0, 5, 5, 5, 5], [0, 0, 0, 4, 0, 5, 0, 0], [0, 6, 6, 6, 9, 9, 0, 0], [0, 0, 6, 6, 9, 0, 9, 0], [0, 6, 0, 0, 0, 9, 0, 9], [0, 6, 0, 0, 0, 9, 9, 9]], "output": [[9, 6, 5, 6], [5, 5, 5, 5], [5, 5, 5, 5], [0, 5, 9, 9]]}, {"input": [[0, 0, 0, 0, 0, 0, 5, 0], [0, 0, 4, 0, 0, 0, 0, 0], [0, 0, 0, 0, 0, 5, 0, 0], [0, 4, 4, 4, 5, 0, 5, 5], [6, 6, 6, 0, 0, 0, 0, 9], [0, 6, 6, 6, 0, 9, 9, 9], [0, 0, 0, 0, 9, 0, 0, 0], [6, 6, 0, 6, 0, 0, 0, 9]], "output": [[6, 6, 5, 9], [0, 6, 6, 6], [9, 5, 0, 0], [5, 6, 5, 5]]}, {"input": [[0, 0, 4, 4, 0, 5, 0, 5], [0, 4, 4, 0, 5, 5, 5, 5], [0, 4, 4, 4, 0, 0, 5, 5], [0, 0, 4, 4, 0, 5, 0, 5], [0, 6, 6, 6, 0, 0, 9, 9], [0, 6, 6, 6, 9, 9, 9, 9], [6, 0, 0, 0, 9, 0, 9, 0], [6, 6, 0, 6, 9, 9, 0, 9]], "output": [[0, 5, 6, 5], [5, 5, 5, 5], [6, 4, 5, 5], [6, 5, 4, 5]]}, {"input": [[4, 4, 0, 0, 0, 5, 5, 0], [0, 4, 4, 4, 5, 5, 5, 5], [4, 0, 0, 4, 0, 5, 0, 5], [0, 4, 0, 4, 5, 0, 5, 5], [6, 0, 6, 0, 0, 0, 9, 9], [0, 0, 6, 6, 9, 0, 9, 0], [6, 6, 0, 0, 9, 9, 0, 0], [0, 6, 0, 0, 9, 9, 0, 0]], "output": [[6, 5, 5, 9], [5, 5, 5, 5], [6, 5, 0, 5], [5, 6, 5, 5]]}, {"input": [[4, 4, 0, 4, 0, 0, 0, 0], [4, 0, 4, 0, 5, 0, 0, 0], [4, 4, 4, 0, 0, 5, 0, 0], [0, 0, 0, 0, 0, 5, 5, 5], [0, 6, 0, 6, 9, 0, 9, 9], [0, 6, 0, 6, 9, 9, 0, 9], [0, 0, 6, 6, 0, 0, 9, 0], [6, 6, 6, 0, 0, 9, 9, 9]], "output": [[9, 6, 9, 6], [5, 6, 4, 6], [4, 5, 6, 6], [6, 5, 5, 5]]}, {"input": [[4, 4, 4, 0, 5, 5, 0, 0], [4, 4, 4, 0, 0, 0, 5, 5], [0, 0, 0, 0, 0, 0, 0, 5], [4, 0, 4, 4, 5, 0, 5, 5], [0, 0, 0, 0, 9, 9, 0, 0], [0, 0, 0, 6, 0, 0, 9, 9], [0, 0, 6, 6, 9, 0, 0, 9], [0, 6, 6, 0, 0, 0, 0, 9]], "output": [[5, 5, 4, 0], [4, 4, 5, 5], [9, 0, 6, 5], [5, 6, 5, 5]]}, {"input": [[4, 4, 0, 0, 0, 5, 0, 0], [4, 4, 4, 4, 0, 0, 0, 0], [4, 0, 4, 0, 0, 5, 5, 5], [0, 4, 0, 0, 0, 0, 5, 5], [0, 0, 6, 0, 9, 0, 0, 0], [0, 6, 0, 6, 9, 9, 9, 9], [6, 0, 0, 0, 9, 9, 0, 9], [6, 0, 6, 0, 0, 9, 0, 9]], "output": [[9, 5, 6, 0], [9, 6, 9, 6], [6, 5, 5, 5], [6, 9, 5, 5]]}, {"input": [[4, 4, 0, 4, 5, 5, 0, 5], [4, 0, 0, 0, 5, 0, 0, 5], [4, 0, 0, 4, 5, 0, 0, 5], [0, 4, 4, 4, 0, 0, 0, 0], [0, 0, 0, 6, 9, 0, 9, 0], [6, 0, 0, 0, 9, 9, 9, 9], [0, 6, 6, 6, 0, 9, 0, 0], [6, 0, 6, 6, 0, 0, 0, 0]], "output": [[5, 5, 9, 5], [5, 9, 9, 5], [5, 6, 6, 5], [6, 4, 6, 6]]}, {"input": [[0, 4, 4, 0, 0, 0, 0, 5], [4, 4, 4, 0, 0, 0, 5, 5], [4, 4, 4, 4, 5, 0, 5, 0], [4, 4, 0, 4, 5, 0, 5, 0], [6, 6, 6, 6, 0, 0, 9, 9], [6, 6, 6, 6, 0, 0, 0, 0], [6, 0, 0, 0, 9, 0, 0, 9], [0, 6, 0, 6, 0, 0, 0, 0]], "output": [[6, 6, 6, 5], [6, 6, 5, 5], [5, 4, 5, 9], [5, 6, 5, 6]]}, {"input": [[4, 4, 4, 0, 5, 5, 0, 5], [0, 4, 0, 4, 0, 5, 5, 5], [4, 4, 4, 0, 5, 0, 0, 5], [4, 4, 4, 4, 0, 0, 5, 5], [0, 0, 0, 6, 0, 0, 9, 0], [6, 6, 6, 0, 0, 0, 9, 0], [0, 6, 0, 6, 9, 0, 9, 0], [6, 6, 0, 6, 0, 0, 0, 0]], "output": [[5, 5, 9, 5], [6, 5, 5, 5], [5, 6, 9, 5], [6, 6, 5, 5]]}, {"input": [[0, 0, 4, 4, 5, 5, 0, 5], [4, 4, 0, 4, 5, 0, 0, 0], [0, 4, 0, 0, 0, 5, 0, 0], [0, 4, 4, 4, 5, 0, 0, 5], [0, 0, 0, 6, 9, 9, 0, 9], [0, 6, 0, 0, 9, 9, 9, 9], [6, 6, 0, 6, 9, 9, 9, 9], [6, 0, 6, 0, 0, 9, 0, 9]], "output": [[5, 5, 4, 5], [5, 6, 9, 9], [6, 5, 9, 6], [5, 9, 6, 5]]}, {"input": [[4, 4, 0, 4, 5, 0, 0, 0], [4, 4, 0, 4, 0, 0, 0, 5], [0, 4, 4, 0, 5, 5, 0, 0], [4, 0, 4, 0, 5, 5, 0, 0], [6, 0, 6, 6, 0, 9, 9, 9], [6, 6, 0, 0, 0, 0, 0, 9], [0, 6, 0, 6, 0, 0, 9, 9], [6, 0, 6, 0, 0, 0, 9, 0]], "output": [[5, 9, 6, 6], [6, 6, 0, 5], [5, 5, 9, 6], [5, 5, 6, 0]]}, {"input": [[4, 0, 0, 0, 0, 0, 0, 0], [4, 0, 4, 4, 5, 5, 0, 5], [4, 4, 4, 0, 5, 0, 5, 0], [0, 4, 4, 4, 0, 0, 0, 0], [0, 6, 6, 6, 0, 9, 0, 9], [6, 6, 6, 6, 9, 0, 0, 9], [6, 0, 0, 6, 9, 0, 0, 9], [0, 0, 6, 6, 9, 9, 9, 9]], "output": [[4, 6, 6, 6], [5, 5, 6, 5], [5, 4, 5, 6], [9, 9, 6, 6]]}, {"input": [[4, 4, 0, 0, 0, 5, 5, 0], [0, 0, 4, 0, 0, 0, 0, 0], [4, 0, 4, 0, 5, 5, 0, 5], [0, 0, 0, 0, 5, 5, 5, 5], [0, 6, 6, 6, 9, 0, 9, 0], [0, 6, 0, 6, 0, 0, 0, 0], [6, 6, 6, 6, 0, 0, 9, 0], [0, 0, 6, 0, 9, 9, 0, 9]], "output": [[9, 5, 5, 6], [0, 6, 4, 6], [5, 5, 6, 5], [5, 5, 5, 5]]}, {"input": [[0, 0, 4, 0, 0, 5, 5, 0], [4, 4, 0, 4, 0, 0, 5, 0], [4, 4, 0, 4, 0, 0, 5, 0], [0, 0, 0, 4, 0, 0, 5, 5], [0, 6, 6, 6, 9, 9, 0, 9], [6, 0, 0, 0, 9, 9, 9, 0], [0, 6, 6, 0, 9, 9, 0, 0], [6, 0, 0, 6, 9, 0, 9, 9]], "output": [[9, 5, 5, 6], [6, 9, 5, 4], [9, 6, 5, 4], [6, 0, 5, 5]]}, {"input": [[0, 4, 4, 0, 5, 5, 0, 0], [0, 4, 0, 4, 0, 5, 0, 0], [4, 4, 0, 0, 5, 5, 0, 5], [0, 0, 4, 4, 5, 5, 0, 0], [0, 0, 6, 0, 9, 9, 9, 0], [6, 0, 6, 6, 9, 9, 0, 9], [6, 6, 6, 0, 0, 9, 0, 9], [0, 6, 0, 0, 9, 9, 9, 9]], "output": [[5, 5, 6, 0], [6, 5, 6, 6], [5, 5, 6, 5], [5, 5, 9, 9]]}, {"input": [[4, 4, 0, 4, 5, 5, 5, 5], [0, 0, 0, 4, 5, 5, 5, 5], [0, 4, 0, 0, 5, 5, 0, 5], [0, 4, 0, 4, 5, 0, 0, 0], [0, 6, 0, 0, 9, 9, 0, 0], [0, 0, 0, 6, 9, 9, 9, 0], [0, 0, 6, 6, 0, 9, 9, 0], [0, 0, 0, 0, 9, 0, 9, 9]], "output": [[5, 5, 5, 5], [5, 5, 5, 5], [5, 5, 6, 5], [5, 4, 9, 9]]}, {"input": [[0, 4, 0, 4, 0, 0, 5, 0], [0, 0, 4, 4, 5, 5, 0, 5], [0, 4, 4, 0, 5, 5, 0, 0], [0, 0, 4, 0, 5, 0, 5, 5], [6, 6, 6, 6, 0, 9, 0, 9], [6, 0, 6, 6, 9, 9, 0, 0], [6, 6, 6, 6, 0, 0, 9, 9], [0, 0, 0, 0, 0, 9, 9, 0]], "output": [[6, 6, 5, 6], [5, 5, 6, 5], [5, 5, 6, 6], [5, 9, 5, 5]]}, {"input": [[4, 0, 4, 4, 0, 5, 5, 0], [0, 0, 4, 0, 5, 5, 5, 0], [4, 4, 4, 4, 5, 0, 0, 5], [0, 4, 0, 0, 5, 0, 5, 0], [0, 6, 0, 0, 9, 0, 9, 9], [6, 0, 6, 0, 0, 0, 9, 9], [6, 6, 0, 0, 9, 9, 0, 9], [6, 6, 0, 0, 9, 9, 9, 0]], "output": [[9, 5, 5, 9], [5, 5, 5, 9], [5, 6, 4, 5], [5, 6, 5, 0]]}, {"input": [[4, 0, 0, 4, 0, 5, 0, 0], [0, 0, 0, 0, 0, 0, 5, 5], [0, 0, 4, 4, 0, 0, 5, 0], [0, 4, 0, 0, 5, 5, 0, 0], [6, 6, 6, 0, 9, 0, 0, 9], [6, 6, 0, 0, 0, 0, 9, 0], [0, 0, 0, 0, 0, 9, 0, 9], [6, 0, 6, 0, 0, 9, 9, 0]], "output": [[6, 5, 6, 9], [6, 6, 5, 5], [0, 9, 5, 9], [5, 5, 6, 0]]}, {"input": [[4, 0, 0, 4, 0, 5, 5, 5], [0, 0, 4, 0, 5, 0, 0, 0], [0, 0, 0, 0, 0, 0, 0, 5], [4, 0, 4, 0, 0, 5, 0, 0], [6, 0, 0, 0, 0, 0, 9, 9], [6, 6, 0, 6, 0, 9, 0, 0], [6, 6, 6, 0, 9, 9, 9, 0], [0, 0, 0, 0, 9, 9, 9, 9]], "output": [[6, 5, 5, 5], [5, 6, 4, 6], [6, 6, 6, 5], [9, 5, 9, 9]]}, {"input": [[4, 0, 4, 0, 0, 5, 0, 0], [0, 0, 0, 0, 5, 0, 0, 0], [4, 4, 4, 0, 5, 0, 0, 0], [4, 0, 0, 0, 5, 0, 0, 0], [0, 6, 6, 0, 0, 0, 0, 0], [6, 6, 0, 0, 0, 9, 9, 0], [6, 6, 6, 6, 9, 9, 9, 0], [6, 0, 6, 6, 0, 9, 0, 0]], "output": [[4, 5, 6, 0], [5, 6, 9, 0], [5, 6, 6, 6], [5, 9, 6, 6]]}, {"input": [[4, 4, 4, 4, 0, 5, 5, 0], [4, 0, 0, 4, 5, 5, 5, 5], [0, 0, 0, 0, 0, 0, 0, 5], [4, 0, 0, 4, 0, 5, 0, 5], [0, 0, 0, 0, 9, 9, 9, 9], [0, 0, 0, 6, 0, 9, 0, 9], [6, 6, 0, 6, 0, 0, 9, 0], [0, 0, 0, 0, 9, 9, 9, 0]], "output": [[9, 5, 5, 9], [5, 5, 5, 5], [6, 6, 9, 5], [9, 5, 9, 5]]}, {"input": [[4, 4, 0, 0, 5, 5, 5, 5], [0, 4, 0, 4, 5, 5, 0, 0], [0, 4, 0, 4, 0, 0, 0, 0], [4, 4, 0, 0, 5, 0, 5, 0], [0, 6, 6, 0, 9, 0, 9, 9], [6, 0, 0, 6, 9, 9, 9, 9], [6, 0, 0, 0, 9, 9, 0, 0], [6, 6, 0, 6, 9, 9, 0, 9]], "output": [[5, 5, 5, 5], [5, 5, 9, 6], [6, 9, 0, 4], [5, 6, 5, 6]]}, {"input": [[4, 4, 4, 4, 0, 0, 0, 5], [0, 0, 0, 4, 5, 5, 5, 0], [0, 4, 4, 0, 5, 5, 0, 0], [0, 4, 0, 0, 0, 5, 0, 5], [0, 6, 0, 0, 9, 9, 9, 0], [6, 6, 0, 0, 0, 0, 0, 9], [0, 6, 6, 6, 9, 0, 0, 0], [0, 0, 0, 6, 9, 0, 0, 9]], "output": [[9, 6, 9, 5], [5, 5, 5, 9], [5, 5, 6, 6], [9, 5, 0, 5]]}, {"input": [[0, 0, 4, 4, 0, 0, 0, 0], [4, 4, 4, 0, 5, 0, 0, 5], [0, 4, 4, 4, 0, 0, 5, 5], [0, 4, 4, 0, 5, 5, 0, 0], [0, 0, 6, 6, 0, 0, 9, 0], [0, 0, 6, 0, 0, 9, 9, 9], [0, 6, 6, 0, 0, 9, 0, 0], [0, 6, 6, 6, 9, 0, 9, 0]], "output": [[0, 0, 6, 6], [5, 9, 6, 5], [0, 6, 5, 5], [5, 5, 6, 6]]}, {"input": [[4, 4, 0, 0, 0, 5, 0, 0], [0, 4, 0, 4, 0, 5, 0, 0], [0, 4, 4, 4, 5, 0, 0, 5], [4, 0, 0, 0, 5, 0, 0, 5], [0, 6, 6, 6, 9, 9, 0, 0], [0, 0, 0, 0, 0, 0, 9, 0], [6, 0, 0, 0, 9, 9, 9, 9], [0, 6, 0, 0, 0, 9, 0, 0]], "output": [[9, 5, 6, 6], [0, 5, 9, 4], [5, 9, 9, 5], [5, 6, 0, 5]]}, {"input": [[4, 4, 0, 0, 5, 5, 5, 5], [4, 0, 0, 4, 5, 5, 5, 0], [4, 0, 0, 0, 0, 0, 0, 5], [4, 4, 0, 4, 0, 5, 0, 0], [0, 6, 0, 6, 9, 0, 9, 9], [6, 0, 6, 0, 9, 9, 9, 9], [6, 6, 6, 6, 0, 0, 0, 0], [0, 6, 6, 0, 9, 9, 0, 0]], "output": [[5, 5, 5, 5], [5, 5, 5, 9], [6, 6, 6, 5], [9, 5, 6, 4]]}, {"input": [[4, 0, 0, 4, 0, 0, 0, 0], [0, 0, 0, 0, 5, 5, 5, 0], [0, 0, 4, 0, 5, 0, 5, 0], [4, 4, 4, 0, 0, 0, 5, 5], [6, 6, 6, 0, 9, 0, 0, 9], [0, 0, 6, 0, 9, 9, 0, 9], [6, 6, 0, 6, 9, 9, 0, 0], [0, 0, 0, 6, 0, 9, 0, 0]], "output": [[6, 6, 6, 9], [5, 5, 5, 9], [5, 6, 5, 6], [4, 9, 5, 5]]}, {"input": [[0, 0, 4, 0, 0, 0, 0, 0], [0, 0, 4, 0, 0, 5, 5, 0], [4, 4, 0, 4, 5, 0, 0, 0], [4, 4, 4, 0, 5, 5, 5, 5], [0, 6, 0, 0, 0, 0, 9, 9], [0, 0, 6, 6, 0, 9, 0, 9], [6, 6, 6, 6, 0, 0, 9, 0], [6, 0, 0, 6, 0, 9, 9, 0]], "output": [[0, 6, 9, 9], [0, 5, 5, 6], [5, 6, 6, 6], [5, 5, 5, 5]]}, {"input": [[4, 4, 4, 0, 5, 5, 5, 0], [0, 0, 4, 4, 0, 0, 0, 0], [4, 4, 0, 4, 5, 5, 0, 5], [0, 4, 4, 4, 5, 0, 0, 5], [6, 0, 6, 0, 0, 0, 0, 9], [0, 0, 6, 0, 9, 9, 9, 9], [6, 6, 6, 0, 0, 0, 0, 0], [0, 0, 6, 0, 9, 0, 0, 0]], "output": [[5, 5, 5, 9], [9, 9, 6, 9], [5, 5, 6, 5], [5, 4, 6, 5]]}, {"input": [[0, 0, 4, 0, 0, 5, 0, 5], [0, 4, 0, 4, 5, 5, 5, 0], [0, 4, 4, 0, 0, 5, 0, 0], [4, 4, 4, 4, 5, 0, 5, 0], [0, 6, 6, 0, 9, 0, 0, 9], [0, 0, 6, 6, 9, 9, 0, 0], [0, 0, 6, 6, 9, 9, 0, 0], [6, 0, 6, 6, 9, 9, 9, 9]], "output": [[9, 5, 6, 5], [5, 5, 5, 6], [9, 5, 6, 6], [5, 9, 5, 6]]}, {"input": [[0, 0, 4, 0, 5, 5, 0, 0], [4, 4, 0, 4, 5, 0, 0, 5], [0, 0, 4, 4, 0, 5, 0, 5], [0, 0, 0, 0, 5, 5, 0, 0], [6, 0, 0, 6, 0, 9, 9, 0], [0, 6, 0, 0, 0, 9, 0, 9], [6, 0, 6, 0, 0, 9, 0, 9], [6, 6, 6, 6, 9, 0, 0, 0]], "output": [[5, 5, 9, 6], [5, 6, 0, 5], [6, 5, 6, 5], [5, 5, 6, 6]]}, {"input": [[0, 0, 0, 4, 5, 0, 0, 5], [4, 4, 0, 0, 5, 5, 5, 5], [4, 4, 4, 4, 0, 5, 5, 0], [0, 0, 4, 4, 5, 0, 5, 0], [0, 6, 6, 6, 9, 9, 9, 0], [6, 0, 0, 0, 9, 0, 0, 0], [6, 6, 6, 0, 0, 9, 9, 0], [6, 0, 6, 6, 0, 9, 9, 0]], "output": [[5, 6, 6, 5], [5, 5, 5, 5], [6, 5, 5, 4], [5, 9, 5, 6]]}, {"input": [[0, 4, 0, 4, 5, 0, 0, 5], [0, 0, 4, 4, 0, 0, 5, 5], [4, 4, 4, 4, 5, 0, 0, 0], [0, 0, 0, 0, 0, 0, 5, 0], [6, 6, 0, 0, 0, 0, 9, 0], [6, 6, 0, 0, 9, 0, 0, 0], [6, 0, 6, 6, 9, 9, 0, 0], [6, 6, 0, 6, 9, 9, 0, 9]], "output": [[5, 6, 9, 5], [6, 6, 5, 5], [5, 9, 6, 6], [6, 6, 5, 6]]}, {"input": [[0, 0, 4, 0, 0, 5, 0, 0], [4, 4, 0, 4, 0, 5, 5, 5], [0, 4, 0, 4, 5, 0, 0, 0], [0, 0, 4, 0, 0, 5, 0, 5], [0, 0, 0, 0, 0, 0, 0, 9], [6, 0, 6, 6, 9, 9, 9, 9], [0, 6, 0, 0, 0, 0, 9, 0], [0, 0, 0, 6, 9, 9, 0, 9]], "output": [[0, 5, 4, 9], [6, 5, 5, 5], [5, 6, 9, 4], [9, 5, 4, 5]]}, {"input": [[0, 0, 0, 0, 0, 5, 5, 5], [0, 4, 0, 4, 5, 5, 0, 0], [4, 0, 0, 4, 5, 0, 5, 5], [4, 4, 4, 0, 5, 5, 5, 5], [0, 0, 6, 6, 9, 9, 9, 9], [0, 0, 0, 0, 0, 0, 9, 0], [0, 6, 6, 6, 9, 9, 9, 9], [6, 6, 0, 0, 0, 0, 0, 0]], "output": [[9, 5, 5, 5], [5, 5, 9, 4], [5, 6, 5, 5], [5, 5, 5, 5]]}, {"input": [[0, 4, 0, 0, 0, 0, 5, 5], [0, 4, 4, 4, 5, 0, 0, 0], [4, 0, 4, 4, 5, 5, 0, 0], [4, 0, 4, 0, 0, 0, 5, 5], [0, 0, 0, 6, 9, 9, 0, 9], [0, 6, 6, 6, 0, 9, 0, 9], [6, 0, 0, 6, 9, 0, 9, 0], [0, 0, 6, 0, 9, 9, 9, 9]], "output": [[9, 9, 5, 5], [5, 6, 6, 6], [5, 5, 9, 6], [9, 9, 5, 5]]}, {"input": [[0, 4, 4, 0, 0, 5, 5, 0], [0, 4, 0, 0, 5, 5, 0, 0], [4, 4, 0, 4, 5, 0, 0, 5], [4, 0, 0, 0, 5, 0, 0, 5], [0, 6, 6, 6, 9, 0, 9, 9], [0, 6, 6, 0, 9, 9, 0, 0], [0, 0, 6, 0, 0, 0, 0, 0], [6, 0, 6, 6, 0, 9, 9, 0]], "output": [[9, 5, 5, 6], [5, 5, 6, 0], [5, 4, 6, 5], [5, 9, 6, 5]]}, {"input": [[4, 0, 0, 0, 0, 0, 0, 0], [4, 4, 4, 0, 0, 0, 5, 5], [0, 4, 0, 0, 5, 5, 5, 0], [4, 4, 4, 0, 0, 0, 5, 0], [6, 0, 0, 0, 0, 0, 9, 9], [0, 0, 0, 6, 9, 0, 9, 9], [6, 6, 6, 0, 9, 0, 9, 0], [0, 0, 0, 6, 9, 0, 0, 9]], "output": [[6, 0, 9, 9], [9, 4, 5, 5], [5, 5, 5, 0], [9, 4, 5, 6]]}, {"input": [[0, 4, 4, 4, 5, 0, 0, 0], [0, 4, 0, 4, 5, 0, 0, 5], [0, 4, 4, 0, 5, 5, 0, 5], [4, 0, 4, 0, 0, 5, 0, 5], [0, 0, 0, 0, 0, 9, 9, 0], [0, 6, 6, 0, 0, 9, 0, 0], [0, 6, 6, 6, 0, 0, 0, 0], [6, 0, 6, 6, 0, 9, 9, 9]], "output": [[5, 9, 9, 4], [5, 6, 6, 5], [5, 5, 6, 5], [6, 5, 6, 5]]}, {"input": [[4, 4, 4, 0, 5, 0, 5, 5], [4, 4, 0, 0, 0, 0, 5, 0], [4, 4, 4, 0, 5, 0, 5, 0], [0, 0, 0, 0, 5, 0, 5, 5], [0, 0, 6, 6, 0, 0, 9, 9], [0, 6, 0, 6, 9, 9, 0, 0], [0, 0, 6, 6, 9, 0, 0, 0], [6, 6, 0, 0, 9, 9, 0, 9]], "output": [[5, 4, 5, 5], [9, 6, 5, 6], [5, 4, 5, 6], [5, 6, 5, 5]]}, {"input": [[0, 0, 0, 4, 5, 5, 0, 0], [0, 4, 0, 0, 5, 0, 0, 5], [0, 0, 0, 0, 5, 5, 5, 0], [0, 0, 0, 4, 5, 5, 0, 5], [0, 0, 6, 6, 0, 0, 0, 9], [6, 6, 0, 0, 0, 9, 0, 9], [6, 6, 6, 6, 0, 0, 0, 0], [0, 6, 6, 0, 0, 0, 9, 9]], "output": [[5, 5, 6, 6], [5, 6, 0, 5], [5, 5, 5, 6], [5, 5, 6, 5]]}, {"input": [[0, 0, 4, 0, 5, 5, 5, 5], [4, 0, 4, 4, 0, 5, 5, 0], [0, 4, 0, 4, 5, 5, 5, 0], [4, 0, 0, 4, 5, 0, 5, 5], [6, 6, 6, 0, 0, 9, 9, 9], [0, 6, 0, 6, 9, 0, 0, 0], [0, 0, 0, 0, 0, 0, 0, 9], [0, 0, 6, 6, 0, 9, 9, 9]], "output": [[5, 5, 5, 5], [9, 5, 5, 6], [5, 5, 5, 9], [5, 9, 5, 5]]}, {"input": [[4, 0, 4, 4, 5, 5, 5, 5], [4, 4, 4, 4, 5, 0, 0, 0], [4, 0, 0, 0, 0, 0, 0, 5], [0, 4, 4, 4, 0, 0, 5, 5], [6, 0, 0, 0, 9, 9, 9, 9], [6, 0, 6, 0, 9, 9, 9, 0], [6, 0, 0, 0, 0, 9, 0, 9], [6, 6, 0, 6, 9, 0, 0, 9]], "output": [[5, 5, 5, 5], [5, 9, 6, 4], [6, 9, 0, 5], [6, 6, 5, 5]]}, {"input": [[0, 0, 0, 0, 0, 5, 0, 0], [0, 0, 0, 4, 0, 5, 0, 5], [4, 4, 0, 0, 0, 0, 0, 5], [0, 0, 0, 0, 5, 0, 5, 5], [0, 6, 6, 0, 0, 0, 0, 0], [6, 6, 6, 0, 0, 9, 9, 0], [0, 0, 6, 6, 9, 0, 0, 9], [6, 6, 6, 6, 9, 9, 0, 0]], "output": [[0, 5, 6, 0], [6, 5, 6, 5], [9, 4, 6, 5], [5, 6, 5, 5]]}, {"input": [[0, 4, 4, 4, 5, 5, 0, 0], [0, 4, 4, 0, 5, 0, 5, 0], [0, 0, 4, 4, 5, 0, 5, 0], [0, 0, 0, 0, 5, 0, 5, 5], [0, 0, 6, 0, 9, 0, 0, 9], [0, 6, 0, 6, 0, 9, 9, 0], [0, 6, 0, 0, 0, 0, 9, 9], [6, 0, 0, 6, 0, 0, 9, 9]], "output": [[5, 5, 6, 9], [5, 6, 5, 6], [5, 6, 5, 9], [5, 0, 5, 5]]}, {"input": [[0, 4, 4, 0, 5, 5, 5, 5], [0, 4, 4, 0, 0, 5, 5, 5], [0, 0, 0, 0, 0, 5, 0, 0], [4, 4, 0, 0, 0, 0, 0, 0], [0, 0, 0, 6, 0, 0, 0, 0], [6, 6, 0, 6, 0, 9, 9, 0], [0, 6, 6, 6, 0, 0, 9, 0], [0, 0, 6, 0, 9, 0, 0, 0]], "output": [[5, 5, 5, 5], [6, 5, 5, 5], [0, 5, 6, 6], [9, 4, 6, 0]]}, {"input": [[0, 0, 4, 4, 5, 5, 5, 5], [4, 0, 0, 0, 5, 0, 5, 0], [0, 0, 0, 4, 0, 5, 0, 5], [4, 0, 4, 4, 0, 5, 0, 0], [6, 0, 6, 6, 0, 9, 0, 0], [6, 6, 6, 0, 9, 0, 0, 9], [0, 0, 0, 6, 0, 0, 0, 0], [6, 0, 0, 6, 9, 0, 0, 9]], "output": [[5, 5, 5, 5], [5, 6, 5, 9], [0, 5, 0, 5], [6, 5, 4, 6]]}, {"input": [[4, 0, 0, 4, 0, 0, 0, 0], [0, 4, 0, 0, 5, 5, 5, 0], [0, 0, 4, 4, 5, 0, 0, 5], [0, 0, 0, 4, 5, 5, 0, 5], [0, 0, 6, 0, 9, 0, 0, 9], [6, 6, 0, 6, 9, 9, 9, 9], [0, 6, 0, 0, 0, 9, 9, 9], [0, 6, 6, 0, 0, 0, 0, 0]], "output": [[9, 0, 6, 9], [5, 5, 5, 6], [5, 6, 9, 5], [5, 5, 6, 5]]}, {"input": [[0, 4, 4, 0, 0, 5, 5, 0], [0, 0, 4, 4, 5, 5, 0, 0], [4, 0, 0, 0, 5, 0, 5, 0], [0, 0, 0, 0, 5, 5, 5, 0], [6, 6, 0, 0, 9, 0, 9, 0], [6, 6, 0, 6, 9, 9, 9, 0], [0, 0, 0, 0, 0, 9, 0, 0], [6, 6, 6, 6, 0, 0, 0, 0]], "output": [[6, 5, 5, 0], [5, 5, 9, 6], [5, 9, 5, 0], [5, 5, 5, 6]]}, {"input": [[0, 0, 0, 0, 0, 0, 0, 0], [4, 4, 0, 0, 0, 0, 5, 0], [4, 0, 4, 0, 0, 5, 0, 0], [0, 4, 4, 4, 0, 0, 5, 0], [0, 6, 0, 0, 9, 9, 9, 0], [6, 6, 0, 0, 0, 9, 9, 0], [6, 6, 0, 0, 9, 9, 0, 9], [6, 6, 0, 0, 9, 9, 0, 0]], "output": [[9, 6, 9, 0], [6, 6, 5, 0], [6, 5, 4, 9], [6, 6, 5, 4]]}, {"input": [[0, 0, 0, 0, 0, 0, 0, 5], [0, 4, 0, 0, 5, 5, 5, 0], [4, 4, 0, 4, 5, 5, 0, 0], [4, 4, 0, 0, 5, 0, 0, 0], [0, 6, 0, 6, 9, 0, 0, 0], [6, 6, 0, 6, 0, 9, 0, 0], [6, 6, 0, 6, 9, 9, 9, 0], [0, 6, 6, 0, 0, 0, 9, 9]], "output": [[9, 6, 0, 5], [5, 5, 5, 6], [5, 5, 9, 6], [5, 6, 6, 9]]}, {"input": [[4, 0, 4, 4, 5, 0, 5, 0], [4, 4, 0, 0, 5, 5, 5, 5], [0, 0, 4, 4, 5, 0, 0, 0], [0, 0, 0, 4, 5, 5, 5, 0], [0, 6, 0, 0, 9, 0, 0, 9], [0, 0, 0, 0, 9, 0, 9, 9], [0, 6, 0, 6, 9, 0, 0, 0], [6, 0, 6, 6, 9, 0, 0, 0]], "output": [[5, 6, 5, 9], [5, 5, 5, 5], [5, 6, 4, 6], [5, 5, 5, 6]]}, {"input": [[4, 0, 4, 4, 5, 0, 5, 0], [4, 0, 4, 0, 0, 0, 5, 5], [4, 4, 0, 0, 5, 5, 5, 5], [4, 4, 4, 4, 5, 0, 5, 0], [6, 6, 0, 6, 9, 0, 9, 0], [0, 0, 6, 0, 9, 9, 9, 9], [0, 0, 6, 6, 0, 9, 0, 0], [0, 0, 0, 0, 9, 0, 0, 9]], "output": [[5, 6, 5, 6], [9, 9, 5, 5], [5, 5, 5, 5], [5, 4, 5, 9]]}, {"input": [[0, 0, 4, 0, 0, 5, 5, 5], [0, 0, 4, 0, 5, 0, 5, 0], [0, 0, 4, 4, 5, 5, 0, 0], [4, 0, 0, 0, 5, 0, 5, 0], [0, 0, 0, 0, 9, 9, 9, 9], [0, 0, 6, 6, 0, 0, 9, 0], [0, 0, 6, 6, 0, 9, 9, 9], [6, 6, 0, 6, 9, 0, 9, 9]], "output": [[9, 5, 5, 5], [5, 0, 5, 6], [5, 5, 6, 6], [5, 6, 5, 6]]}, {"input": [[0, 0, 4, 4, 0, 0, 0, 0], [4, 0, 4, 0, 5, 0, 5, 0], [4, 0, 4, 0, 0, 0, 5, 0], [0, 4, 0, 0, 5, 0, 5, 0], [6, 6, 0, 0, 9, 0, 9, 9], [6, 6, 0, 0, 9, 9, 0, 9], [0, 0, 6, 6, 0, 0, 0, 9], [0, 0, 6, 0, 0, 0, 9, 0]], "output": [[6, 6, 9, 9], [5, 6, 5, 9], [4, 0, 5, 6], [5, 4, 5, 0]]}, {"input": [[0, 4, 4, 4, 5, 5, 0, 5], [0, 0, 0, 4, 0, 5, 0, 5], [4, 4, 4, 4, 0, 0, 0, 5], [4, 0, 4, 0, 0, 5, 0, 0], [0, 6, 0, 0, 0, 0, 0, 9], [6, 6, 6, 0, 0, 0, 0, 0], [6, 0, 0, 0, 0, 0, 0, 9], [6, 6, 0, 6, 9, 0, 0, 0]], "output": [[5, 5, 4, 5], [6, 5, 6, 5], [6, 4, 4, 5], [6, 5, 4, 6]]}, {"input": [[4, 0, 0, 0, 5, 0, 0, 0], [4, 4, 4, 0, 5, 5, 5, 5], [0, 0, 4, 0, 0, 5, 5, 5], [0, 4, 4, 4, 5, 5, 5, 5], [0, 0, 0, 0, 0, 9, 9, 9], [0, 0, 0, 0, 9, 9, 9, 9], [0, 0, 0, 6, 9, 9, 0, 9], [6, 6, 6, 0, 9, 0, 9, 0]], "output": [[5, 9, 9, 9], [5, 5, 5, 5], [9, 5, 5, 5], [5, 5, 5, 5]]}, {"input": [[0, 0, 0, 0, 5, 5, 0, 0], [0, 0, 4, 0, 0, 5, 5, 5], [0, 0, 4, 0, 0, 0, 5, 5], [4, 4, 0, 4, 5, 0, 5, 5], [0, 0, 0, 0, 0, 9, 9, 9], [0, 6, 0, 0, 0, 9, 0, 0], [6, 0, 0, 0, 0, 0, 9, 0], [0, 0, 0, 6, 9, 9, 0, 9]], "output": [[5, 5, 9, 9], [0, 5, 5, 5], [6, 0, 5, 5], [5, 9, 5, 5]]}, {"input": [[4, 4, 0, 0, 0, 0, 0, 5], [4, 0, 4, 4, 0, 0, 0, 5], [0, 0, 4, 0, 5, 0, 5, 0], [0, 4, 4, 0, 5, 0, 0, 5], [6, 0, 0, 6, 0, 0, 0, 0], [6, 0, 0, 0, 9, 0, 0, 9], [6, 0, 0, 6, 9, 9, 9, 0], [0, 6, 0, 6, 9, 0, 9, 0]], "output": [[6, 4, 0, 5], [6, 0, 4, 5], [5, 9, 5, 6], [5, 6, 9, 5]]}, {"input": [[0, 4, 4, 4, 5, 0, 5, 5], [4, 0, 4, 0, 0, 5, 0, 5], [0, 4, 0, 0, 5, 0, 0, 0], [0, 0, 4, 4, 5, 0, 5, 0], [6, 6, 6, 0, 0, 9, 0, 9], [0, 0, 0, 0, 0, 9, 0, 9], [0, 0, 6, 0, 0, 0, 0, 9], [0, 6, 0, 6, 0, 0, 9, 9]], "output": [[5, 6, 5, 5], [4, 5, 4, 5], [5, 4, 6, 9], [5, 6, 5, 6]]}, {"input": [[0, 0, 4, 4, 0, 0, 5, 5], [0, 0, 4, 0, 0, 5, 5, 5], [4, 4, 4, 4, 0, 0, 0, 0], [4, 0, 0, 4, 0, 5, 5, 0], [6, 0, 6, 6, 9, 9, 9, 9], [0, 6, 0, 6, 0, 0, 0, 0], [0, 0, 0, 0, 9, 9, 0, 9], [0, 0, 6, 0, 0, 9, 0, 9]], "output": [[6, 9, 5, 5], [0, 5, 5, 5], [9, 9, 4, 9], [4, 5, 5, 9]]}, {"input": [[4, 0, 4, 4, 0, 0, 0, 0], [0, 0, 4, 0, 0, 5, 0, 0], [0, 0, 4, 0, 5, 5, 5, 5], [0, 0, 4, 0, 5, 5, 5, 5], [6, 0, 0, 0, 9, 0, 9, 9], [0, 0, 0, 0, 0, 9, 9, 0], [0, 6, 6, 6, 0, 9, 0, 9], [0, 0, 0, 6, 0, 0, 0, 9]], "output": [[6, 0, 9, 9], [0, 5, 9, 0], [5, 5, 5, 5], [5, 5, 5, 5]]}, {"input": [[0, 0, 4, 4, 0, 5, 5, 5], [0, 0, 4, 0, 5, 0, 5, 5], [4, 0, 4, 0, 0, 5, 5, 0], [4, 0, 0, 4, 5, 5, 5, 0], [6, 6, 0, 0, 9, 0, 9, 0], [6, 0, 6, 0, 9, 0, 0, 0], [0, 0, 6, 0, 9, 9, 0, 9], [0, 0, 6, 0, 0, 9, 0, 0]], "output": [[6, 5, 5, 5], [5, 0, 5, 5], [9, 5, 5, 9], [5, 5, 5, 4]]}, {"input": [[4, 0, 0, 4, 5, 0, 0, 5], [0, 4, 4, 4, 0, 5, 5, 5], [4, 0, 0, 4, 5, 0, 5, 0], [0, 0, 4, 4, 5, 5, 0, 0], [0, 0, 0, 0, 0, 9, 9, 9], [0, 0, 6, 0, 0, 9, 0, 9], [6, 0, 6, 6, 9, 0, 0, 9], [6, 0, 0, 0, 0, 0, 0, 9]], "output": [[5, 9, 9, 5], [0, 5, 5, 5], [5, 0, 5, 6], [5, 5, 4, 9]]}, {"input": [[0, 0, 4, 4, 0, 0, 0, 0], [4, 4, 4, 4, 5, 5, 0, 5], [0, 4, 4, 4, 5, 0, 0, 0], [4, 4, 0, 4, 5, 0, 0, 5], [0, 6, 6, 6, 0, 0, 9, 9], [6, 0, 0, 6, 0, 9, 0, 9], [6, 0, 6, 0, 0, 0, 0, 0], [6, 6, 0, 6, 9, 9, 9, 0]], "output": [[0, 6, 6, 6], [5, 5, 4, 5], [5, 4, 6, 4], [5, 6, 9, 5]]}, {"input": [[0, 4, 4, 4, 5, 5, 5, 5], [4, 0, 0, 4, 5, 5, 0, 5], [0, 0, 0, 0, 5, 5, 0, 0], [4, 4, 4, 4, 5, 5, 5, 0], [6, 6, 0, 6, 9, 0, 9, 0], [6, 6, 6, 0, 9, 9, 9, 9], [0, 6, 0, 0, 0, 0, 9, 9], [0, 6, 6, 0, 9, 0, 0, 9]], "output": [[5, 5, 5, 5], [5, 5, 6, 5], [5, 5, 9, 9], [5, 5, 5, 9]]}, {"input": [[4, 0, 4, 0, 0, 5, 0, 0], [0, 4, 0, 4, 5, 5, 0, 0], [0, 4, 0, 0, 0, 0, 5, 0], [4, 4, 4, 4, 5, 5, 0, 5], [0, 0, 6, 6, 9, 9, 9, 0], [0, 6, 0, 0, 9, 0, 0, 9], [0, 6, 6, 6, 0, 0, 9, 0], [6, 6, 0, 6, 0, 0, 9, 9]], "output": [[9, 5, 6, 6], [5, 5, 0, 9], [0, 6, 5, 6], [5, 5, 9, 5]]}, {"input": [[4, 0, 4, 4, 0, 5, 5, 5], [0, 4, 0, 4, 0, 0, 0, 0], [4, 0, 0, 0, 0, 0, 0, 5], [0, 0, 4, 0, 0, 5, 0, 5], [6, 0, 6, 0, 9, 9, 9, 9], [6, 6, 0, 0, 9, 9, 0, 9], [6, 6, 6, 0, 0, 9, 0, 9], [6, 0, 6, 6, 9, 9, 9, 9]], "output": [[6, 5, 5, 5], [6, 6, 0, 9], [6, 6, 6, 5], [6, 5, 6, 5]]}, {"input": [[4, 0, 4, 0, 5, 5, 5, 5], [4, 0, 0, 4, 0, 5, 5, 0], [4, 0, 4, 4, 0, 0, 0, 5], [0, 4, 0, 4, 5, 0, 5, 0], [6, 6, 6, 0, 9, 9, 9, 9], [0, 0, 0, 6, 0, 9, 0, 9], [6, 0, 0, 0, 0, 0, 9, 9], [6, 6, 0, 6, 9, 0, 9, 0]], "output": [[5, 5, 5, 5], [4, 5, 5, 6], [6, 0, 9, 5], [5, 6, 5, 6]]}, {"input": [[0, 0, 4, 4, 5, 0, 0, 0], [4, 0, 4, 0, 0, 5, 0, 5], [4, 0, 0, 4, 5, 5, 0, 0], [0, 0, 4, 0, 5, 5, 5, 5], [6, 6, 6, 0, 0, 9, 9, 9], [0, 6, 6, 0, 0, 0, 0, 0], [0, 0, 6, 6, 0, 9, 0, 0], [6, 6, 6, 0, 9, 0, 9, 0]], "output": [[5, 6, 6, 9], [4, 5, 6, 5], [5, 5, 6, 6], [5, 5, 5, 5]]}, {"input": [[0, 4, 0, 4, 5, 5, 0, 5], [0, 4, 4, 4, 0, 0, 0, 0], [0, 0, 0, 4, 5, 0, 5, 5], [4, 0, 4, 0, 5, 5, 5, 5], [0, 0, 0, 0, 0, 9, 9, 9], [0, 6, 6, 0, 9, 0, 9, 9], [6, 6, 6, 0, 9, 9, 9, 0], [6, 6, 6, 6, 9, 9, 9, 0]], "output": [[5, 5, 9, 5], [9, 6, 6, 9], [5, 6, 5, 5], [5, 5, 5, 5]]}, {"input": [[4, 0, 4, 4, 0, 0, 0, 0], [4, 0, 0, 0, 5, 0, 0, 5], [0, 4, 0, 4, 5, 5, 0, 5], [4, 4, 0, 0, 0, 5, 5, 0], [6, 6, 6, 0, 9, 0, 0, 9], [6, 0, 6, 6, 9, 0, 0, 9], [6, 0, 6, 0, 9, 9, 0, 0], [6, 0, 0, 6, 9, 9, 9, 0]], "output": [[6, 6, 6, 9], [5, 0, 6, 5], [5, 5, 6, 5], [6, 5, 5, 6]]}, {"input": [[4, 0, 4, 4, 0, 0, 5, 5], [4, 0, 4, 4, 0, 5, 0, 5], [4, 0, 4, 4, 5, 5, 5, 0], [0, 0, 4, 0, 0, 5, 0, 5], [0, 0, 6, 0, 0, 9, 0, 0], [0, 6, 0, 0, 0, 0, 9, 9], [0, 6, 6, 0, 9, 9, 9, 0], [6, 6, 0, 0, 0, 0, 0, 9]], "output": [[4, 9, 5, 5], [4, 5, 9, 5], [5, 5, 5, 4], [6, 5, 4, 5]]}, {"input": [[4, 4, 0, 4, 0, 0, 5, 0], [4, 4, 0, 0, 5, 0, 5, 0], [4, 0, 4, 0, 5, 0, 0, 0], [4, 4, 0, 4, 5, 0, 0, 5], [0, 6, 0, 6, 9, 0, 9, 9], [6, 6, 6, 6, 9, 9, 9, 0], [6, 6, 6, 0, 0, 0, 9, 9], [0, 0, 6, 0, 0, 0, 0, 9]], "output": [[9, 6, 5, 6], [5, 6, 5, 6], [5, 6, 6, 9], [5, 4, 6, 5]]}, {"input": [[4, 0, 4, 4, 5, 5, 5, 5], [0, 4, 0, 4, 0, 5, 0, 5], [4, 4, 4, 0, 0, 0, 0, 5], [4, 4, 4, 4, 5, 0, 0, 0], [0, 6, 6, 0, 0, 0, 0, 0], [6, 0, 0, 0, 0, 0, 0, 9], [6, 6, 0, 6, 9, 9, 9, 9], [6, 0, 6, 0, 9, 0, 0, 9]], "output": [[5, 5, 5, 5], [6, 5, 0, 5], [6, 6, 9, 5], [5, 4, 6, 9]]}, {"input": [[0, 4, 4, 0, 0, 5, 0, 0], [0, 4, 4, 0, 0, 5, 5, 5], [0, 0, 0, 0, 5, 0, 0, 5], [4, 0, 4, 4, 5, 5, 0, 5], [6, 0, 6, 0, 0, 0, 9, 9], [0, 0, 0, 0, 9, 9, 9, 9], [6, 0, 0, 0, 9, 9, 9, 0], [0, 6, 0, 0, 9, 0, 0, 9]], "output": [[6, 5, 6, 9], [9, 5, 5, 5], [5, 9, 9, 5], [5, 5, 4, 5]]}, {"input": [[4, 4, 4, 0, 5, 5, 0, 0], [0, 0, 0, 0, 5, 5, 0, 0], [0, 4, 4, 0, 0, 0, 5, 5], [4, 4, 4, 0, 5, 5, 5, 0], [0, 0, 6, 0, 9, 9, 9, 0], [6, 6, 0, 0, 0, 9, 0, 0], [6, 6, 6, 6, 9, 9, 9, 0], [0, 6, 6, 6, 9, 0, 0, 9]], "output": [[5, 5, 6, 0], [5, 5, 0, 0], [6, 6, 5, 5], [5, 5, 5, 6]]}, {"input": [[0, 0, 0, 0, 0, 0, 0, 5], [4, 4, 0, 4, 0, 0, 5, 5], [0, 0, 0, 4, 5, 5, 0, 0], [4, 0, 4, 0, 5, 0, 0, 5], [0, 0, 6, 0, 0, 9, 9, 9], [0, 6, 6, 6, 9, 9, 9, 9], [0, 0, 6, 6, 9, 9, 0, 0], [0, 0, 6, 6, 0, 9, 0, 9]], "output": [[0, 9, 6, 5], [9, 6, 5, 5], [5, 5, 6, 6], [5, 9, 6, 5]]}, {"input": [[4, 0, 0, 4, 0, 0, 5, 5], [0, 0, 4, 4, 0, 5, 0, 0], [0, 0, 4, 0, 5, 0, 5, 0], [0, 0, 4, 4, 0, 0, 0, 5], [0, 0, 0, 0, 0, 9, 0, 9], [6, 6, 6, 0, 0, 0, 0, 0], [0, 6, 0, 0, 9, 0, 9, 9], [0, 6, 6, 0, 0, 9, 9, 9]], "output": [[4, 9, 5, 5], [6, 5, 6, 4], [5, 6, 5, 9], [0, 6, 6, 5]]}, {"input": [[4, 0, 4, 4, 0, 0, 0, 0], [0, 0, 4, 4, 5, 5, 0, 5], [4, 4, 0, 4, 5, 5, 0, 5], [4, 0, 0, 0, 5, 5, 5, 0], [0, 6, 0, 0, 0, 0, 9, 9], [0, 6, 0, 0, 0, 0, 9, 0], [6, 0, 6, 0, 0, 9, 0, 0], [6, 0, 6, 6, 9, 9, 9, 0]], "output": [[4, 6, 9, 9], [5, 5, 9, 5], [5, 5, 6, 5], [5, 5, 5, 6]]}, {"input": [[0, 0, 4, 4, 0, 0, 5, 5], [0, 0, 4, 4, 5, 5, 0, 0], [0, 4, 0, 4, 5, 5, 5, 5], [4, 0, 0, 0, 0, 0, 0, 5], [0, 6, 0, 0, 9, 9, 0, 0], [6, 6, 0, 6, 0, 0, 9, 0], [0, 6, 0, 6, 0, 9, 0, 0], [0, 0, 0, 6, 0, 9, 0, 0]], "output": [[9, 6, 5, 5], [5, 5, 9, 6], [5, 5, 5, 5], [4, 9, 0, 5]]}, {"input": [[4, 0, 4, 0, 0, 5, 5, 5], [0, 4, 0, 4, 0, 0, 0, 5], [0, 4, 4, 4, 0, 0, 5, 0], [4, 4, 0, 4, 0, 0, 0, 0], [6, 6, 0, 0, 0, 9, 9, 0], [0, 0, 0, 0, 0, 9, 9, 0], [6, 6, 0, 6, 9, 9, 9, 9], [0, 6, 0, 0, 0, 0, 9, 0]], "output": [[6, 5, 5, 5], [0, 9, 9, 5], [6, 6, 5, 6], [4, 6, 9, 4]]}, {"input": [[0, 4, 0, 0, 5, 0, 5, 5], [0, 4, 4, 0, 0, 0, 0, 0], [0, 4, 0, 0, 0, 5, 5, 5], [4, 0, 0, 4, 5, 0, 0, 0], [6, 6, 6, 0, 9, 0, 9, 9], [0, 6, 6, 6, 9, 0, 0, 9], [6, 0, 0, 0, 0, 0, 9, 9], [6, 6, 0, 0, 0, 0, 0, 0]], "output": [[5, 6, 5, 5], [9, 6, 6, 6], [6, 5, 5, 5], [5, 6, 0, 4]]}, {"input": [[4, 4, 4, 4, 5, 5, 5, 5], [0, 4, 0, 4, 0, 0, 5, 0], [0, 0, 4, 4, 5, 5, 0, 0], [0, 0, 4, 0, 0, 5, 5, 5], [6, 0, 6, 6, 9, 9, 0, 0], [6, 0, 6, 0, 0, 9, 9, 9], [0, 6, 6, 6, 9, 0, 9, 0], [0, 0, 6, 0, 9, 0, 9, 0]], "output": [[5, 5, 5, 5], [6, 9, 5, 9], [5, 5, 6, 6], [9, 5, 5, 5]]}, {"input": [[0, 4, 4, 4, 5, 5, 5, 5], [0, 4, 0, 4, 5, 5, 5, 0], [4, 0, 4, 0, 0, 0, 0, 0], [4, 0, 0, 0, 5, 0, 0, 5], [6, 0, 0, 0, 9, 9, 0, 9], [6, 0, 0, 0, 0, 9, 9, 0], [6, 0, 6, 6, 9, 9, 9, 0], [6, 6, 6, 0, 9, 9, 0, 0]], "output": [[5, 5, 5, 5], [5, 5, 5, 4], [6, 9, 6, 6], [5, 6, 6, 5]]}, {"input": [[0, 4, 0, 4, 0, 5, 5, 5], [4, 4, 0, 4, 0, 0, 0, 0], [4, 0, 0, 4, 0, 5, 5, 0], [0, 0, 0, 4, 0, 5, 5, 0], [0, 6, 0, 0, 9, 0, 0, 9], [0, 0, 6, 6, 0, 0, 0, 0], [0, 0, 0, 6, 9, 9, 0, 9], [0, 0, 0, 6, 9, 0, 9, 0]], "output": [[9, 5, 5, 5], [4, 4, 6, 6], [9, 5, 5, 6], [9, 5, 5, 6]]}, {"input": [[4, 4, 4, 4, 5, 5, 5, 5], [0, 4, 0, 0, 0, 5, 5, 5], [0, 4, 0, 0, 0, 0, 5, 0], [4, 0, 0, 4, 0, 0, 0, 5], [6, 0, 6, 6, 9, 0, 0, 0], [6, 0, 6, 6, 9, 0, 9, 9], [6, 0, 0, 6, 9, 0, 0, 0], [6, 0, 0, 0, 9, 0, 9, 9]], "output": [[5, 5, 5, 5], [6, 5, 5, 5], [6, 4, 5, 6], [6, 0, 9, 5]]}, {"input": [[0, 4, 4, 4, 0, 5, 0, 0], [0, 0, 4, 4, 0, 0, 5, 0], [4, 0, 0, 4, 0, 5, 0, 0], [4, 4, 4, 0, 5, 0, 0, 5], [0, 0, 0, 6, 9, 9, 9, 9], [0, 0, 6, 6, 9, 0, 9, 9], [0, 6, 6, 6, 0, 9, 0, 0], [6, 0, 6, 0, 0, 9, 0, 9]], "output": [[9, 5, 9, 6], [9, 0, 5, 6], [4, 5, 6, 6], [5, 9, 6, 5]]}, {"input": [[4, 4, 0, 4, 5, 5, 5, 0], [4, 4, 0, 0, 0, 0, 0, 0], [0, 0, 0, 0, 0, 0, 0, 5], [0, 0, 0, 4, 0, 5, 0, 5], [6, 0, 6, 6, 9, 9, 9, 0], [6, 6, 0, 6, 9, 0, 0, 9], [0, 0, 6, 0, 0, 0, 0, 0], [6, 6, 0, 6, 9, 9, 9, 9]], "output": [[5, 5, 5, 6], [6, 6, 0, 6], [0, 0, 6, 5], [6, 5, 9, 5]]}, {"input": [[0, 4, 4, 4, 0, 0, 5, 5], [4, 4, 4, 4, 0, 5, 5, 5], [4, 4, 0, 4, 0, 0, 0, 5], [4, 4, 0, 4, 5, 0, 0, 0], [0, 6, 6, 0, 9, 0, 9, 9], [0, 0, 6, 0, 9, 0, 0, 0], [6, 6, 0, 6, 9, 0, 0, 9], [0, 0, 6, 0, 9, 0, 9, 0]], "output": [[9, 6, 5, 5], [9, 5, 5, 5], [6, 6, 0, 5], [5, 4, 6, 4]]}, {"input": [[0, 4, 4, 0, 0, 5, 5, 5], [4, 4, 4, 0, 0, 0, 5, 0], [4, 0, 0, 0, 0, 5, 5, 0], [4, 4, 0, 0, 0, 5, 5, 0], [0, 0, 0, 6, 9, 0, 0, 0], [6, 6, 6, 0, 0, 9, 0, 9], [0, 6, 6, 0, 9, 9, 0, 9], [6, 0, 0, 6, 9, 0, 9, 0]], "output": [[9, 5, 5, 5], [6, 6, 5, 9], [9, 5, 5, 9], [6, 5, 5, 6]]}, {"input": [[0, 0, 0, 4, 0, 5, 0, 5], [4, 4, 4, 0, 0, 0, 5, 5], [4, 4, 4, 4, 5, 0, 5, 5], [0, 0, 4, 0, 0, 0, 0, 0], [6, 0, 0, 6, 9, 9, 0, 0], [6, 6, 6, 0, 0, 9, 9, 9], [6, 6, 0, 6, 0, 0, 9, 0], [6, 0, 0, 0, 9, 0, 9, 0]], "output": [[6, 5, 0, 5], [6, 6, 5, 5], [5, 6, 5, 5], [6, 0, 9, 0]]}, {"input": [[4, 0, 4, 0, 0, 5, 5, 5], [0, 4, 4, 4, 0, 5, 0, 0], [0, 4, 0, 0, 0, 5, 0, 5], [4, 4, 4, 0, 5, 0, 0, 0], [0, 6, 6, 6, 9, 9, 0, 0], [6, 6, 0, 6, 0, 0, 0, 0], [6, 6, 6, 0, 9, 0, 0, 0], [0, 6, 6, 6, 0, 0, 0, 9]], "output": [[9, 5, 5, 5], [6, 5, 4, 6], [6, 5, 6, 5], [5, 6, 6, 6]]}, {"input": [[0, 4, 4, 0, 0, 0, 0, 0], [4, 4, 4, 4, 5, 0, 0, 5], [0, 4, 0, 4, 5, 5, 0, 5], [0, 4, 0, 4, 5, 0, 5, 0], [6, 0, 6, 0, 9, 9, 9, 9], [0, 0, 0, 6, 0, 0, 0, 0], [6, 6, 6, 0, 0, 9, 0, 9], [6, 0, 6, 6, 0, 0, 0, 0]], "output": [[6, 9, 6, 9], [5, 4, 4, 5], [5, 5, 6, 5], [5, 4, 5, 6]]}, {"input": [[4, 0, 4, 0, 5, 5, 5, 0], [4, 0, 4, 0, 5, 0, 5, 5], [4, 0, 4, 4, 5, 0, 5, 5], [0, 4, 4, 0, 5, 5, 0, 0], [0, 0, 0, 6, 9, 9, 0, 0], [6, 0, 0, 0, 0, 0, 0, 0], [6, 0, 6, 6, 0, 0, 9, 9], [6, 0, 6, 0, 9, 9, 9, 0]], "output": [[5, 5, 5, 6], [5, 0, 5, 5], [5, 0, 5, 5], [5, 5, 6, 0]]}, {"input": [[0, 0, 0, 4, 0, 5, 0, 0], [4, 0, 0, 0, 0, 5, 5, 0], [4, 4, 0, 4, 0, 0, 5, 0], [0, 0, 4, 4, 5, 5, 5, 5], [0, 6, 0, 0, 9, 9, 9, 9], [6, 6, 6, 6, 0, 0, 0, 9], [0, 0, 0, 0, 9, 0, 0, 9], [6, 6, 0, 0, 0, 0, 0, 9]], "output": [[9, 5, 9, 9], [6, 5, 5, 6], [9, 4, 5, 9], [5, 5, 5, 5]]}, {"input": [[0, 0, 0, 0, 0, 0, 0, 0], [4, 4, 4, 0, 5, 5, 0, 5], [0, 0, 4, 4, 5, 5, 5, 0], [4, 4, 0, 4, 0, 5, 5, 0], [6, 6, 6, 6, 9, 0, 0, 9], [6, 6, 6, 6, 0, 9, 9, 0], [0, 6, 6, 0, 9, 0, 9, 9], [6, 0, 0, 0, 0, 0, 0, 0]], "output": [[6, 6, 6, 6], [5, 5, 6, 5], [5, 5, 5, 9], [6, 5, 5, 4]]}, {"input": [[0, 4, 4, 4, 0, 5, 5, 5], [0, 4, 4, 0, 5, 5, 0, 5], [0, 0, 4, 0, 5, 5, 0, 0], [0, 4, 0, 0, 0, 5, 0, 5], [6, 6, 6, 0, 0, 9, 9, 9], [0, 0, 0, 6, 0, 0, 0, 9], [6, 6, 6, 6, 0, 9, 0, 0], [6, 0, 6, 0, 0, 0, 9, 0]], "output": [[6, 5, 5, 5], [5, 5, 4, 5], [5, 5, 6, 6], [6, 5, 6, 5]]}, {"input": [[0, 0, 0, 0, 5, 5, 0, 5], [0, 0, 4, 0, 5, 0, 0, 0], [4, 4, 4, 4, 5, 0, 0, 5], [4, 4, 0, 4, 0, 5, 5, 5], [6, 0, 0, 0, 9, 0, 9, 9], [6, 0, 6, 0, 0, 9, 0, 9], [0, 0, 6, 0, 0, 9, 0, 0], [6, 6, 0, 6, 0, 0, 0, 0]], "output": [[5, 5, 9, 5], [5, 9, 6, 9], [5, 9, 6, 5], [6, 5, 5, 5]]}, {"input": [[0, 0, 0, 0, 0, 0, 0, 0], [4, 4, 0, 0, 0, 0, 0, 0], [4, 0, 4, 0, 5, 5, 0, 5], [4, 0, 0, 0, 0, 5, 5, 5], [0, 0, 6, 6, 9, 0, 9, 9], [0, 6, 6, 6, 9, 9, 9, 9], [6, 0, 0, 6, 0, 9, 9, 9], [0, 0, 6, 6, 0, 9, 0, 0]], "output": [[9, 0, 6, 6], [9, 6, 6, 6], [5, 5, 9, 5], [4, 5, 5, 5]]}, {"input": [[4, 0, 4, 4, 5, 0, 0, 0], [0, 4, 0, 0, 0, 5, 0, 5], [0, 4, 0, 4, 5, 0, 5, 0], [4, 0, 0, 4, 0, 5, 5, 0], [6, 6, 0, 0, 0, 0, 9, 9], [0, 6, 6, 0, 0, 9, 0, 9], [6, 6, 6, 0, 9, 9, 9, 9], [6, 0, 6, 6, 9, 9, 9, 0]], "output": [[5, 6, 9, 9], [0, 5, 6, 5], [5, 6, 5, 9], [6, 5, 5, 6]]}, {"input": [[4, 4, 4, 4, 0, 0, 5, 5], [4, 4, 4, 0, 5, 0, 5, 0], [0, 0, 4, 0, 0, 5, 0, 5], [0, 4, 4, 4, 5, 5, 5, 0], [6, 6, 6, 6, 0, 9, 0, 0], [6, 6, 0, 6, 0, 9, 0, 9], [0, 0, 6, 0, 9, 9, 9, 9], [0, 6, 0, 0, 0, 0, 9, 0]], "output": [[6, 6, 5, 5], [5, 6, 5, 6], [9, 5, 6, 5], [5, 5, 5, 4]]}, {"input": [[0, 4, 4, 4, 5, 5, 0, 0], [0, 0, 0, 4, 5, 5, 0, 0], [0, 4, 4, 4, 5, 5, 5, 5], [4, 0, 4, 0, 5, 5, 5, 5], [6, 0, 0, 0, 9, 9, 9, 0], [0, 0, 0, 0, 9, 9, 9, 0], [0, 6, 6, 6, 0, 0, 9, 0], [6, 6, 6, 6, 9, 0, 9, 0]], "output": [[5, 5, 9, 4], [5, 5, 9, 4], [5, 5, 5, 5], [5, 5, 5, 5]]}, {"input": [[0, 0, 0, 0, 0, 0, 5, 0], [4, 0, 4, 4, 5, 0, 5, 0], [4, 0, 4, 4, 0, 5, 0, 5], [0, 0, 4, 0, 5, 5, 5, 0], [0, 6, 6, 6, 0, 0, 0, 0], [6, 0, 6, 0, 9, 0, 0, 9], [6, 6, 6, 6, 9, 9, 9, 0], [0, 6, 6, 0, 9, 0, 9, 9]], "output": [[0, 6, 5, 6], [5, 0, 5, 9], [6, 5, 6, 5], [5, 5, 5, 9]]}, {"input": [[0, 4, 4, 4, 0, 0, 0, 0], [0, 0, 0, 0, 5, 5, 5, 5], [4, 0, 0, 4, 0, 0, 0, 0], [0, 4, 0, 4, 0, 5, 0, 0], [0, 0, 0, 6, 0, 9, 9, 0], [0, 6, 0, 0, 0, 0, 9, 9], [0, 6, 0, 6, 9, 0, 9, 0], [0, 6, 0, 6, 0, 0, 9, 9]], "output": [[0, 9, 9, 6], [5, 5, 5, 5], [9, 6, 9, 6], [0, 5, 9, 6]]}, {"input": [[4, 0, 4, 0, 5, 5, 5, 5], [0, 4, 0, 4, 5, 0, 0, 0], [4, 4, 0, 4, 0, 0, 0, 0], [4, 4, 4, 4, 5, 0, 0, 0], [0, 6, 0, 0, 9, 9, 9, 0], [0, 6, 0, 6, 9, 9, 9, 0], [0, 6, 0, 0, 0, 9, 9, 0], [6, 0, 0, 0, 0, 9, 9, 9]], "output": [[5, 5, 5, 5], [5, 6, 9, 6], [4, 6, 9, 4], [5, 9, 9, 9]]}, {"input": [[0, 0, 0, 4, 0, 0, 5, 5], [4, 4, 0, 0, 5, 0, 0, 0], [4, 4, 0, 0, 0, 5, 5, 5], [0, 0, 0, 0, 0, 5, 0, 5], [0, 6, 0, 0, 0, 0, 9, 0], [0, 6, 6, 0, 0, 0, 0, 9], [6, 6, 0, 6, 9, 9, 0, 0], [0, 6, 0, 6, 0, 9, 9, 9]], "output": [[0, 6, 5, 5], [5, 6, 6, 9], [6, 5, 5, 5], [0, 5, 9, 5]]}, {"input": [[4, 0, 0, 0, 0, 0, 5, 0], [4, 0, 0, 4, 5, 0, 0, 5], [4, 0, 0, 4, 5, 0, 0, 5], [0, 4, 4, 0, 0, 5, 0, 5], [0, 0, 0, 0, 9, 9, 0, 9], [6, 6, 0, 6, 0, 0, 9, 9], [6, 0, 6, 6, 9, 0, 0, 9], [6, 0, 6, 6, 9, 9, 9, 0]], "output": [[9, 9, 5, 9], [5, 6, 9, 5], [5, 0, 6, 5], [6, 5, 6, 5]]}, {"input": [[0, 4, 4, 4, 0, 0, 5, 5], [4, 0, 0, 4, 5, 0, 0, 5], [0, 0, 4, 0, 5, 5, 0, 5], [4, 0, 0, 0, 0, 5, 5, 5], [6, 6, 0, 0, 0, 0, 0, 0], [6, 0, 0, 0, 9, 0, 0, 9], [0, 0, 0, 0, 9, 0, 0, 0], [0, 6, 6, 0, 9, 0, 9, 9]], "output": [[6, 6, 5, 5], [5, 0, 0, 5], [5, 5, 4, 5], [9, 5, 5, 5]]}, {"input": [[4, 4, 4, 4, 0, 5, 0, 5], [4, 4, 0, 0, 5, 0, 5, 0], [0, 4, 4, 4, 0, 5, 5, 5], [0, 4, 0, 0, 5, 0, 0, 0], [0, 6, 0, 0, 0, 0, 9, 0], [0, 0, 6, 6, 0, 0, 9, 0], [0, 6, 0, 6, 9, 9, 9, 9], [0, 0, 0, 6, 0, 9, 9, 9]], "output": [[4, 5, 9, 5], [5, 4, 5, 6], [9, 5, 5, 5], [5, 9, 9, 6]]}, {"input": [[4, 0, 0, 0, 5, 0, 5, 5], [4, 4, 0, 0, 0, 5, 5, 5], [0, 0, 0, 0, 5, 0, 0, 0], [4, 0, 4, 0, 0, 5, 5, 5], [0, 6, 6, 0, 0, 0, 0, 9], [0, 6, 0, 0, 9, 9, 9, 9], [0, 0, 0, 0, 9, 0, 0, 9], [6, 6, 0, 0, 9, 9, 0, 9]], "output": [[5, 6, 5, 5], [9, 5, 5, 5], [5, 0, 0, 9], [6, 5, 5, 5]]}, {"input": [[0, 0, 4, 4, 5, 0, 0, 0], [0, 4, 4, 0, 0, 5, 0, 5], [4, 0, 4, 0, 0, 5, 5, 5], [0, 4, 0, 0, 5, 0, 5, 5], [6, 0, 6, 6, 9, 0, 0, 0], [6, 6, 0, 6, 0, 9, 0, 9], [6, 6, 6, 6, 9, 9, 0, 0], [6, 0, 0, 6, 9, 0, 9, 9]], "output": [[5, 0, 6, 6], [6, 5, 4, 5], [6, 5, 5, 5], [5, 4, 5, 5]]}, {"input": [[0, 4, 0, 0, 0, 0, 0, 5], [4, 4, 0, 0, 0, 5, 0, 5], [4, 0, 4, 4, 0, 0, 0, 5], [0, 4, 4, 0, 5, 5, 5, 5], [0, 6, 6, 0, 0, 9, 0, 0], [0, 6, 0, 6, 9, 0, 9, 9], [6, 0, 0, 6, 9, 9, 0, 9], [0, 6, 6, 0, 9, 0, 0, 9]], "output": [[0, 6, 6, 5], [9, 5, 9, 5], [6, 9, 4, 5], [5, 5, 5, 5]]}, {"input": [[0, 4, 0, 0, 5, 5, 5, 5], [4, 4, 4, 4, 0, 0, 5, 0], [0, 0, 0, 4, 0, 0, 0, 0], [0, 0, 0, 0, 5, 0, 0, 0], [0, 0, 6, 0, 9, 0, 9, 9], [0, 0, 6, 6, 0, 9, 9, 0], [0, 6, 0, 6, 9, 9, 0, 9], [0, 0, 6, 6, 9, 9, 0, 9]], "output": [[5, 5, 5, 5], [4, 9, 5, 6], [9, 6, 0, 6], [5, 9, 6, 6]]}, {"input": [[4, 4, 4, 0, 5, 0, 0, 5], [4, 4, 0, 4, 5, 0, 0, 5], [4, 0, 0, 4, 5, 5, 0, 5], [0, 4, 4, 4, 5, 0, 5, 0], [6, 6, 0, 0, 9, 0, 9, 0], [0, 0, 0, 6, 9, 0, 0, 9], [0, 0, 6, 0, 0, 0, 9, 0], [6, 6, 0, 6, 0, 0, 0, 9]], "output": [[5, 6, 9, 5], [5, 4, 0, 5], [5, 5, 6, 5], [5, 6, 5, 6]]}, {"input": [[0, 4, 4, 0, 0, 5, 0, 5], [4, 0, 0, 0, 0, 5, 5, 0], [0, 0, 4, 4, 0, 5, 0, 5], [4, 4, 4, 4, 5, 5, 5, 5], [6, 6, 0, 6, 9, 9, 0, 0], [6, 6, 0, 0, 0, 9, 9, 9], [0, 0, 6, 0, 9, 9, 9, 0], [6, 6, 0, 6, 9, 0, 0, 0]], "output": [[6, 5, 4, 5], [6, 5, 5, 9], [9, 5, 6, 5], [5, 5, 5, 5]]}, {"input": [[0, 0, 0, 0, 0, 0, 0, 0], [0, 0, 0, 0, 5, 0, 0, 0], [0, 0, 0, 4, 5, 5, 0, 0], [4, 0, 0, 4, 5, 0, 0, 5], [0, 0, 6, 6, 9, 0, 0, 9], [0, 0, 0, 0, 0, 9, 0, 9], [0, 0, 0, 6, 0, 9, 0, 0], [6, 0, 6, 0, 9, 0, 0, 0]], "output": [[9, 0, 6, 6], [5, 9, 0, 9], [5, 5, 0, 6], [5, 0, 6, 5]]}, {"input": [[4, 4, 4, 4, 5, 5, 0, 5], [4, 4, 4, 0, 0, 5, 5, 5], [0, 4, 0, 4, 0, 0, 5, 5], [4, 0, 4, 0, 5, 0, 5, 0], [6, 0, 0, 6, 0, 0, 9, 0], [6, 0, 6, 6, 0, 9, 9, 9], [0, 0, 0, 0, 9, 0, 0, 0], [6, 6, 0, 6, 0, 9, 9, 0]], "output": [[5, 5, 9, 5], [6, 5, 5, 5], [9, 4, 5, 5], [5, 6, 5, 6]]}, {"input": [[4, 0, 4, 4, 5, 5, 0, 5], [4, 4, 0, 4, 0, 5, 5, 5], [4, 0, 0, 4, 0, 0, 0, 5], [0, 0, 4, 0, 5, 0, 0, 5], [0, 6, 0, 6, 0, 9, 9, 9], [6, 6, 0, 6, 0, 0, 0, 0], [0, 0, 0, 0, 9, 9, 9, 0], [6, 6, 6, 6, 0, 0, 9, 9]], "output": [[5, 5, 9, 5], [6, 5, 5, 5], [9, 9, 9, 5], [5, 6, 6, 5]]}, {"input": [[0, 4, 4, 4, 5, 0, 5, 5], [0, 0, 0, 4, 0, 5, 0, 5], [0, 4, 4, 4, 0, 5, 0, 5], [0, 4, 0, 4, 0, 0, 5, 5], [6, 6, 6, 6, 0, 0, 0, 9], [0, 6, 0, 0, 0, 9, 9, 9], [6, 6, 6, 6, 0, 0, 0, 0], [0, 0, 6, 6, 0, 9, 9, 9]], "output": [[5, 6, 5, 5], [0, 5, 9, 5], [6, 5, 6, 5], [0, 9, 5, 5]]}, {"input": [[4, 4, 0, 4, 0, 5, 5, 5], [0, 0, 4, 4, 5, 0, 0, 5], [0, 0, 0, 4, 0, 0, 0, 0], [0, 0, 0, 4, 5, 0, 0, 5], [0, 6, 0, 6, 9, 0, 9, 0], [6, 6, 6, 6, 9, 9, 0, 9], [6, 6, 0, 0, 9, 9, 0, 9], [6, 0, 0, 6, 9, 0, 9, 0]], "output": [[9, 5, 5, 5], [5, 6, 6, 5], [6, 6, 0, 9], [5, 0, 9, 5]]}, {"input": [[4, 0, 4, 0, 0, 5, 5, 0], [4, 4, 0, 0, 0, 5, 5, 5], [4, 4, 0, 0, 5, 5, 5, 5], [4, 4, 4, 0, 0, 5, 0, 5], [6, 0, 0, 6, 9, 0, 0, 0], [6, 6, 6, 0, 9, 9, 9, 9], [0, 6, 0, 6, 0, 0, 0, 0], [6, 6, 0, 6, 9, 0, 0, 9]], "output": [[6, 5, 5, 6], [6, 5, 5, 5], [5, 5, 5, 5], [6, 5, 4, 5]]}, {"input": [[4, 4, 0, 0, 5, 5, 5, 0], [4, 0, 0, 4, 0, 0, 0, 0], [0, 4, 4, 0, 5, 5, 0, 0], [0, 0, 4, 4, 0, 5, 0, 0], [6, 0, 0, 0, 0, 0, 0, 0], [0, 0, 6, 0, 0, 0, 0, 0], [0, 0, 6, 0, 9, 9, 9, 0], [0, 0, 6, 6, 0, 0, 9, 0]], "output": [[5, 5, 5, 0], [4, 0, 6, 4], [5, 5, 6, 0], [0, 5, 6, 6]]}, {"input": [[0, 4, 0, 0, 0, 0, 5, 0], [0, 4, 4, 4, 5, 0, 0, 0], [0, 4, 0, 4, 0, 0, 0, 0], [4, 0, 0, 0, 5, 0, 0, 0], [0, 0, 6, 6, 0, 0, 9, 0], [6, 6, 6, 6, 9, 0, 9, 0], [6, 6, 6, 0, 0, 0, 9, 9], [0, 6, 0, 6, 9, 9, 9, 9]], "output": [[0, 4, 5, 6], [5, 6, 6, 6], [6, 6, 6, 9], [5, 6, 9, 6]]}, {"input": [[0, 4, 4, 4, 0, 0, 0, 5], [0, 0, 0, 4, 5, 5, 5, 5], [0, 4, 0, 4, 5, 0, 0, 5], [0, 0, 4, 0, 0, 0, 0, 5], [6, 0, 6, 6, 0, 0, 0, 0], [6, 0, 6, 6, 9, 0, 9, 9], [0, 6, 6, 0, 0, 9, 0, 9], [0, 0, 6, 6, 0, 9, 9, 0]], "output": [[6, 4, 6, 5], [5, 5, 5, 5], [5, 6, 6, 5], [0, 9, 6, 5]]}, {"input": [[0, 4, 4, 4, 0, 0, 5, 0], [4, 4, 4, 4, 5, 5, 0, 5], [0, 0, 0, 4, 0, 5, 5, 0], [0, 0, 4, 4, 0, 0, 0, 0], [6, 6, 0, 6, 9, 0, 0, 0], [0, 0, 6, 0, 9, 9, 9, 0], [0, 0, 0, 0, 9, 9, 0, 0], [0, 6, 0, 6, 9, 0, 0, 9]], "output": [[6, 6, 5, 6], [5, 5, 6, 5], [9, 5, 5, 4], [9, 6, 4, 6]]}, {"input": [[0, 0, 4, 0, 0, 0, 5, 0], [0, 0, 0, 0, 5, 0, 0, 0], [0, 0, 4, 0, 0, 0, 5, 0], [4, 4, 0, 0, 5, 5, 5, 5], [6, 0, 6, 0, 9, 0, 0, 0], [0, 6, 6, 6, 9, 0, 9, 0], [0, 0, 6, 0, 0, 9, 9, 9], [0, 0, 0, 6, 9, 9, 9, 9]], "output": [[6, 0, 5, 0], [5, 6, 6, 6], [0, 9, 5, 9], [5, 5, 5, 5]]}, {"input": [[4, 0, 0, 4, 5, 5, 0, 5], [4, 4, 0, 4, 0, 0, 5, 0], [0, 4, 0, 4, 5, 5, 0, 0], [0, 0, 0, 0, 0, 5, 0, 0], [0, 0, 0, 6, 0, 0, 0, 0], [0, 6, 6, 0, 9, 9, 0, 0], [6, 0, 6, 0, 9, 0, 0, 0], [0, 0, 6, 6, 0, 0, 9, 0]], "output": [[5, 5, 0, 5], [9, 6, 5, 4], [5, 5, 6, 4], [0, 5, 6, 6]]}, {"input": [[0, 4, 4, 0, 0, 0, 0, 5], [0, 4, 4, 4, 5, 0, 0, 0], [0, 4, 4, 4, 0, 0, 0, 5], [0, 4, 0, 4, 0, 5, 5, 0], [0, 6, 6, 6, 9, 0, 0, 0], [6, 0, 0, 0, 0, 0, 9, 0], [6, 0, 0, 6, 0, 9, 0, 9], [0, 6, 0, 6, 0, 9, 9, 0]], "output": [[9, 6, 6, 5], [5, 4, 9, 4], [6, 9, 4, 5], [0, 5, 5, 6]]}, {"input": [[4, 4, 4, 0, 5, 5, 5, 0], [4, 0, 0, 0, 5, 0, 5, 5], [4, 4, 0, 4, 0, 5, 0, 5], [4, 0, 4, 0, 0, 0, 5, 5], [0, 6, 6, 6, 9, 0, 9, 9], [0, 0, 0, 6, 9, 9, 0, 0], [0, 0, 6, 6, 9, 9, 0, 0], [0, 6, 6, 0, 0, 0, 9, 9]], "output": [[5, 5, 5, 6], [5, 9, 5, 5], [9, 5, 6, 5], [4, 6, 5, 5]]}, {"input": [[0, 4, 4, 0, 5, 5, 0, 0], [0, 0, 4, 4, 5, 0, 5, 0], [0, 4, 0, 0, 5, 5, 0, 5], [0, 0, 0, 0, 5, 0, 0, 5], [0, 0, 0, 6, 9, 0, 0, 9], [6, 0, 0, 6, 0, 9, 0, 9], [0, 6, 0, 0, 0, 0, 9, 0], [0, 0, 6, 6, 9, 0, 0, 0]], "output": [[5, 5, 4, 6], [5, 9, 5, 6], [5, 5, 9, 5], [5, 0, 6, 5]]}, {"input": [[4, 0, 4, 0, 5, 5, 0, 0], [0, 0, 0, 0, 0, 5, 0, 0], [4, 0, 4, 4, 0, 0, 5, 0], [0, 4, 0, 4, 5, 0, 5, 5], [6, 0, 0, 6, 0, 0, 0, 0], [0, 6, 0, 0, 9, 0, 0, 0], [6, 6, 0, 0, 0, 0, 9, 9], [6, 0, 6, 0, 0, 9, 9, 9]], "output": [[5, 5, 4, 6], [9, 5, 0, 0], [6, 6, 5, 9], [5, 9, 5, 5]]}, {"input": [[0, 4, 4, 4, 0, 5, 5, 5], [4, 0, 4, 4, 5, 0, 0, 5], [4, 0, 4, 0, 0, 5, 5, 5], [0, 0, 4, 4, 5, 0, 0, 0], [0, 0, 6, 6, 0, 0, 9, 0], [0, 6, 0, 6, 0, 0, 9, 0], [6, 0, 0, 0, 0, 0, 0, 0], [0, 6, 6, 6, 0, 9, 9, 0]], "output": [[0, 5, 5, 5], [5, 6, 9, 5], [6, 5, 5, 5], [5, 6, 6, 6]]}, {"input": [[0, 0, 0, 0, 5, 0, 0, 0], [4, 0, 4, 4, 5, 0, 5, 0], [4, 0, 4, 4, 0, 5, 5, 0], [0, 0, 0, 0, 5, 5, 0, 0], [6, 0, 6, 6, 9, 0, 0, 0], [6, 0, 6, 0, 0, 0, 0, 9], [6, 6, 6, 0, 0, 0, 0, 9], [0, 0, 6, 0, 9, 9, 9, 9]], "output": [[5, 0, 6, 6], [5, 0, 5, 9], [6, 5, 5, 9], [5, 5, 6, 9]]}, {"input": [[0, 0, 4, 4, 0, 0, 0, 0], [4, 0, 0, 4, 5, 0, 5, 0], [0, 0, 0, 4, 0, 0, 0, 5], [4, 4, 4, 4, 5, 0, 0, 0], [0, 0, 6, 0, 9, 9, 0, 9], [0, 6, 0, 0, 0, 0, 0, 9], [6, 6, 0, 0, 0, 0, 9, 0], [0, 0, 6, 6, 9, 0, 0, 0]], "output": [[9, 9, 6, 9], [5, 6, 5, 9], [6, 6, 9, 5], [5, 4, 6, 6]]}, {"input": [[4, 4, 4, 4, 0, 5, 5, 0], [4, 0, 4, 4, 0, 5, 5, 5], [4, 4, 0, 0, 5, 5, 0, 0], [0, 0, 0, 0, 5, 5, 5, 5], [6, 0, 0, 6, 0, 9, 0, 9], [6, 6, 0, 6, 0, 0, 0, 0], [0, 6, 6, 0, 9, 9, 0, 9], [0, 6, 6, 0, 0, 9, 0, 9]], "output": [[6, 5, 5, 6], [6, 5, 5, 5], [5, 5, 6, 9], [5, 5, 5, 5]]}, {"input": [[0, 4, 0, 0, 5, 5, 0, 5], [0, 0, 0, 4, 0, 5, 5, 5], [0, 0, 0, 4, 5, 5, 0, 0], [0, 0, 0, 4, 5, 0, 0, 0], [6, 6, 6, 0, 0, 0, 0, 9], [0, 6, 0, 6, 9, 9, 0, 0], [6, 0, 0, 0, 0, 0, 9, 0], [6, 0, 0, 0, 0, 0, 9, 9]], "output": [[5, 5, 6, 5], [9, 5, 5, 5], [5, 5, 9, 4], [5, 0, 9, 9]]}, {"input": [[4, 4, 0, 4, 5, 5, 0, 5], [4, 4, 0, 0, 0, 0, 0, 5], [0, 0, 4, 4, 5, 5, 5, 5], [0, 4, 4, 4, 5, 0, 5, 0], [0, 0, 6, 0, 0, 9, 9, 0], [6, 0, 6, 0, 9, 9, 9, 9], [6, 6, 0, 6, 9, 9, 9, 9], [0, 0, 6, 0, 9, 0, 9, 9]], "output": [[5, 5, 6, 5], [6, 9, 6, 5], [5, 5, 5, 5], [5, 4, 5, 9]]}, {"input": [[0, 4, 0, 4, 0, 5, 0, 5], [0, 4, 4, 4, 0, 5, 5, 5], [4, 0, 4, 0, 0, 0, 5, 0], [0, 4, 0, 0, 0, 0, 5, 0], [6, 0, 0, 6, 0, 9, 0, 9], [0, 0, 6, 6, 9, 0, 9, 9], [6, 6, 6, 6, 9, 9, 0, 9], [0, 0, 0, 6, 9, 0, 9, 9]], "output": [[6, 5, 0, 5], [9, 5, 5, 5], [6, 6, 5, 6], [9, 4, 5, 6]]}, {"input": [[0, 4, 0, 0, 0, 5, 0, 0], [0, 4, 4, 4, 5, 5, 5, 5], [4, 4, 4, 4, 5, 5, 5, 5], [0, 4, 0, 0, 5, 5, 0, 5], [6, 0, 0, 0, 9, 0, 9, 9], [0, 6, 6, 0, 0, 0, 9, 0], [0, 0, 0, 0, 0, 0, 9, 9], [0, 0, 0, 6, 9, 0, 9, 9]], "output": [[6, 5, 9, 9], [5, 5, 5, 5], [5, 5, 5, 5], [5, 5, 9, 5]]}, {"input": [[4, 0, 0, 4, 0, 0, 5, 5], [4, 0, 0, 4, 5, 0, 0, 0], [0, 4, 0, 4, 0, 5, 0, 0], [4, 4, 0, 0, 0, 0, 5, 5], [0, 0, 6, 0, 0, 0, 9, 0], [0, 6, 0, 0, 9, 0, 0, 0], [6, 6, 0, 0, 9, 9, 0, 9], [6, 0, 0, 0, 9, 9, 0, 9]], "output": [[4, 0, 5, 5], [5, 6, 0, 4], [6, 5, 0, 9], [6, 9, 5, 5]]}, {"input": [[4, 0, 4, 0, 0, 0, 5, 5], [4, 0, 4, 0, 0, 0, 5, 5], [4, 4, 4, 4, 5, 5, 0, 5], [0, 0, 0, 4, 5, 5, 0, 0], [0, 0, 0, 6, 9, 9, 0, 0], [0, 6, 0, 6, 9, 0, 0, 9], [6, 6, 6, 6, 0, 9, 0, 0], [0, 6, 6, 0, 0, 9, 9, 9]], "output": [[9, 9, 5, 5], [9, 6, 5, 5], [5, 5, 6, 5], [5, 5, 6, 9]]}, {"input": [[4, 4, 0, 0, 5, 0, 0, 5], [4, 4, 4, 4, 5, 0, 0, 5], [4, 4, 0, 4, 0, 5, 5, 0], [4, 4, 0, 0, 0, 0, 5, 0], [0, 6, 6, 6, 0, 0, 0, 9], [6, 0, 0, 6, 0, 0, 9, 0], [0, 6, 0, 0, 0, 0, 0, 9], [6, 6, 0, 6, 9, 0, 0, 0]], "output": [[5, 6, 6, 5], [5, 4, 9, 5], [4, 5, 5, 9], [6, 6, 5, 6]]}, {"input": [[4, 4, 0, 0, 0, 5, 0, 5], [0, 4, 4, 4, 5, 5, 5, 5], [0, 0, 0, 4, 5, 0, 5, 0], [4, 0, 4, 4, 5, 0, 0, 0], [0, 0, 6, 0, 9, 9, 0, 9], [6, 6, 6, 6, 9, 0, 0, 9], [0, 6, 6, 0, 9, 9, 9, 0], [6, 6, 0, 6, 0, 0, 9, 9]], "output": [[9, 5, 6, 5], [5, 5, 5, 5], [5, 6, 5, 4], [5, 6, 9, 6]]}, {"input": [[4, 4, 0, 4, 0, 5, 0, 0], [4, 4, 0, 4, 0, 0, 5, 5], [4, 4, 0, 0, 0, 0, 5, 5], [4, 0, 4, 0, 5, 5, 0, 5], [0, 0, 6, 6, 9, 9, 9, 0], [6, 6, 6, 6, 9, 0, 9, 0], [6, 6, 0, 6, 9, 0, 0, 9], [6, 0, 0, 0, 9, 9, 9, 0]], "output": [[9, 5, 6, 6], [6, 6, 5, 5], [6, 6, 5, 5], [5, 5, 9, 5]]}, {"input": [[4, 0, 0, 4, 5, 0, 5, 0], [0, 4, 4, 4, 0, 5, 5, 0], [0, 4, 4, 4, 0, 5, 5, 5], [0, 0, 4, 4, 0, 0, 0, 5], [6, 6, 0, 0, 0, 0, 9, 9], [6, 6, 6, 0, 0, 9, 9, 0], [6, 6, 6, 0, 0, 9, 9, 0], [6, 6, 6, 0, 0, 0, 0, 9]], "output": [[5, 6, 5, 9], [6, 5, 5, 4], [6, 5, 5, 5], [6, 6, 6, 5]]}, {"input": [[4, 0, 4, 4, 0, 5, 0, 0], [0, 4, 0, 4, 5, 5, 5, 0], [0, 0, 4, 0, 5, 5, 5, 5], [0, 0, 4, 0, 0, 5, 5, 5], [0, 6, 6, 6, 9, 9, 9, 0], [0, 6, 6, 0, 9, 0, 0, 0], [0, 6, 0, 0, 0, 0, 0, 9], [0, 6, 0, 6, 9, 0, 9, 9]], "output": [[9, 5, 6, 6], [5, 5, 5, 4], [5, 5, 5, 5], [9, 5, 5, 5]]}, {"input": [[0, 0, 4, 4, 5, 5, 0, 0], [0, 4, 0, 0, 0, 5, 5, 5], [0, 4, 0, 0, 5, 5, 5, 0], [0, 0, 4, 0, 0, 0, 0, 0], [6, 6, 0, 6, 0, 9, 0, 9], [0, 6, 0, 6, 9, 9, 9, 9], [0, 6, 6, 0, 9, 0, 9, 9], [6, 6, 0, 6, 9, 0, 0, 0]], "output": [[5, 5, 4, 6], [9, 5, 5, 5], [5, 5, 5, 9], [6, 6, 4, 6]]}, {"input": [[0, 4, 0, 4, 5, 0, 5, 5], [4, 4, 0, 0, 0, 0, 5, 5], [0, 4, 0, 4, 5, 0, 0, 0], [0, 4, 0, 0, 5, 5, 0, 0], [6, 6, 0, 0, 9, 9, 9, 9], [0, 6, 0, 0, 0, 0, 0, 0], [0, 6, 0, 0, 0, 0, 0, 0], [0, 6, 6, 0, 9, 9, 0, 0]], "output": [[5, 6, 5, 5], [4, 6, 5, 5], [5, 6, 0, 4], [5, 5, 6, 0]]}, {"input": [[4, 0, 0, 0, 0, 5, 0, 0], [0, 4, 4, 4, 5, 0, 0, 5], [0, 0, 0, 4, 0, 0, 5, 0], [0, 4, 0, 0, 5, 5, 0, 5], [0, 0, 0, 0, 9, 0, 9, 9], [0, 6, 0, 6, 9, 0, 9, 9], [6, 6, 0, 0, 0, 0, 9, 9], [0, 6, 6, 6, 0, 9, 9, 0]], "output": [[9, 5, 9, 9], [5, 6, 9, 5], [6, 6, 5, 9], [5, 5, 6, 5]]}, {"input": [[4, 0, 4, 0, 5, 5, 5, 0], [0, 0, 4, 4, 0, 5, 5, 5], [0, 4, 0, 4, 0, 0, 5, 5], [0, 4, 0, 4, 5, 0, 5, 0], [0, 6, 6, 6, 0, 9, 0, 0], [6, 0, 6, 6, 9, 9, 9, 0], [0, 6, 6, 6, 0, 9, 0, 0], [6, 6, 0, 0, 9, 0, 0, 9]], "output": [[5, 5, 5, 6], [6, 5, 5, 5], [0, 6, 5, 5], [5, 6, 5, 9]]}, {"input": [[4, 4, 0, 4, 5, 5, 0, 0], [4, 4, 0, 4, 0, 5, 0, 5], [0, 4, 0, 4, 5, 0, 5, 0], [0, 4, 4, 0, 5, 5, 0, 5], [0, 0, 6, 6, 0, 0, 9, 9], [0, 0, 6, 0, 9, 0, 0, 0], [0, 0, 6, 0, 0, 9, 9, 9], [0, 6, 6, 6, 0, 9, 0, 9]], "output": [[5, 5, 6, 6], [9, 5, 6, 5], [5, 9, 5, 9], [5, 5, 6, 5]]}, {"input": [[4, 0, 0, 0, 0, 0, 0, 5], [4, 0, 4, 4, 0, 5, 0, 0], [4, 0, 0, 0, 0, 0, 5, 0], [0, 0, 4, 4, 5, 0, 0, 5], [6, 0, 0, 6, 9, 0, 9, 0], [6, 0, 0, 0, 0, 0, 0, 9], [6, 6, 6, 6, 0, 9, 0, 9], [6, 6, 0, 0, 0, 0, 0, 0]], "output": [[6, 0, 9, 5], [6, 5, 4, 9], [6, 6, 5, 6], [5, 6, 4, 5]]}, {"input": [[4, 0, 4, 0, 0, 0, 5, 5], [4, 0, 0, 4, 5, 0, 5, 0], [0, 4, 4, 0, 5, 5, 0, 5], [0, 4, 4, 4, 0, 0, 0, 0], [6, 6, 0, 0, 9, 0, 0, 9], [0, 6, 6, 0, 9, 9, 9, 9], [6, 6, 6, 6, 0, 0, 0, 0], [0, 6, 0, 6, 9, 0, 0, 9]], "output": [[6, 6, 5, 5], [5, 6, 5, 9], [5, 5, 6, 5], [9, 6, 4, 6]]}, {"input": [[0, 4, 4, 0, 5, 5, 0, 0], [0, 4, 0, 0, 5, 5, 5, 0], [0, 4, 4, 0, 5, 0, 0, 0], [4, 4, 4, 4, 5, 5, 0, 0], [6, 6, 6, 6, 0, 9, 0, 9], [0, 6, 0, 0, 9, 0, 0, 0], [6, 6, 0, 6, 9, 9, 9, 9], [0, 0, 6, 0, 9, 0, 0, 0]], "output": [[5, 5, 6, 6], [5, 5, 5, 0], [5, 6, 9, 6], [5, 5, 6, 4]]}, {"input": [[4, 4, 4, 4, 5, 0, 0, 0], [4, 4, 4, 0, 5, 5, 0, 0], [0, 4, 4, 0, 5, 0, 5, 0], [0, 0, 4, 0, 5, 0, 5, 5], [6, 0, 0, 0, 0, 9, 9, 0], [0, 6, 0, 0, 0, 9, 9, 9], [6, 6, 6, 0, 0, 9, 0, 0], [6, 6, 6, 6, 9, 0, 0, 9]], "output": [[5, 9, 9, 4], [5, 5, 9, 9], [5, 6, 5, 0], [5, 6, 5, 5]]}, {"input": [[0, 0, 0, 0, 5, 5, 0, 0], [0, 4, 0, 4, 5, 5, 5, 0], [4, 4, 4, 0, 0, 0, 5, 0], [4, 0, 0, 4, 0, 5, 0, 0], [0, 0, 6, 0, 9, 9, 9, 9], [0, 0, 0, 0, 0, 9, 9, 0], [6, 0, 6, 6, 0, 9, 0, 0], [0, 0, 6, 0, 9, 9, 9, 9]], "output": [[5, 5, 6, 9], [5, 5, 5, 4], [6, 9, 5, 6], [9, 5, 6, 9]]}, {"input": [[4, 4, 0, 0, 0, 0, 5, 5], [0, 4, 4, 4, 5, 0, 5, 5], [0, 0, 0, 0, 5, 0, 5, 0], [4, 4, 0, 0, 0, 5, 5, 5], [6, 6, 0, 6, 0, 9, 0, 0], [0, 6, 6, 6, 0, 0, 9, 0], [0, 6, 0, 6, 9, 9, 9, 9], [6, 0, 6, 0, 9, 9, 9, 9]], "output": [[6, 6, 5, 5], [5, 6, 5, 5], [5, 6, 5, 6], [6, 5, 5, 5]]}, {"input": [[0, 0, 4, 4, 5, 5, 0, 5], [0, 4, 4, 0, 5, 0, 5, 0], [0, 0, 4, 0, 0, 5, 0, 0], [4, 4, 4, 4, 5, 0, 5, 5], [0, 6, 6, 6, 0, 0, 9, 0], [0, 0, 6, 6, 0, 0, 9, 9], [0, 0, 0, 0, 0, 0, 0, 9], [0, 6, 6, 0, 9, 0, 0, 0]], "output": [[5, 5, 6, 5], [5, 4, 5, 6], [0, 5, 4, 9], [5, 6, 5, 5]]}, {"input": [[0, 0, 4, 4, 0, 5, 5, 5], [0, 4, 0, 0, 5, 5, 0, 0], [0, 4, 0, 0, 0, 5, 0, 5], [4, 4, 4, 4, 0, 5, 0, 0], [6, 6, 6, 6, 0, 9, 0, 0], [6, 0, 0, 0, 0, 0, 9, 9], [6, 6, 6, 0, 0, 9, 9, 0], [0, 6, 0, 0, 9, 9, 0, 9]], "output": [[6, 5, 5, 5], [5, 5, 9, 9], [6, 5, 6, 5], [9, 5, 4, 9]]}, {"input": [[4, 4, 0, 4, 5, 5, 5, 5], [0, 4, 4, 0, 0, 5, 0, 5], [0, 4, 4, 0, 0, 5, 0, 0], [0, 0, 4, 4, 5, 5, 5, 0], [0, 0, 0, 6, 0, 9, 0, 0], [0, 6, 0, 0, 0, 0, 0, 9], [6, 6, 6, 0, 9, 9, 9, 0], [6, 6, 0, 6, 0, 9, 0, 0]], "output": [[5, 5, 5, 5], [0, 5, 4, 5], [6, 5, 6, 0], [5, 5, 5, 6]]}, {"input": [[0, 0, 4, 0, 0, 0, 5, 5], [0, 4, 4, 0, 5, 5, 5, 0], [0, 4, 4, 4, 5, 0, 0, 0], [4, 0, 0, 4, 0, 5, 5, 0], [0, 0, 0, 0, 0, 0, 9, 0], [6, 0, 6, 6, 9, 0, 9, 0], [6, 6, 0, 0, 9, 0, 9, 0], [6, 6, 6, 0, 0, 0, 9, 9]], "output": [[0, 0, 5, 5], [5, 5, 5, 6], [5, 6, 9, 4], [6, 5, 5, 9]]}, {"input": [[4, 0, 0, 0, 5, 0, 5, 0], [4, 0, 4, 4, 0, 5, 0, 5], [4, 0, 0, 4, 0, 0, 0, 5], [4, 4, 0, 0, 5, 5, 0, 0], [0, 6, 6, 0, 9, 9, 9, 9], [0, 6, 6, 0, 0, 0, 0, 0], [6, 0, 6, 0, 0, 0, 0, 0], [0, 6, 0, 0, 0, 0, 0, 9]], "output": [[5, 6, 5, 9], [4, 5, 6, 5], [6, 0, 6, 5], [5, 5, 0, 9]]}, {"input": [[4, 0, 4, 0, 0, 0, 5, 5], [0, 4, 0, 4, 0, 0, 5, 0], [0, 4, 4, 0, 0, 0, 0, 5], [4, 0, 4, 4, 0, 0, 0, 5], [6, 0, 6, 6, 9, 9, 9, 9], [0, 6, 6, 0, 0, 9, 0, 0], [0, 0, 6, 0, 9, 0, 0, 0], [0, 6, 0, 0, 0, 9, 0, 0]], "output": [[6, 9, 5, 5], [0, 6, 5, 4], [9, 4, 6, 5], [4, 6, 4, 5]]}, {"input": [[4, 4, 0, 4, 5, 0, 0, 0], [4, 4, 4, 0, 0, 0, 5, 5], [0, 4, 0, 0, 0, 5, 0, 5], [4, 4, 4, 0, 0, 0, 5, 5], [6, 0, 0, 6, 0, 0, 0, 9], [0, 6, 0, 6, 9, 0, 9, 9], [6, 0, 0, 0, 0, 0, 0, 0], [0, 6, 0, 0, 9, 0, 0, 9]], "output": [[5, 4, 0, 6], [9, 6, 5, 5], [6, 5, 0, 5], [9, 6, 5, 5]]}, {"input": [[0, 0, 0, 4, 0, 5, 0, 5], [0, 4, 4, 4, 0, 0, 0, 0], [0, 4, 4, 4, 0, 0, 5, 5], [4, 4, 4, 0, 0, 0, 5, 0], [6, 0, 6, 6, 9, 9, 9, 9], [6, 6, 6, 0, 9, 0, 0, 0], [6, 6, 6, 6, 9, 0, 0, 9], [0, 0, 6, 6, 0, 9, 9, 9]], "output": [[6, 5, 6, 5], [6, 6, 6, 4], [6, 6, 5, 5], [4, 9, 5, 6]]}, {"input": [[0, 0, 4, 0, 5, 5, 5, 0], [0, 0, 0, 4, 0, 0, 0, 0], [0, 4, 4, 4, 5, 5, 0, 5], [4, 0, 4, 4, 0, 0, 5, 5], [6, 6, 0, 0, 0, 0, 0, 9], [0, 6, 0, 6, 0, 0, 0, 9], [0, 0, 0, 6, 9, 0, 0, 0], [0, 6, 6, 6, 9, 0, 0, 0]], "output": [[5, 5, 5, 9], [0, 6, 0, 6], [5, 5, 4, 5], [9, 6, 5, 5]]}, {"input": [[0, 0, 4, 0, 0, 0, 0, 0], [4, 4, 0, 0, 5, 0, 5, 5], [0, 0, 0, 0, 5, 0, 0, 5], [0, 0, 4, 0, 0, 5, 0, 0], [6, 0, 6, 6, 0, 0, 0, 9], [6, 6, 0, 0, 0, 0, 9, 9], [0, 6, 0, 0, 0, 9, 0, 0], [0, 0, 0, 6, 9, 9, 0, 9]], "output": [[6, 0, 6, 6], [5, 6, 5, 5], [5, 6, 0, 5], [9, 5, 4, 6]]}, {"input": [[4, 4, 0, 4, 5, 5, 0, 5], [0, 0, 0, 4, 0, 0, 5, 0], [4, 0, 0, 0, 5, 0, 0, 0], [4, 4, 4, 0, 5, 5, 5, 0], [0, 0, 6, 0, 9, 0, 0, 9], [0, 6, 6, 6, 0, 0, 0, 9], [6, 0, 0, 0, 0, 0, 9, 0], [6, 0, 0, 0, 0, 9, 0, 0]], "output": [[5, 5, 6, 5], [0, 6, 5, 6], [5, 0, 9, 0], [5, 5, 5, 0]]}, {"input": [[4, 0, 4, 4, 0, 5, 5, 5], [0, 4, 0, 0, 0, 5, 0, 0], [0, 0, 0, 4, 0, 0, 0, 5], [0, 0, 4, 4, 0, 5, 0, 0], [6, 6, 6, 0, 0, 9, 9, 0], [6, 6, 6, 6, 0, 9, 0, 9], [6, 6, 0, 0, 9, 0, 0, 9], [6, 0, 6, 6, 9, 0, 9, 9]], "output": [[6, 5, 5, 5], [6, 5, 6, 6], [6, 6, 0, 5], [6, 5, 6, 6]]}, {"input": [[4, 4, 4, 0, 5, 5, 0, 0], [4, 4, 0, 0, 5, 5, 5, 0], [4, 4, 0, 0, 5, 5, 5, 0], [4, 4, 0, 0, 0, 5, 0, 5], [0, 6, 6, 6, 9, 9, 9, 9], [0, 6, 6, 0, 0, 9, 9, 9], [6, 6, 0, 6, 0, 0, 0, 9], [6, 0, 6, 6, 9, 0, 9, 9]], "output": [[5, 5, 6, 6], [5, 5, 5, 9], [5, 5, 5, 6], [6, 5, 6, 5]]}, {"input": [[4, 0, 4, 0, 5, 5, 5, 5], [4, 0, 4, 0, 0, 0, 5, 0], [4, 4, 0, 0, 0, 0, 0, 0], [4, 0, 4, 0, 5, 0, 5, 5], [6, 0, 6, 0, 0, 9, 9, 9], [6, 6, 6, 0, 0, 0, 9, 9], [6, 0, 6, 6, 9, 9, 0, 9], [6, 6, 0, 0, 9, 9, 0, 9]], "output": [[5, 5, 5, 5], [6, 6, 5, 9], [6, 9, 6, 6], [5, 6, 5, 5]]}, {"input": [[0, 4, 0, 4, 5, 0, 5, 0], [4, 0, 4, 0, 0, 5, 0, 5], [4, 0, 0, 0, 0, 0, 0, 5], [0, 4, 0, 0, 0, 0, 0, 0], [0, 6, 6, 6, 0, 9, 0, 9], [0, 6, 0, 0, 0, 9, 9, 9], [6, 0, 0, 6, 9, 9, 0, 9], [0, 6, 6, 0, 9, 0, 9, 0]], "output": [[5, 6, 5, 6], [4, 5, 9, 5], [6, 9, 0, 5], [9, 6, 6, 0]]}, {"input": [[4, 0, 4, 0, 5, 5, 5, 0], [4, 4, 4, 4, 5, 5, 5, 5], [0, 4, 4, 0, 0, 5, 5, 0], [0, 0, 0, 4, 5, 5, 5, 5], [6, 6, 6, 6, 0, 0, 9, 9], [0, 0, 6, 0, 9, 0, 0, 0], [6, 0, 6, 6, 0, 9, 0, 9], [6, 0, 6, 0, 9, 9, 0, 9]], "output": [[5, 5, 5, 6], [5, 5, 5, 5], [6, 5, 5, 6], [5, 5, 5, 5]]}, {"input": [[4, 4, 4, 0, 5, 5, 5, 5], [0, 4, 0, 0, 0, 5, 5, 0], [4, 4, 4, 4, 5, 5, 0, 0], [4, 0, 4, 0, 0, 5, 0, 0], [6, 0, 6, 0, 9, 0, 9, 9], [6, 6, 6, 0, 9, 9, 9, 0], [6, 6, 0, 0, 9, 9, 9, 0], [0, 6, 0, 6, 0, 9, 0, 0]], "output": [[5, 5, 5, 5], [6, 5, 5, 0], [5, 5, 9, 4], [4, 5, 4, 6]]}, {"input": [[4, 0, 4, 4, 5, 5, 5, 5], [0, 0, 0, 4, 5, 0, 5, 5], [0, 4, 0, 0, 0, 5, 0, 0], [0, 0, 4, 4, 5, 0, 5, 0], [6, 6, 6, 6, 0, 9, 0, 9], [6, 0, 0, 0, 0, 9, 0, 9], [0, 6, 6, 6, 0, 0, 0, 0], [0, 6, 0, 6, 9, 9, 0, 9]], "output": [[5, 5, 5, 5], [5, 9, 5, 5], [0, 5, 6, 6], [5, 6, 5, 6]]}, {"input": [[4, 4, 4, 0, 0, 0, 0, 0], [0, 0, 4, 4, 0, 0, 5, 0], [0, 4, 0, 0, 0, 0, 0, 5], [0, 0, 4, 4, 5, 0, 5, 0], [0, 0, 6, 0, 9, 9, 9, 9], [0, 0, 0, 0, 9, 0, 0, 0], [6, 0, 6, 6, 0, 9, 0, 9], [6, 0, 6, 6, 0, 9, 0, 9]], "output": [[9, 9, 6, 9], [9, 0, 5, 4], [6, 9, 6, 5], [5, 9, 5, 6]]}, {"input": [[0, 4, 0, 4, 5, 0, 0, 5], [0, 0, 0, 4, 0, 5, 5, 5], [0, 4, 0, 0, 0, 5, 5, 0], [4, 4, 4, 4, 0, 0, 5, 5], [0, 6, 6, 0, 0, 9, 9, 9], [0, 6, 6, 6, 9, 0, 0, 9], [0, 0, 6, 6, 0, 0, 0, 9], [6, 0, 0, 6, 9, 9, 0, 9]], "output": [[5, 6, 6, 5], [9, 5, 5, 5], [0, 5, 5, 6], [6, 9, 5, 5]]}, {"input": [[4, 4, 0, 4, 0, 5, 0, 0], [0, 4, 4, 4, 5, 0, 5, 5], [0, 0, 4, 4, 5, 5, 5, 0], [4, 0, 4, 4, 5, 0, 0, 0], [0, 6, 6, 0, 0, 0, 9, 9], [0, 6, 0, 0, 9, 0, 0, 9], [0, 0, 0, 0, 9, 0, 9, 9], [0, 6, 0, 0, 0, 9, 9, 0]], "output": [[4, 5, 6, 9], [5, 6, 5, 5], [5, 5, 5, 9], [5, 6, 9, 4]]}]