[{"input": [[0, 0, 0, 8, 0, 0, 0, 0, 0], [0, 0, 0, 8, 0, 8, 0, 0, 0], [0, 0, 0, 0, 8, 0, 0, 0, 0], [0, 0, 0, 4, 0, 0, 0, 0, 0], [0, 0, 0, 4, 4, 4, 0, 0, 0], [0, 0, 0, 0, 4, 0, 0, 0, 0]], "output": [[0, 0, 8, 8, 0, 0, 0, 0, 0], [8, 0, 8, 8, 0, 8, 0, 0, 0], [0, 8, 0, 0, 8, 0, 0, 0, 0], [0, 0, 0, 4, 0, 0, 0, 0, 0], [0, 0, 0, 4, 4, 4, 0, 0, 0], [0, 0, 0, 0, 4, 0, 0, 0, 0]]}, {"input": [[0, 0, 0, 8, 0, 0, 0, 0, 0], [0, 0, 0, 0, 0, 8, 0, 0, 0], [0, 0, 0, 0, 8, 0, 0, 0, 0], [0, 0, 0, 4, 0, 0, 0, 0, 0], [0, 0, 0, 4, 4, 4, 0, 0, 0], [0, 0, 0, 0, 4, 0, 0, 0, 0]], "output": [[0, 0, 8, 8, 0, 0, 0, 0, 0], [8, 0, 0, 0, 0, 8, 0, 0, 0], [0, 8, 0, 0, 8, 0, 0, 0, 0], [0, 0, 0, 4, 0, 0, 0, 0, 0], [0, 0, 0, 4, 4, 4, 0, 0, 0], [0, 0, 0, 0, 4, 0, 0, 0, 0]]}, {"input": [[0, 0, 0, 8, 0, 0, 0, 0, 0], [0, 0, 0, 0, 8, 8, 0, 0, 0], [0, 0, 0, 8, 0, 0, 0, 0, 0], [0, 0, 0, 0, 0, 4, 0, 0, 0], [0, 0, 0, 4, 4, 4, 0, 0, 0], [0, 0, 0, 0, 4, 0, 0, 0, 0]], "output": [[0, 0, 0, 8, 0, 0, 0, 0, 8], [0, 0, 0, 0, 8, 8, 8, 8, 0], [0, 0, 0, 8, 0, 0, 0, 0, 8], [0, 0, 0, 0, 0, 4, 0, 0, 0], [0, 0, 0, 4, 4, 4, 0, 0, 0], [0, 0, 0, 0, 4, 0, 0, 0, 0]]}, {"input": [[0, 0, 0, 8, 0, 0, 0, 0, 0], [0, 0, 0, 0, 0, 8, 0, 0, 0], [0, 0, 0, 8, 8, 0, 0, 0, 0], [0, 0, 0, 4, 0, 0, 0, 0, 0], [0, 0, 0, 4, 4, 4, 0, 0, 0], [0, 0, 0, 0, 4, 0, 0, 0, 0]], "output": [[0, 0, 8, 8, 0, 0, 0, 0, 0], [8, 0, 0, 0, 0, 8, 0, 0, 0], [0, 8, 8, 8, 8, 0, 0, 0, 0], [0, 0, 0, 4, 0, 0, 0, 0, 0], [0, 0, 0, 4, 4, 4, 0, 0, 0], [0, 0, 0, 0, 4, 0, 0, 0, 0]]}, {"input": [[0, 0, 0, 0, 8, 0, 0, 0, 0], [0, 0, 0, 8, 0, 8, 0, 0, 0], [0, 0, 0, 8, 0, 0, 0, 0, 0], [0, 0, 0, 4, 0, 0, 0, 0, 0], [0, 0, 0, 4, 4, 4, 0, 0, 0], [0, 0, 0, 0, 4, 0, 0, 0, 0]], "output": [[0, 8, 0, 0, 8, 0, 0, 0, 0], [8, 0, 8, 8, 0, 8, 0, 0, 0], [0, 0, 8, 8, 0, 0, 0, 0, 0], [0, 0, 0, 4, 0, 0, 0, 0, 0], [0, 0, 0, 4, 4, 4, 0, 0, 0], [0, 0, 0, 0, 4, 0, 0, 0, 0]]}, {"input": [[0, 0, 0, 8, 0, 8, 0, 0, 0], [0, 0, 0, 0, 8, 0, 0, 0, 0], [0, 0, 0, 0, 0, 8, 0, 0, 0], [0, 0, 0, 4, 0, 0, 0, 0, 0], [0, 0, 0, 4, 4, 4, 0, 0, 0], [0, 0, 0, 0, 4, 0, 0, 0, 0]], "output": [[8, 0, 8, 8, 0, 8, 0, 0, 0], [0, 8, 0, 0, 8, 0, 0, 0, 0], [8, 0, 0, 0, 0, 8, 0, 0, 0], [0, 0, 0, 4, 0, 0, 0, 0, 0], [0, 0, 0, 4, 4, 4, 0, 0, 0], [0, 0, 0, 0, 4, 0, 0, 0, 0]]}, {"input": [[0, 0, 0, 0, 8, 0, 0, 0, 0], [0, 0, 0, 0, 0, 8, 0, 0, 0], [0, 0, 0, 8, 8, 0, 0, 0, 0], [0, 0, 0, 4, 0, 0, 0, 0, 0], [0, 0, 0, 4, 4, 4, 0, 0, 0], [0, 0, 0, 0, 4, 0, 0, 0, 0]], "output": [[0, 8, 0, 0, 8, 0, 0, 0, 0], [8, 0, 0, 0, 0, 8, 0, 0, 0], [0, 8, 8, 8, 8, 0, 0, 0, 0], [0, 0, 0, 4, 0, 0, 0, 0, 0], [0, 0, 0, 4, 4, 4, 0, 0, 0], [0, 0, 0, 0, 4, 0, 0, 0, 0]]}, {"input": [[0, 0, 0, 8, 0, 0, 0, 0, 0], [0, 0, 0, 0, 8, 0, 0, 0, 0], [0, 0, 0, 0, 8, 8, 0, 0, 0], [0, 0, 0, 0, 0, 4, 0, 0, 0], [0, 0, 0, 4, 4, 4, 0, 0, 0], [0, 0, 0, 0, 4, 0, 0, 0, 0]], "output": [[0, 0, 0, 8, 0, 0, 0, 0, 8], [0, 0, 0, 0, 8, 0, 0, 8, 0], [0, 0, 0, 0, 8, 8, 8, 8, 0], [0, 0, 0, 0, 0, 4, 0, 0, 0], [0, 0, 0, 4, 4, 4, 0, 0, 0], [0, 0, 0, 0, 4, 0, 0, 0, 0]]}, {"input": [[0, 0, 0, 0, 0, 8, 0, 0, 0], [0, 0, 0, 0, 8, 8, 0, 0, 0], [0, 0, 0, 8, 0, 0, 0, 0, 0], [0, 0, 0, 4, 0, 0, 0, 0, 0], [0, 0, 0, 4, 4, 4, 0, 0, 0], [0, 0, 0, 0, 4, 0, 0, 0, 0]], "output": [[8, 0, 0, 0, 0, 8, 0, 0, 0], [8, 8, 0, 0, 8, 8, 0, 0, 0], [0, 0, 8, 8, 0, 0, 0, 0, 0], [0, 0, 0, 4, 0, 0, 0, 0, 0], [0, 0, 0, 4, 4, 4, 0, 0, 0], [0, 0, 0, 0, 4, 0, 0, 0, 0]]}, {"input": [[0, 0, 0, 0, 8, 0, 0, 0, 0], [0, 0, 0, 8, 8, 0, 0, 0, 0], [0, 0, 0, 8, 0, 8, 0, 0, 0], [0, 0, 0, 0, 0, 4, 0, 0, 0], [0, 0, 0, 4, 4, 4, 0, 0, 0], [0, 0, 0, 0, 4, 0, 0, 0, 0]], "output": [[0, 0, 0, 0, 8, 0, 0, 8, 0], [0, 0, 0, 8, 8, 0, 0, 8, 8], [0, 0, 0, 8, 0, 8, 8, 0, 8], [0, 0, 0, 0, 0, 4, 0, 0, 0], [0, 0, 0, 4, 4, 4, 0, 0, 0], [0, 0, 0, 0, 4, 0, 0, 0, 0]]}, {"input": [[0, 0, 0, 8, 0, 0, 0, 0, 0], [0, 0, 0, 8, 8, 0, 0, 0, 0], [0, 0, 0, 0, 0, 8, 0, 0, 0], [0, 0, 0, 0, 0, 4, 0, 0, 0], [0, 0, 0, 4, 4, 4, 0, 0, 0], [0, 0, 0, 0, 4, 0, 0, 0, 0]], "output": [[0, 0, 0, 8, 0, 0, 0, 0, 8], [0, 0, 0, 8, 8, 0, 0, 8, 8], [0, 0, 0, 0, 0, 8, 8, 0, 0], [0, 0, 0, 0, 0, 4, 0, 0, 0], [0, 0, 0, 4, 4, 4, 0, 0, 0], [0, 0, 0, 0, 4, 0, 0, 0, 0]]}, {"input": [[0, 0, 0, 0, 8, 0, 0, 0, 0], [0, 0, 0, 8, 0, 0, 0, 0, 0], [0, 0, 0, 8, 8, 8, 0, 0, 0], [0, 0, 0, 0, 0, 4, 0, 0, 0], [0, 0, 0, 4, 4, 4, 0, 0, 0], [0, 0, 0, 0, 4, 0, 0, 0, 0]], "output": [[0, 0, 0, 0, 8, 0, 0, 8, 0], [0, 0, 0, 8, 0, 0, 0, 0, 8], [0, 0, 0, 8, 8, 8, 8, 8, 8], [0, 0, 0, 0, 0, 4, 0, 0, 0], [0, 0, 0, 4, 4, 4, 0, 0, 0], [0, 0, 0, 0, 4, 0, 0, 0, 0]]}, {"input": [[0, 0, 0, 0, 0, 8, 0, 0, 0], [0, 0, 0, 8, 8, 0, 0, 0, 0], [0, 0, 0, 0, 8, 0, 0, 0, 0], [0, 0, 0, 0, 0, 4, 0, 0, 0], [0, 0, 0, 4, 4, 4, 0, 0, 0], [0, 0, 0, 0, 4, 0, 0, 0, 0]], "output": [[0, 0, 0, 0, 0, 8, 8, 0, 0], [0, 0, 0, 8, 8, 0, 0, 8, 8], [0, 0, 0, 0, 8, 0, 0, 8, 0], [0, 0, 0, 0, 0, 4, 0, 0, 0], [0, 0, 0, 4, 4, 4, 0, 0, 0], [0, 0, 0, 0, 4, 0, 0, 0, 0]]}, {"input": [[0, 0, 0, 0, 8, 8, 0, 0, 0], [0, 0, 0, 0, 8, 0, 0, 0, 0], [0, 0, 0, 8, 0, 0, 0, 0, 0], [0, 0, 0, 0, 0, 4, 0, 0, 0], [0, 0, 0, 4, 4, 4, 0, 0, 0], [0, 0, 0, 0, 4, 0, 0, 0, 0]], "output": [[0, 0, 0, 0, 8, 8, 8, 8, 0], [0, 0, 0, 0, 8, 0, 0, 8, 0], [0, 0, 0, 8, 0, 0, 0, 0, 8], [0, 0, 0, 0, 0, 4, 0, 0, 0], [0, 0, 0, 4, 4, 4, 0, 0, 0], [0, 0, 0, 0, 4, 0, 0, 0, 0]]}, {"input": [[0, 0, 0, 8, 0, 8, 0, 0, 0], [0, 0, 0, 0, 0, 8, 0, 0, 0], [0, 0, 0, 0, 8, 0, 0, 0, 0], [0, 0, 0, 0, 0, 4, 0, 0, 0], [0, 0, 0, 4, 4, 4, 0, 0, 0], [0, 0, 0, 0, 4, 0, 0, 0, 0]], "output": [[0, 0, 0, 8, 0, 8, 8, 0, 8], [0, 0, 0, 0, 0, 8, 8, 0, 0], [0, 0, 0, 0, 8, 0, 0, 8, 0], [0, 0, 0, 0, 0, 4, 0, 0, 0], [0, 0, 0, 4, 4, 4, 0, 0, 0], [0, 0, 0, 0, 4, 0, 0, 0, 0]]}, {"input": [[0, 0, 0, 8, 0, 8, 0, 0, 0], [0, 0, 0, 0, 8, 0, 0, 0, 0], [0, 0, 0, 0, 8, 0, 0, 0, 0], [0, 0, 0, 0, 0, 4, 0, 0, 0], [0, 0, 0, 4, 4, 4, 0, 0, 0], [0, 0, 0, 0, 4, 0, 0, 0, 0]], "output": [[0, 0, 0, 8, 0, 8, 8, 0, 8], [0, 0, 0, 0, 8, 0, 0, 8, 0], [0, 0, 0, 0, 8, 0, 0, 8, 0], [0, 0, 0, 0, 0, 4, 0, 0, 0], [0, 0, 0, 4, 4, 4, 0, 0, 0], [0, 0, 0, 0, 4, 0, 0, 0, 0]]}, {"input": [[0, 0, 0, 0, 8, 8, 0, 0, 0], [0, 0, 0, 8, 0, 0, 0, 0, 0], [0, 0, 0, 8, 8, 0, 0, 0, 0], [0, 0, 0, 0, 0, 4, 0, 0, 0], [0, 0, 0, 4, 4, 4, 0, 0, 0], [0, 0, 0, 0, 4, 0, 0, 0, 0]], "output": [[0, 0, 0, 0, 8, 8, 8, 8, 0], [0, 0, 0, 8, 0, 0, 0, 0, 8], [0, 0, 0, 8, 8, 0, 0, 8, 8], [0, 0, 0, 0, 0, 4, 0, 0, 0], [0, 0, 0, 4, 4, 4, 0, 0, 0], [0, 0, 0, 0, 4, 0, 0, 0, 0]]}, {"input": [[0, 0, 0, 8, 8, 8, 0, 0, 0], [0, 0, 0, 0, 8, 0, 0, 0, 0], [0, 0, 0, 8, 0, 0, 0, 0, 0], [0, 0, 0, 0, 0, 4, 0, 0, 0], [0, 0, 0, 4, 4, 4, 0, 0, 0], [0, 0, 0, 0, 4, 0, 0, 0, 0]], "output": [[0, 0, 0, 8, 8, 8, 8, 8, 8], [0, 0, 0, 0, 8, 0, 0, 8, 0], [0, 0, 0, 8, 0, 0, 0, 0, 8], [0, 0, 0, 0, 0, 4, 0, 0, 0], [0, 0, 0, 4, 4, 4, 0, 0, 0], [0, 0, 0, 0, 4, 0, 0, 0, 0]]}, {"input": [[0, 0, 0, 8, 8, 0, 0, 0, 0], [0, 0, 0, 8, 0, 0, 0, 0, 0], [0, 0, 0, 0, 0, 8, 0, 0, 0], [0, 0, 0, 4, 0, 0, 0, 0, 0], [0, 0, 0, 4, 4, 4, 0, 0, 0], [0, 0, 0, 0, 4, 0, 0, 0, 0]], "output": [[0, 8, 8, 8, 8, 0, 0, 0, 0], [0, 0, 8, 8, 0, 0, 0, 0, 0], [8, 0, 0, 0, 0, 8, 0, 0, 0], [0, 0, 0, 4, 0, 0, 0, 0, 0], [0, 0, 0, 4, 4, 4, 0, 0, 0], [0, 0, 0, 0, 4, 0, 0, 0, 0]]}, {"input": [[0, 0, 0, 0, 8, 8, 0, 0, 0], [0, 0, 0, 8, 0, 0, 0, 0, 0], [0, 0, 0, 0, 8, 0, 0, 0, 0], [0, 0, 0, 4, 0, 0, 0, 0, 0], [0, 0, 0, 4, 4, 4, 0, 0, 0], [0, 0, 0, 0, 4, 0, 0, 0, 0]], "output": [[8, 8, 0, 0, 8, 8, 0, 0, 0], [0, 0, 8, 8, 0, 0, 0, 0, 0], [0, 8, 0, 0, 8, 0, 0, 0, 0], [0, 0, 0, 4, 0, 0, 0, 0, 0], [0, 0, 0, 4, 4, 4, 0, 0, 0], [0, 0, 0, 0, 4, 0, 0, 0, 0]]}, {"input": [[0, 0, 0, 8, 8, 0, 0, 0, 0], [0, 0, 0, 0, 0, 8, 0, 0, 0], [0, 0, 0, 8, 0, 0, 0, 0, 0], [0, 0, 0, 4, 0, 0, 0, 0, 0], [0, 0, 0, 4, 4, 4, 0, 0, 0], [0, 0, 0, 0, 4, 0, 0, 0, 0]], "output": [[0, 8, 8, 8, 8, 0, 0, 0, 0], [8, 0, 0, 0, 0, 8, 0, 0, 0], [0, 0, 8, 8, 0, 0, 0, 0, 0], [0, 0, 0, 4, 0, 0, 0, 0, 0], [0, 0, 0, 4, 4, 4, 0, 0, 0], [0, 0, 0, 0, 4, 0, 0, 0, 0]]}, {"input": [[0, 0, 0, 8, 8, 0, 0, 0, 0], [0, 0, 0, 8, 0, 8, 0, 0, 0], [0, 0, 0, 0, 0, 8, 0, 0, 0], [0, 0, 0, 0, 0, 4, 0, 0, 0], [0, 0, 0, 4, 4, 4, 0, 0, 0], [0, 0, 0, 0, 4, 0, 0, 0, 0]], "output": [[0, 0, 0, 8, 8, 0, 0, 8, 8], [0, 0, 0, 8, 0, 8, 8, 0, 8], [0, 0, 0, 0, 0, 8, 8, 0, 0], [0, 0, 0, 0, 0, 4, 0, 0, 0], [0, 0, 0, 4, 4, 4, 0, 0, 0], [0, 0, 0, 0, 4, 0, 0, 0, 0]]}, {"input": [[0, 0, 0, 0, 8, 0, 0, 0, 0], [0, 0, 0, 0, 0, 8, 0, 0, 0], [0, 0, 0, 8, 8, 8, 0, 0, 0], [0, 0, 0, 0, 0, 4, 0, 0, 0], [0, 0, 0, 4, 4, 4, 0, 0, 0], [0, 0, 0, 0, 4, 0, 0, 0, 0]], "output": [[0, 0, 0, 0, 8, 0, 0, 8, 0], [0, 0, 0, 0, 0, 8, 8, 0, 0], [0, 0, 0, 8, 8, 8, 8, 8, 8], [0, 0, 0, 0, 0, 4, 0, 0, 0], [0, 0, 0, 4, 4, 4, 0, 0, 0], [0, 0, 0, 0, 4, 0, 0, 0, 0]]}, {"input": [[0, 0, 0, 8, 8, 0, 0, 0, 0], [0, 0, 0, 0, 0, 8, 0, 0, 0], [0, 0, 0, 0, 8, 8, 0, 0, 0], [0, 0, 0, 0, 0, 4, 0, 0, 0], [0, 0, 0, 4, 4, 4, 0, 0, 0], [0, 0, 0, 0, 4, 0, 0, 0, 0]], "output": [[0, 0, 0, 8, 8, 0, 0, 8, 8], [0, 0, 0, 0, 0, 8, 8, 0, 0], [0, 0, 0, 0, 8, 8, 8, 8, 0], [0, 0, 0, 0, 0, 4, 0, 0, 0], [0, 0, 0, 4, 4, 4, 0, 0, 0], [0, 0, 0, 0, 4, 0, 0, 0, 0]]}, {"input": [[0, 0, 0, 0, 0, 8, 0, 0, 0], [0, 0, 0, 8, 0, 0, 0, 0, 0], [0, 0, 0, 0, 8, 8, 0, 0, 0], [0, 0, 0, 0, 0, 4, 0, 0, 0], [0, 0, 0, 4, 4, 4, 0, 0, 0], [0, 0, 0, 0, 4, 0, 0, 0, 0]], "output": [[0, 0, 0, 0, 0, 8, 8, 0, 0], [0, 0, 0, 8, 0, 0, 0, 0, 8], [0, 0, 0, 0, 8, 8, 8, 8, 0], [0, 0, 0, 0, 0, 4, 0, 0, 0], [0, 0, 0, 4, 4, 4, 0, 0, 0], [0, 0, 0, 0, 4, 0, 0, 0, 0]]}, {"input": [[0, 0, 0, 8, 0, 8, 0, 0, 0], [0, 0, 0, 0, 0, 8, 0, 0, 0], [0, 0, 0, 8, 8, 0, 0, 0, 0], [0, 0, 0, 4, 0, 0, 0, 0, 0], [0, 0, 0, 4, 4, 4, 0, 0, 0], [0, 0, 0, 0, 4, 0, 0, 0, 0]], "output": [[8, 0, 8, 8, 0, 8, 0, 0, 0], [8, 0, 0, 0, 0, 8, 0, 0, 0], [0, 8, 8, 8, 8, 0, 0, 0, 0], [0, 0, 0, 4, 0, 0, 0, 0, 0], [0, 0, 0, 4, 4, 4, 0, 0, 0], [0, 0, 0, 0, 4, 0, 0, 0, 0]]}, {"input": [[0, 0, 0, 8, 0, 8, 0, 0, 0], [0, 0, 0, 8, 8, 0, 0, 0, 0], [0, 0, 0, 8, 0, 0, 0, 0, 0], [0, 0, 0, 4, 0, 0, 0, 0, 0], [0, 0, 0, 4, 4, 4, 0, 0, 0], [0, 0, 0, 0, 4, 0, 0, 0, 0]], "output": [[8, 0, 8, 8, 0, 8, 0, 0, 0], [0, 8, 8, 8, 8, 0, 0, 0, 0], [0, 0, 8, 8, 0, 0, 0, 0, 0], [0, 0, 0, 4, 0, 0, 0, 0, 0], [0, 0, 0, 4, 4, 4, 0, 0, 0], [0, 0, 0, 0, 4, 0, 0, 0, 0]]}, {"input": [[0, 0, 0, 8, 0, 8, 0, 0, 0], [0, 0, 0, 0, 8, 0, 0, 0, 0], [0, 0, 0, 0, 0, 8, 0, 0, 0], [0, 0, 0, 0, 0, 4, 0, 0, 0], [0, 0, 0, 4, 4, 4, 0, 0, 0], [0, 0, 0, 0, 4, 0, 0, 0, 0]], "output": [[0, 0, 0, 8, 0, 8, 8, 0, 8], [0, 0, 0, 0, 8, 0, 0, 8, 0], [0, 0, 0, 0, 0, 8, 8, 0, 0], [0, 0, 0, 0, 0, 4, 0, 0, 0], [0, 0, 0, 4, 4, 4, 0, 0, 0], [0, 0, 0, 0, 4, 0, 0, 0, 0]]}, {"input": [[0, 0, 0, 0, 0, 8, 0, 0, 0], [0, 0, 0, 8, 0, 0, 0, 0, 0], [0, 0, 0, 8, 8, 0, 0, 0, 0], [0, 0, 0, 4, 0, 0, 0, 0, 0], [0, 0, 0, 4, 4, 4, 0, 0, 0], [0, 0, 0, 0, 4, 0, 0, 0, 0]], "output": [[8, 0, 0, 0, 0, 8, 0, 0, 0], [0, 0, 8, 8, 0, 0, 0, 0, 0], [0, 8, 8, 8, 8, 0, 0, 0, 0], [0, 0, 0, 4, 0, 0, 0, 0, 0], [0, 0, 0, 4, 4, 4, 0, 0, 0], [0, 0, 0, 0, 4, 0, 0, 0, 0]]}, {"input": [[0, 0, 0, 0, 0, 8, 0, 0, 0], [0, 0, 0, 8, 0, 0, 0, 0, 0], [0, 0, 0, 0, 8, 8, 0, 0, 0], [0, 0, 0, 4, 0, 0, 0, 0, 0], [0, 0, 0, 4, 4, 4, 0, 0, 0], [0, 0, 0, 0, 4, 0, 0, 0, 0]], "output": [[8, 0, 0, 0, 0, 8, 0, 0, 0], [0, 0, 8, 8, 0, 0, 0, 0, 0], [8, 8, 0, 0, 8, 8, 0, 0, 0], [0, 0, 0, 4, 0, 0, 0, 0, 0], [0, 0, 0, 4, 4, 4, 0, 0, 0], [0, 0, 0, 0, 4, 0, 0, 0, 0]]}, {"input": [[0, 0, 0, 0, 0, 8, 0, 0, 0], [0, 0, 0, 0, 8, 0, 0, 0, 0], [0, 0, 0, 8, 8, 0, 0, 0, 0], [0, 0, 0, 4, 0, 0, 0, 0, 0], [0, 0, 0, 4, 4, 4, 0, 0, 0], [0, 0, 0, 0, 4, 0, 0, 0, 0]], "output": [[8, 0, 0, 0, 0, 8, 0, 0, 0], [0, 8, 0, 0, 8, 0, 0, 0, 0], [0, 8, 8, 8, 8, 0, 0, 0, 0], [0, 0, 0, 4, 0, 0, 0, 0, 0], [0, 0, 0, 4, 4, 4, 0, 0, 0], [0, 0, 0, 0, 4, 0, 0, 0, 0]]}, {"input": [[0, 0, 0, 0, 8, 8, 0, 0, 0], [0, 0, 0, 8, 0, 0, 0, 0, 0], [0, 0, 0, 0, 8, 8, 0, 0, 0], [0, 0, 0, 4, 0, 0, 0, 0, 0], [0, 0, 0, 4, 4, 4, 0, 0, 0], [0, 0, 0, 0, 4, 0, 0, 0, 0]], "output": [[8, 8, 0, 0, 8, 8, 0, 0, 0], [0, 0, 8, 8, 0, 0, 0, 0, 0], [8, 8, 0, 0, 8, 8, 0, 0, 0], [0, 0, 0, 4, 0, 0, 0, 0, 0], [0, 0, 0, 4, 4, 4, 0, 0, 0], [0, 0, 0, 0, 4, 0, 0, 0, 0]]}, {"input": [[0, 0, 0, 0, 8, 8, 0, 0, 0], [0, 0, 0, 8, 0, 0, 0, 0, 0], [0, 0, 0, 0, 0, 8, 0, 0, 0], [0, 0, 0, 0, 0, 4, 0, 0, 0], [0, 0, 0, 4, 4, 4, 0, 0, 0], [0, 0, 0, 0, 4, 0, 0, 0, 0]], "output": [[0, 0, 0, 0, 8, 8, 8, 8, 0], [0, 0, 0, 8, 0, 0, 0, 0, 8], [0, 0, 0, 0, 0, 8, 8, 0, 0], [0, 0, 0, 0, 0, 4, 0, 0, 0], [0, 0, 0, 4, 4, 4, 0, 0, 0], [0, 0, 0, 0, 4, 0, 0, 0, 0]]}, {"input": [[0, 0, 0, 8, 0, 0, 0, 0, 0], [0, 0, 0, 0, 0, 8, 0, 0, 0], [0, 0, 0, 0, 8, 8, 0, 0, 0], [0, 0, 0, 0, 0, 4, 0, 0, 0], [0, 0, 0, 4, 4, 4, 0, 0, 0], [0, 0, 0, 0, 4, 0, 0, 0, 0]], "output": [[0, 0, 0, 8, 0, 0, 0, 0, 8], [0, 0, 0, 0, 0, 8, 8, 0, 0], [0, 0, 0, 0, 8, 8, 8, 8, 0], [0, 0, 0, 0, 0, 4, 0, 0, 0], [0, 0, 0, 4, 4, 4, 0, 0, 0], [0, 0, 0, 0, 4, 0, 0, 0, 0]]}, {"input": [[0, 0, 0, 0, 0, 8, 0, 0, 0], [0, 0, 0, 8, 8, 0, 0, 0, 0], [0, 0, 0, 8, 8, 0, 0, 0, 0], [0, 0, 0, 4, 0, 0, 0, 0, 0], [0, 0, 0, 4, 4, 4, 0, 0, 0], [0, 0, 0, 0, 4, 0, 0, 0, 0]], "output": [[8, 0, 0, 0, 0, 8, 0, 0, 0], [0, 8, 8, 8, 8, 0, 0, 0, 0], [0, 8, 8, 8, 8, 0, 0, 0, 0], [0, 0, 0, 4, 0, 0, 0, 0, 0], [0, 0, 0, 4, 4, 4, 0, 0, 0], [0, 0, 0, 0, 4, 0, 0, 0, 0]]}, {"input": [[0, 0, 0, 8, 0, 0, 0, 0, 0], [0, 0, 0, 8, 0, 8, 0, 0, 0], [0, 0, 0, 0, 8, 8, 0, 0, 0], [0, 0, 0, 0, 0, 4, 0, 0, 0], [0, 0, 0, 4, 4, 4, 0, 0, 0], [0, 0, 0, 0, 4, 0, 0, 0, 0]], "output": [[0, 0, 0, 8, 0, 0, 0, 0, 8], [0, 0, 0, 8, 0, 8, 8, 0, 8], [0, 0, 0, 0, 8, 8, 8, 8, 0], [0, 0, 0, 0, 0, 4, 0, 0, 0], [0, 0, 0, 4, 4, 4, 0, 0, 0], [0, 0, 0, 0, 4, 0, 0, 0, 0]]}, {"input": [[0, 0, 0, 0, 0, 8, 0, 0, 0], [0, 0, 0, 8, 0, 0, 0, 0, 0], [0, 0, 0, 0, 8, 0, 0, 0, 0], [0, 0, 0, 0, 0, 4, 0, 0, 0], [0, 0, 0, 4, 4, 4, 0, 0, 0], [0, 0, 0, 0, 4, 0, 0, 0, 0]], "output": [[0, 0, 0, 0, 0, 8, 8, 0, 0], [0, 0, 0, 8, 0, 0, 0, 0, 8], [0, 0, 0, 0, 8, 0, 0, 8, 0], [0, 0, 0, 0, 0, 4, 0, 0, 0], [0, 0, 0, 4, 4, 4, 0, 0, 0], [0, 0, 0, 0, 4, 0, 0, 0, 0]]}, {"input": [[0, 0, 0, 0, 8, 0, 0, 0, 0], [0, 0, 0, 0, 8, 8, 0, 0, 0], [0, 0, 0, 8, 8, 8, 0, 0, 0], [0, 0, 0, 4, 0, 0, 0, 0, 0], [0, 0, 0, 4, 4, 4, 0, 0, 0], [0, 0, 0, 0, 4, 0, 0, 0, 0]], "output": [[0, 8, 0, 0, 8, 0, 0, 0, 0], [8, 8, 0, 0, 8, 8, 0, 0, 0], [8, 8, 8, 8, 8, 8, 0, 0, 0], [0, 0, 0, 4, 0, 0, 0, 0, 0], [0, 0, 0, 4, 4, 4, 0, 0, 0], [0, 0, 0, 0, 4, 0, 0, 0, 0]]}, {"input": [[0, 0, 0, 8, 0, 8, 0, 0, 0], [0, 0, 0, 0, 8, 0, 0, 0, 0], [0, 0, 0, 8, 0, 0, 0, 0, 0], [0, 0, 0, 0, 0, 4, 0, 0, 0], [0, 0, 0, 4, 4, 4, 0, 0, 0], [0, 0, 0, 0, 4, 0, 0, 0, 0]], "output": [[0, 0, 0, 8, 0, 8, 8, 0, 8], [0, 0, 0, 0, 8, 0, 0, 8, 0], [0, 0, 0, 8, 0, 0, 0, 0, 8], [0, 0, 0, 0, 0, 4, 0, 0, 0], [0, 0, 0, 4, 4, 4, 0, 0, 0], [0, 0, 0, 0, 4, 0, 0, 0, 0]]}, {"input": [[0, 0, 0, 0, 0, 8, 0, 0, 0], [0, 0, 0, 8, 0, 0, 0, 0, 0], [0, 0, 0, 0, 8, 0, 0, 0, 0], [0, 0, 0, 4, 0, 0, 0, 0, 0], [0, 0, 0, 4, 4, 4, 0, 0, 0], [0, 0, 0, 0, 4, 0, 0, 0, 0]], "output": [[8, 0, 0, 0, 0, 8, 0, 0, 0], [0, 0, 8, 8, 0, 0, 0, 0, 0], [0, 8, 0, 0, 8, 0, 0, 0, 0], [0, 0, 0, 4, 0, 0, 0, 0, 0], [0, 0, 0, 4, 4, 4, 0, 0, 0], [0, 0, 0, 0, 4, 0, 0, 0, 0]]}, {"input": [[0, 0, 0, 0, 8, 0, 0, 0, 0], [0, 0, 0, 8, 0, 0, 0, 0, 0], [0, 0, 0, 0, 0, 8, 0, 0, 0], [0, 0, 0, 4, 0, 0, 0, 0, 0], [0, 0, 0, 4, 4, 4, 0, 0, 0], [0, 0, 0, 0, 4, 0, 0, 0, 0]], "output": [[0, 8, 0, 0, 8, 0, 0, 0, 0], [0, 0, 8, 8, 0, 0, 0, 0, 0], [8, 0, 0, 0, 0, 8, 0, 0, 0], [0, 0, 0, 4, 0, 0, 0, 0, 0], [0, 0, 0, 4, 4, 4, 0, 0, 0], [0, 0, 0, 0, 4, 0, 0, 0, 0]]}, {"input": [[0, 0, 0, 8, 8, 0, 0, 0, 0], [0, 0, 0, 8, 0, 0, 0, 0, 0], [0, 0, 0, 0, 0, 8, 0, 0, 0], [0, 0, 0, 0, 0, 4, 0, 0, 0], [0, 0, 0, 4, 4, 4, 0, 0, 0], [0, 0, 0, 0, 4, 0, 0, 0, 0]], "output": [[0, 0, 0, 8, 8, 0, 0, 8, 8], [0, 0, 0, 8, 0, 0, 0, 0, 8], [0, 0, 0, 0, 0, 8, 8, 0, 0], [0, 0, 0, 0, 0, 4, 0, 0, 0], [0, 0, 0, 4, 4, 4, 0, 0, 0], [0, 0, 0, 0, 4, 0, 0, 0, 0]]}, {"input": [[0, 0, 0, 0, 8, 8, 0, 0, 0], [0, 0, 0, 0, 8, 8, 0, 0, 0], [0, 0, 0, 8, 0, 0, 0, 0, 0], [0, 0, 0, 4, 0, 0, 0, 0, 0], [0, 0, 0, 4, 4, 4, 0, 0, 0], [0, 0, 0, 0, 4, 0, 0, 0, 0]], "output": [[8, 8, 0, 0, 8, 8, 0, 0, 0], [8, 8, 0, 0, 8, 8, 0, 0, 0], [0, 0, 8, 8, 0, 0, 0, 0, 0], [0, 0, 0, 4, 0, 0, 0, 0, 0], [0, 0, 0, 4, 4, 4, 0, 0, 0], [0, 0, 0, 0, 4, 0, 0, 0, 0]]}, {"input": [[0, 0, 0, 8, 0, 0, 0, 0, 0], [0, 0, 0, 0, 8, 0, 0, 0, 0], [0, 0, 0, 8, 8, 8, 0, 0, 0], [0, 0, 0, 4, 0, 0, 0, 0, 0], [0, 0, 0, 4, 4, 4, 0, 0, 0], [0, 0, 0, 0, 4, 0, 0, 0, 0]], "output": [[0, 0, 8, 8, 0, 0, 0, 0, 0], [0, 8, 0, 0, 8, 0, 0, 0, 0], [8, 8, 8, 8, 8, 8, 0, 0, 0], [0, 0, 0, 4, 0, 0, 0, 0, 0], [0, 0, 0, 4, 4, 4, 0, 0, 0], [0, 0, 0, 0, 4, 0, 0, 0, 0]]}, {"input": [[0, 0, 0, 8, 8, 0, 0, 0, 0], [0, 0, 0, 0, 8, 0, 0, 0, 0], [0, 0, 0, 0, 0, 8, 0, 0, 0], [0, 0, 0, 0, 0, 4, 0, 0, 0], [0, 0, 0, 4, 4, 4, 0, 0, 0], [0, 0, 0, 0, 4, 0, 0, 0, 0]], "output": [[0, 0, 0, 8, 8, 0, 0, 8, 8], [0, 0, 0, 0, 8, 0, 0, 8, 0], [0, 0, 0, 0, 0, 8, 8, 0, 0], [0, 0, 0, 0, 0, 4, 0, 0, 0], [0, 0, 0, 4, 4, 4, 0, 0, 0], [0, 0, 0, 0, 4, 0, 0, 0, 0]]}, {"input": [[0, 0, 0, 8, 0, 0, 0, 0, 0], [0, 0, 0, 8, 0, 8, 0, 0, 0], [0, 0, 0, 0, 8, 8, 0, 0, 0], [0, 0, 0, 4, 0, 0, 0, 0, 0], [0, 0, 0, 4, 4, 4, 0, 0, 0], [0, 0, 0, 0, 4, 0, 0, 0, 0]], "output": [[0, 0, 8, 8, 0, 0, 0, 0, 0], [8, 0, 8, 8, 0, 8, 0, 0, 0], [8, 8, 0, 0, 8, 8, 0, 0, 0], [0, 0, 0, 4, 0, 0, 0, 0, 0], [0, 0, 0, 4, 4, 4, 0, 0, 0], [0, 0, 0, 0, 4, 0, 0, 0, 0]]}, {"input": [[0, 0, 0, 0, 8, 8, 0, 0, 0], [0, 0, 0, 0, 0, 8, 0, 0, 0], [0, 0, 0, 8, 0, 0, 0, 0, 0], [0, 0, 0, 4, 0, 0, 0, 0, 0], [0, 0, 0, 4, 4, 4, 0, 0, 0], [0, 0, 0, 0, 4, 0, 0, 0, 0]], "output": [[8, 8, 0, 0, 8, 8, 0, 0, 0], [8, 0, 0, 0, 0, 8, 0, 0, 0], [0, 0, 8, 8, 0, 0, 0, 0, 0], [0, 0, 0, 4, 0, 0, 0, 0, 0], [0, 0, 0, 4, 4, 4, 0, 0, 0], [0, 0, 0, 0, 4, 0, 0, 0, 0]]}, {"input": [[0, 0, 0, 0, 8, 0, 0, 0, 0], [0, 0, 0, 0, 0, 8, 0, 0, 0], [0, 0, 0, 8, 0, 0, 0, 0, 0], [0, 0, 0, 0, 0, 4, 0, 0, 0], [0, 0, 0, 4, 4, 4, 0, 0, 0], [0, 0, 0, 0, 4, 0, 0, 0, 0]], "output": [[0, 0, 0, 0, 8, 0, 0, 8, 0], [0, 0, 0, 0, 0, 8, 8, 0, 0], [0, 0, 0, 8, 0, 0, 0, 0, 8], [0, 0, 0, 0, 0, 4, 0, 0, 0], [0, 0, 0, 4, 4, 4, 0, 0, 0], [0, 0, 0, 0, 4, 0, 0, 0, 0]]}, {"input": [[0, 0, 0, 8, 8, 8, 0, 0, 0], [0, 0, 0, 8, 0, 0, 0, 0, 0], [0, 0, 0, 0, 0, 8, 0, 0, 0], [0, 0, 0, 0, 0, 4, 0, 0, 0], [0, 0, 0, 4, 4, 4, 0, 0, 0], [0, 0, 0, 0, 4, 0, 0, 0, 0]], "output": [[0, 0, 0, 8, 8, 8, 8, 8, 8], [0, 0, 0, 8, 0, 0, 0, 0, 8], [0, 0, 0, 0, 0, 8, 8, 0, 0], [0, 0, 0, 0, 0, 4, 0, 0, 0], [0, 0, 0, 4, 4, 4, 0, 0, 0], [0, 0, 0, 0, 4, 0, 0, 0, 0]]}, {"input": [[0, 0, 0, 8, 8, 8, 0, 0, 0], [0, 0, 0, 0, 0, 8, 0, 0, 0], [0, 0, 0, 8, 0, 0, 0, 0, 0], [0, 0, 0, 0, 0, 4, 0, 0, 0], [0, 0, 0, 4, 4, 4, 0, 0, 0], [0, 0, 0, 0, 4, 0, 0, 0, 0]], "output": [[0, 0, 0, 8, 8, 8, 8, 8, 8], [0, 0, 0, 0, 0, 8, 8, 0, 0], [0, 0, 0, 8, 0, 0, 0, 0, 8], [0, 0, 0, 0, 0, 4, 0, 0, 0], [0, 0, 0, 4, 4, 4, 0, 0, 0], [0, 0, 0, 0, 4, 0, 0, 0, 0]]}, {"input": [[0, 0, 0, 8, 0, 8, 0, 0, 0], [0, 0, 0, 8, 8, 0, 0, 0, 0], [0, 0, 0, 8, 0, 0, 0, 0, 0], [0, 0, 0, 0, 0, 4, 0, 0, 0], [0, 0, 0, 4, 4, 4, 0, 0, 0], [0, 0, 0, 0, 4, 0, 0, 0, 0]], "output": [[0, 0, 0, 8, 0, 8, 8, 0, 8], [0, 0, 0, 8, 8, 0, 0, 8, 8], [0, 0, 0, 8, 0, 0, 0, 0, 8], [0, 0, 0, 0, 0, 4, 0, 0, 0], [0, 0, 0, 4, 4, 4, 0, 0, 0], [0, 0, 0, 0, 4, 0, 0, 0, 0]]}, {"input": [[0, 0, 0, 0, 8, 0, 0, 0, 0], [0, 0, 0, 0, 8, 8, 0, 0, 0], [0, 0, 0, 8, 0, 0, 0, 0, 0], [0, 0, 0, 4, 0, 0, 0, 0, 0], [0, 0, 0, 4, 4, 4, 0, 0, 0], [0, 0, 0, 0, 4, 0, 0, 0, 0]], "output": [[0, 8, 0, 0, 8, 0, 0, 0, 0], [8, 8, 0, 0, 8, 8, 0, 0, 0], [0, 0, 8, 8, 0, 0, 0, 0, 0], [0, 0, 0, 4, 0, 0, 0, 0, 0], [0, 0, 0, 4, 4, 4, 0, 0, 0], [0, 0, 0, 0, 4, 0, 0, 0, 0]]}, {"input": [[0, 0, 0, 8, 0, 0, 0, 0, 0], [0, 0, 0, 0, 8, 8, 0, 0, 0], [0, 0, 0, 0, 8, 8, 0, 0, 0], [0, 0, 0, 4, 0, 0, 0, 0, 0], [0, 0, 0, 4, 4, 4, 0, 0, 0], [0, 0, 0, 0, 4, 0, 0, 0, 0]], "output": [[0, 0, 8, 8, 0, 0, 0, 0, 0], [8, 8, 0, 0, 8, 8, 0, 0, 0], [8, 8, 0, 0, 8, 8, 0, 0, 0], [0, 0, 0, 4, 0, 0, 0, 0, 0], [0, 0, 0, 4, 4, 4, 0, 0, 0], [0, 0, 0, 0, 4, 0, 0, 0, 0]]}, {"input": [[0, 0, 0, 0, 8, 0, 0, 0, 0], [0, 0, 0, 0, 0, 8, 0, 0, 0], [0, 0, 0, 8, 0, 8, 0, 0, 0], [0, 0, 0, 0, 0, 4, 0, 0, 0], [0, 0, 0, 4, 4, 4, 0, 0, 0], [0, 0, 0, 0, 4, 0, 0, 0, 0]], "output": [[0, 0, 0, 0, 8, 0, 0, 8, 0], [0, 0, 0, 0, 0, 8, 8, 0, 0], [0, 0, 0, 8, 0, 8, 8, 0, 8], [0, 0, 0, 0, 0, 4, 0, 0, 0], [0, 0, 0, 4, 4, 4, 0, 0, 0], [0, 0, 0, 0, 4, 0, 0, 0, 0]]}, {"input": [[0, 0, 0, 0, 0, 8, 0, 0, 0], [0, 0, 0, 8, 8, 0, 0, 0, 0], [0, 0, 0, 8, 0, 0, 0, 0, 0], [0, 0, 0, 4, 0, 0, 0, 0, 0], [0, 0, 0, 4, 4, 4, 0, 0, 0], [0, 0, 0, 0, 4, 0, 0, 0, 0]], "output": [[8, 0, 0, 0, 0, 8, 0, 0, 0], [0, 8, 8, 8, 8, 0, 0, 0, 0], [0, 0, 8, 8, 0, 0, 0, 0, 0], [0, 0, 0, 4, 0, 0, 0, 0, 0], [0, 0, 0, 4, 4, 4, 0, 0, 0], [0, 0, 0, 0, 4, 0, 0, 0, 0]]}, {"input": [[0, 0, 0, 0, 8, 0, 0, 0, 0], [0, 0, 0, 8, 0, 0, 0, 0, 0], [0, 0, 0, 8, 0, 8, 0, 0, 0], [0, 0, 0, 0, 0, 4, 0, 0, 0], [0, 0, 0, 4, 4, 4, 0, 0, 0], [0, 0, 0, 0, 4, 0, 0, 0, 0]], "output": [[0, 0, 0, 0, 8, 0, 0, 8, 0], [0, 0, 0, 8, 0, 0, 0, 0, 8], [0, 0, 0, 8, 0, 8, 8, 0, 8], [0, 0, 0, 0, 0, 4, 0, 0, 0], [0, 0, 0, 4, 4, 4, 0, 0, 0], [0, 0, 0, 0, 4, 0, 0, 0, 0]]}, {"input": [[0, 0, 0, 0, 8, 0, 0, 0, 0], [0, 0, 0, 0, 8, 0, 0, 0, 0], [0, 0, 0, 8, 0, 8, 0, 0, 0], [0, 0, 0, 0, 0, 4, 0, 0, 0], [0, 0, 0, 4, 4, 4, 0, 0, 0], [0, 0, 0, 0, 4, 0, 0, 0, 0]], "output": [[0, 0, 0, 0, 8, 0, 0, 8, 0], [0, 0, 0, 0, 8, 0, 0, 8, 0], [0, 0, 0, 8, 0, 8, 8, 0, 8], [0, 0, 0, 0, 0, 4, 0, 0, 0], [0, 0, 0, 4, 4, 4, 0, 0, 0], [0, 0, 0, 0, 4, 0, 0, 0, 0]]}, {"input": [[0, 0, 0, 8, 0, 8, 0, 0, 0], [0, 0, 0, 0, 8, 0, 0, 0, 0], [0, 0, 0, 8, 8, 0, 0, 0, 0], [0, 0, 0, 0, 0, 4, 0, 0, 0], [0, 0, 0, 4, 4, 4, 0, 0, 0], [0, 0, 0, 0, 4, 0, 0, 0, 0]], "output": [[0, 0, 0, 8, 0, 8, 8, 0, 8], [0, 0, 0, 0, 8, 0, 0, 8, 0], [0, 0, 0, 8, 8, 0, 0, 8, 8], [0, 0, 0, 0, 0, 4, 0, 0, 0], [0, 0, 0, 4, 4, 4, 0, 0, 0], [0, 0, 0, 0, 4, 0, 0, 0, 0]]}, {"input": [[0, 0, 0, 0, 8, 0, 0, 0, 0], [0, 0, 0, 8, 0, 0, 0, 0, 0], [0, 0, 0, 0, 0, 8, 0, 0, 0], [0, 0, 0, 0, 0, 4, 0, 0, 0], [0, 0, 0, 4, 4, 4, 0, 0, 0], [0, 0, 0, 0, 4, 0, 0, 0, 0]], "output": [[0, 0, 0, 0, 8, 0, 0, 8, 0], [0, 0, 0, 8, 0, 0, 0, 0, 8], [0, 0, 0, 0, 0, 8, 8, 0, 0], [0, 0, 0, 0, 0, 4, 0, 0, 0], [0, 0, 0, 4, 4, 4, 0, 0, 0], [0, 0, 0, 0, 4, 0, 0, 0, 0]]}, {"input": [[0, 0, 0, 0, 0, 8, 0, 0, 0], [0, 0, 0, 0, 0, 8, 0, 0, 0], [0, 0, 0, 8, 8, 0, 0, 0, 0], [0, 0, 0, 0, 0, 4, 0, 0, 0], [0, 0, 0, 4, 4, 4, 0, 0, 0], [0, 0, 0, 0, 4, 0, 0, 0, 0]], "output": [[0, 0, 0, 0, 0, 8, 8, 0, 0], [0, 0, 0, 0, 0, 8, 8, 0, 0], [0, 0, 0, 8, 8, 0, 0, 8, 8], [0, 0, 0, 0, 0, 4, 0, 0, 0], [0, 0, 0, 4, 4, 4, 0, 0, 0], [0, 0, 0, 0, 4, 0, 0, 0, 0]]}, {"input": [[0, 0, 0, 0, 0, 8, 0, 0, 0], [0, 0, 0, 8, 8, 0, 0, 0, 0], [0, 0, 0, 0, 8, 0, 0, 0, 0], [0, 0, 0, 4, 0, 0, 0, 0, 0], [0, 0, 0, 4, 4, 4, 0, 0, 0], [0, 0, 0, 0, 4, 0, 0, 0, 0]], "output": [[8, 0, 0, 0, 0, 8, 0, 0, 0], [0, 8, 8, 8, 8, 0, 0, 0, 0], [0, 8, 0, 0, 8, 0, 0, 0, 0], [0, 0, 0, 4, 0, 0, 0, 0, 0], [0, 0, 0, 4, 4, 4, 0, 0, 0], [0, 0, 0, 0, 4, 0, 0, 0, 0]]}, {"input": [[0, 0, 0, 8, 8, 0, 0, 0, 0], [0, 0, 0, 8, 0, 0, 0, 0, 0], [0, 0, 0, 0, 8, 8, 0, 0, 0], [0, 0, 0, 4, 0, 0, 0, 0, 0], [0, 0, 0, 4, 4, 4, 0, 0, 0], [0, 0, 0, 0, 4, 0, 0, 0, 0]], "output": [[0, 8, 8, 8, 8, 0, 0, 0, 0], [0, 0, 8, 8, 0, 0, 0, 0, 0], [8, 8, 0, 0, 8, 8, 0, 0, 0], [0, 0, 0, 4, 0, 0, 0, 0, 0], [0, 0, 0, 4, 4, 4, 0, 0, 0], [0, 0, 0, 0, 4, 0, 0, 0, 0]]}, {"input": [[0, 0, 0, 8, 0, 0, 0, 0, 0], [0, 0, 0, 0, 8, 8, 0, 0, 0], [0, 0, 0, 0, 0, 8, 0, 0, 0], [0, 0, 0, 0, 0, 4, 0, 0, 0], [0, 0, 0, 4, 4, 4, 0, 0, 0], [0, 0, 0, 0, 4, 0, 0, 0, 0]], "output": [[0, 0, 0, 8, 0, 0, 0, 0, 8], [0, 0, 0, 0, 8, 8, 8, 8, 0], [0, 0, 0, 0, 0, 8, 8, 0, 0], [0, 0, 0, 0, 0, 4, 0, 0, 0], [0, 0, 0, 4, 4, 4, 0, 0, 0], [0, 0, 0, 0, 4, 0, 0, 0, 0]]}, {"input": [[0, 0, 0, 8, 0, 8, 0, 0, 0], [0, 0, 0, 8, 8, 0, 0, 0, 0], [0, 0, 0, 0, 8, 0, 0, 0, 0], [0, 0, 0, 0, 0, 4, 0, 0, 0], [0, 0, 0, 4, 4, 4, 0, 0, 0], [0, 0, 0, 0, 4, 0, 0, 0, 0]], "output": [[0, 0, 0, 8, 0, 8, 8, 0, 8], [0, 0, 0, 8, 8, 0, 0, 8, 8], [0, 0, 0, 0, 8, 0, 0, 8, 0], [0, 0, 0, 0, 0, 4, 0, 0, 0], [0, 0, 0, 4, 4, 4, 0, 0, 0], [0, 0, 0, 0, 4, 0, 0, 0, 0]]}, {"input": [[0, 0, 0, 8, 0, 0, 0, 0, 0], [0, 0, 0, 0, 0, 8, 0, 0, 0], [0, 0, 0, 8, 8, 8, 0, 0, 0], [0, 0, 0, 4, 0, 0, 0, 0, 0], [0, 0, 0, 4, 4, 4, 0, 0, 0], [0, 0, 0, 0, 4, 0, 0, 0, 0]], "output": [[0, 0, 8, 8, 0, 0, 0, 0, 0], [8, 0, 0, 0, 0, 8, 0, 0, 0], [8, 8, 8, 8, 8, 8, 0, 0, 0], [0, 0, 0, 4, 0, 0, 0, 0, 0], [0, 0, 0, 4, 4, 4, 0, 0, 0], [0, 0, 0, 0, 4, 0, 0, 0, 0]]}, {"input": [[0, 0, 0, 8, 0, 0, 0, 0, 0], [0, 0, 0, 0, 8, 0, 0, 0, 0], [0, 0, 0, 0, 0, 8, 0, 0, 0], [0, 0, 0, 4, 0, 0, 0, 0, 0], [0, 0, 0, 4, 4, 4, 0, 0, 0], [0, 0, 0, 0, 4, 0, 0, 0, 0]], "output": [[0, 0, 8, 8, 0, 0, 0, 0, 0], [0, 8, 0, 0, 8, 0, 0, 0, 0], [8, 0, 0, 0, 0, 8, 0, 0, 0], [0, 0, 0, 4, 0, 0, 0, 0, 0], [0, 0, 0, 4, 4, 4, 0, 0, 0], [0, 0, 0, 0, 4, 0, 0, 0, 0]]}, {"input": [[0, 0, 0, 8, 0, 0, 0, 0, 0], [0, 0, 0, 0, 8, 0, 0, 0, 0], [0, 0, 0, 0, 0, 8, 0, 0, 0], [0, 0, 0, 0, 0, 4, 0, 0, 0], [0, 0, 0, 4, 4, 4, 0, 0, 0], [0, 0, 0, 0, 4, 0, 0, 0, 0]], "output": [[0, 0, 0, 8, 0, 0, 0, 0, 8], [0, 0, 0, 0, 8, 0, 0, 8, 0], [0, 0, 0, 0, 0, 8, 8, 0, 0], [0, 0, 0, 0, 0, 4, 0, 0, 0], [0, 0, 0, 4, 4, 4, 0, 0, 0], [0, 0, 0, 0, 4, 0, 0, 0, 0]]}, {"input": [[0, 0, 0, 8, 0, 8, 0, 0, 0], [0, 0, 0, 0, 8, 0, 0, 0, 0], [0, 0, 0, 0, 8, 0, 0, 0, 0], [0, 0, 0, 4, 0, 0, 0, 0, 0], [0, 0, 0, 4, 4, 4, 0, 0, 0], [0, 0, 0, 0, 4, 0, 0, 0, 0]], "output": [[8, 0, 8, 8, 0, 8, 0, 0, 0], [0, 8, 0, 0, 8, 0, 0, 0, 0], [0, 8, 0, 0, 8, 0, 0, 0, 0], [0, 0, 0, 4, 0, 0, 0, 0, 0], [0, 0, 0, 4, 4, 4, 0, 0, 0], [0, 0, 0, 0, 4, 0, 0, 0, 0]]}, {"input": [[0, 0, 0, 8, 8, 8, 0, 0, 0], [0, 0, 0, 0, 0, 8, 0, 0, 0], [0, 0, 0, 8, 0, 8, 0, 0, 0], [0, 0, 0, 4, 0, 0, 0, 0, 0], [0, 0, 0, 4, 4, 4, 0, 0, 0], [0, 0, 0, 0, 4, 0, 0, 0, 0]], "output": [[8, 8, 8, 8, 8, 8, 0, 0, 0], [8, 0, 0, 0, 0, 8, 0, 0, 0], [8, 0, 8, 8, 0, 8, 0, 0, 0], [0, 0, 0, 4, 0, 0, 0, 0, 0], [0, 0, 0, 4, 4, 4, 0, 0, 0], [0, 0, 0, 0, 4, 0, 0, 0, 0]]}, {"input": [[0, 0, 0, 8, 8, 0, 0, 0, 0], [0, 0, 0, 0, 0, 8, 0, 0, 0], [0, 0, 0, 8, 0, 8, 0, 0, 0], [0, 0, 0, 0, 0, 4, 0, 0, 0], [0, 0, 0, 4, 4, 4, 0, 0, 0], [0, 0, 0, 0, 4, 0, 0, 0, 0]], "output": [[0, 0, 0, 8, 8, 0, 0, 8, 8], [0, 0, 0, 0, 0, 8, 8, 0, 0], [0, 0, 0, 8, 0, 8, 8, 0, 8], [0, 0, 0, 0, 0, 4, 0, 0, 0], [0, 0, 0, 4, 4, 4, 0, 0, 0], [0, 0, 0, 0, 4, 0, 0, 0, 0]]}, {"input": [[0, 0, 0, 0, 8, 0, 0, 0, 0], [0, 0, 0, 0, 8, 8, 0, 0, 0], [0, 0, 0, 8, 0, 0, 0, 0, 0], [0, 0, 0, 0, 0, 4, 0, 0, 0], [0, 0, 0, 4, 4, 4, 0, 0, 0], [0, 0, 0, 0, 4, 0, 0, 0, 0]], "output": [[0, 0, 0, 0, 8, 0, 0, 8, 0], [0, 0, 0, 0, 8, 8, 8, 8, 0], [0, 0, 0, 8, 0, 0, 0, 0, 8], [0, 0, 0, 0, 0, 4, 0, 0, 0], [0, 0, 0, 4, 4, 4, 0, 0, 0], [0, 0, 0, 0, 4, 0, 0, 0, 0]]}, {"input": [[0, 0, 0, 0, 0, 8, 0, 0, 0], [0, 0, 0, 0, 8, 0, 0, 0, 0], [0, 0, 0, 8, 0, 0, 0, 0, 0], [0, 0, 0, 4, 0, 0, 0, 0, 0], [0, 0, 0, 4, 4, 4, 0, 0, 0], [0, 0, 0, 0, 4, 0, 0, 0, 0]], "output": [[8, 0, 0, 0, 0, 8, 0, 0, 0], [0, 8, 0, 0, 8, 0, 0, 0, 0], [0, 0, 8, 8, 0, 0, 0, 0, 0], [0, 0, 0, 4, 0, 0, 0, 0, 0], [0, 0, 0, 4, 4, 4, 0, 0, 0], [0, 0, 0, 0, 4, 0, 0, 0, 0]]}, {"input": [[0, 0, 0, 0, 0, 8, 0, 0, 0], [0, 0, 0, 0, 8, 0, 0, 0, 0], [0, 0, 0, 8, 8, 8, 0, 0, 0], [0, 0, 0, 0, 0, 4, 0, 0, 0], [0, 0, 0, 4, 4, 4, 0, 0, 0], [0, 0, 0, 0, 4, 0, 0, 0, 0]], "output": [[0, 0, 0, 0, 0, 8, 8, 0, 0], [0, 0, 0, 0, 8, 0, 0, 8, 0], [0, 0, 0, 8, 8, 8, 8, 8, 8], [0, 0, 0, 0, 0, 4, 0, 0, 0], [0, 0, 0, 4, 4, 4, 0, 0, 0], [0, 0, 0, 0, 4, 0, 0, 0, 0]]}, {"input": [[0, 0, 0, 0, 8, 8, 0, 0, 0], [0, 0, 0, 8, 0, 0, 0, 0, 0], [0, 0, 0, 8, 0, 8, 0, 0, 0], [0, 0, 0, 4, 0, 0, 0, 0, 0], [0, 0, 0, 4, 4, 4, 0, 0, 0], [0, 0, 0, 0, 4, 0, 0, 0, 0]], "output": [[8, 8, 0, 0, 8, 8, 0, 0, 0], [0, 0, 8, 8, 0, 0, 0, 0, 0], [8, 0, 8, 8, 0, 8, 0, 0, 0], [0, 0, 0, 4, 0, 0, 0, 0, 0], [0, 0, 0, 4, 4, 4, 0, 0, 0], [0, 0, 0, 0, 4, 0, 0, 0, 0]]}, {"input": [[0, 0, 0, 8, 8, 0, 0, 0, 0], [0, 0, 0, 8, 0, 0, 0, 0, 0], [0, 0, 0, 8, 0, 8, 0, 0, 0], [0, 0, 0, 4, 0, 0, 0, 0, 0], [0, 0, 0, 4, 4, 4, 0, 0, 0], [0, 0, 0, 0, 4, 0, 0, 0, 0]], "output": [[0, 8, 8, 8, 8, 0, 0, 0, 0], [0, 0, 8, 8, 0, 0, 0, 0, 0], [8, 0, 8, 8, 0, 8, 0, 0, 0], [0, 0, 0, 4, 0, 0, 0, 0, 0], [0, 0, 0, 4, 4, 4, 0, 0, 0], [0, 0, 0, 0, 4, 0, 0, 0, 0]]}, {"input": [[0, 0, 0, 8, 8, 0, 0, 0, 0], [0, 0, 0, 0, 0, 8, 0, 0, 0], [0, 0, 0, 0, 8, 0, 0, 0, 0], [0, 0, 0, 0, 0, 4, 0, 0, 0], [0, 0, 0, 4, 4, 4, 0, 0, 0], [0, 0, 0, 0, 4, 0, 0, 0, 0]], "output": [[0, 0, 0, 8, 8, 0, 0, 8, 8], [0, 0, 0, 0, 0, 8, 8, 0, 0], [0, 0, 0, 0, 8, 0, 0, 8, 0], [0, 0, 0, 0, 0, 4, 0, 0, 0], [0, 0, 0, 4, 4, 4, 0, 0, 0], [0, 0, 0, 0, 4, 0, 0, 0, 0]]}, {"input": [[0, 0, 0, 0, 0, 8, 0, 0, 0], [0, 0, 0, 8, 0, 8, 0, 0, 0], [0, 0, 0, 0, 8, 0, 0, 0, 0], [0, 0, 0, 0, 0, 4, 0, 0, 0], [0, 0, 0, 4, 4, 4, 0, 0, 0], [0, 0, 0, 0, 4, 0, 0, 0, 0]], "output": [[0, 0, 0, 0, 0, 8, 8, 0, 0], [0, 0, 0, 8, 0, 8, 8, 0, 8], [0, 0, 0, 0, 8, 0, 0, 8, 0], [0, 0, 0, 0, 0, 4, 0, 0, 0], [0, 0, 0, 4, 4, 4, 0, 0, 0], [0, 0, 0, 0, 4, 0, 0, 0, 0]]}, {"input": [[0, 0, 0, 0, 8, 0, 0, 0, 0], [0, 0, 0, 0, 8, 0, 0, 0, 0], [0, 0, 0, 8, 0, 8, 0, 0, 0], [0, 0, 0, 4, 0, 0, 0, 0, 0], [0, 0, 0, 4, 4, 4, 0, 0, 0], [0, 0, 0, 0, 4, 0, 0, 0, 0]], "output": [[0, 8, 0, 0, 8, 0, 0, 0, 0], [0, 8, 0, 0, 8, 0, 0, 0, 0], [8, 0, 8, 8, 0, 8, 0, 0, 0], [0, 0, 0, 4, 0, 0, 0, 0, 0], [0, 0, 0, 4, 4, 4, 0, 0, 0], [0, 0, 0, 0, 4, 0, 0, 0, 0]]}, {"input": [[0, 0, 0, 8, 0, 0, 0, 0, 0], [0, 0, 0, 8, 8, 0, 0, 0, 0], [0, 0, 0, 0, 0, 8, 0, 0, 0], [0, 0, 0, 4, 0, 0, 0, 0, 0], [0, 0, 0, 4, 4, 4, 0, 0, 0], [0, 0, 0, 0, 4, 0, 0, 0, 0]], "output": [[0, 0, 8, 8, 0, 0, 0, 0, 0], [0, 8, 8, 8, 8, 0, 0, 0, 0], [8, 0, 0, 0, 0, 8, 0, 0, 0], [0, 0, 0, 4, 0, 0, 0, 0, 0], [0, 0, 0, 4, 4, 4, 0, 0, 0], [0, 0, 0, 0, 4, 0, 0, 0, 0]]}, {"input": [[0, 0, 0, 0, 8, 0, 0, 0, 0], [0, 0, 0, 8, 0, 0, 0, 0, 0], [0, 0, 0, 0, 8, 8, 0, 0, 0], [0, 0, 0, 0, 0, 4, 0, 0, 0], [0, 0, 0, 4, 4, 4, 0, 0, 0], [0, 0, 0, 0, 4, 0, 0, 0, 0]], "output": [[0, 0, 0, 0, 8, 0, 0, 8, 0], [0, 0, 0, 8, 0, 0, 0, 0, 8], [0, 0, 0, 0, 8, 8, 8, 8, 0], [0, 0, 0, 0, 0, 4, 0, 0, 0], [0, 0, 0, 4, 4, 4, 0, 0, 0], [0, 0, 0, 0, 4, 0, 0, 0, 0]]}, {"input": [[0, 0, 0, 8, 8, 0, 0, 0, 0], [0, 0, 0, 8, 0, 8, 0, 0, 0], [0, 0, 0, 0, 8, 0, 0, 0, 0], [0, 0, 0, 4, 0, 0, 0, 0, 0], [0, 0, 0, 4, 4, 4, 0, 0, 0], [0, 0, 0, 0, 4, 0, 0, 0, 0]], "output": [[0, 8, 8, 8, 8, 0, 0, 0, 0], [8, 0, 8, 8, 0, 8, 0, 0, 0], [0, 8, 0, 0, 8, 0, 0, 0, 0], [0, 0, 0, 4, 0, 0, 0, 0, 0], [0, 0, 0, 4, 4, 4, 0, 0, 0], [0, 0, 0, 0, 4, 0, 0, 0, 0]]}, {"input": [[0, 0, 0, 8, 0, 0, 0, 0, 0], [0, 0, 0, 0, 0, 8, 0, 0, 0], [0, 0, 0, 0, 8, 0, 0, 0, 0], [0, 0, 0, 0, 0, 4, 0, 0, 0], [0, 0, 0, 4, 4, 4, 0, 0, 0], [0, 0, 0, 0, 4, 0, 0, 0, 0]], "output": [[0, 0, 0, 8, 0, 0, 0, 0, 8], [0, 0, 0, 0, 0, 8, 8, 0, 0], [0, 0, 0, 0, 8, 0, 0, 8, 0], [0, 0, 0, 0, 0, 4, 0, 0, 0], [0, 0, 0, 4, 4, 4, 0, 0, 0], [0, 0, 0, 0, 4, 0, 0, 0, 0]]}, {"input": [[0, 0, 0, 8, 0, 0, 0, 0, 0], [0, 0, 0, 8, 0, 8, 0, 0, 0], [0, 0, 0, 8, 8, 0, 0, 0, 0], [0, 0, 0, 4, 0, 0, 0, 0, 0], [0, 0, 0, 4, 4, 4, 0, 0, 0], [0, 0, 0, 0, 4, 0, 0, 0, 0]], "output": [[0, 0, 8, 8, 0, 0, 0, 0, 0], [8, 0, 8, 8, 0, 8, 0, 0, 0], [0, 8, 8, 8, 8, 0, 0, 0, 0], [0, 0, 0, 4, 0, 0, 0, 0, 0], [0, 0, 0, 4, 4, 4, 0, 0, 0], [0, 0, 0, 0, 4, 0, 0, 0, 0]]}, {"input": [[0, 0, 0, 8, 0, 8, 0, 0, 0], [0, 0, 0, 0, 0, 8, 0, 0, 0], [0, 0, 0, 0, 8, 0, 0, 0, 0], [0, 0, 0, 4, 0, 0, 0, 0, 0], [0, 0, 0, 4, 4, 4, 0, 0, 0], [0, 0, 0, 0, 4, 0, 0, 0, 0]], "output": [[8, 0, 8, 8, 0, 8, 0, 0, 0], [8, 0, 0, 0, 0, 8, 0, 0, 0], [0, 8, 0, 0, 8, 0, 0, 0, 0], [0, 0, 0, 4, 0, 0, 0, 0, 0], [0, 0, 0, 4, 4, 4, 0, 0, 0], [0, 0, 0, 0, 4, 0, 0, 0, 0]]}, {"input": [[0, 0, 0, 8, 8, 0, 0, 0, 0], [0, 0, 0, 8, 0, 8, 0, 0, 0], [0, 0, 0, 8, 0, 0, 0, 0, 0], [0, 0, 0, 0, 0, 4, 0, 0, 0], [0, 0, 0, 4, 4, 4, 0, 0, 0], [0, 0, 0, 0, 4, 0, 0, 0, 0]], "output": [[0, 0, 0, 8, 8, 0, 0, 8, 8], [0, 0, 0, 8, 0, 8, 8, 0, 8], [0, 0, 0, 8, 0, 0, 0, 0, 8], [0, 0, 0, 0, 0, 4, 0, 0, 0], [0, 0, 0, 4, 4, 4, 0, 0, 0], [0, 0, 0, 0, 4, 0, 0, 0, 0]]}, {"input": [[0, 0, 0, 8, 8, 0, 0, 0, 0], [0, 0, 0, 8, 0, 0, 0, 0, 0], [0, 0, 0, 0, 8, 8, 0, 0, 0], [0, 0, 0, 0, 0, 4, 0, 0, 0], [0, 0, 0, 4, 4, 4, 0, 0, 0], [0, 0, 0, 0, 4, 0, 0, 0, 0]], "output": [[0, 0, 0, 8, 8, 0, 0, 8, 8], [0, 0, 0, 8, 0, 0, 0, 0, 8], [0, 0, 0, 0, 8, 8, 8, 8, 0], [0, 0, 0, 0, 0, 4, 0, 0, 0], [0, 0, 0, 4, 4, 4, 0, 0, 0], [0, 0, 0, 0, 4, 0, 0, 0, 0]]}, {"input": [[0, 0, 0, 8, 8, 0, 0, 0, 0], [0, 0, 0, 0, 0, 8, 0, 0, 0], [0, 0, 0, 0, 0, 8, 0, 0, 0], [0, 0, 0, 4, 0, 0, 0, 0, 0], [0, 0, 0, 4, 4, 4, 0, 0, 0], [0, 0, 0, 0, 4, 0, 0, 0, 0]], "output": [[0, 8, 8, 8, 8, 0, 0, 0, 0], [8, 0, 0, 0, 0, 8, 0, 0, 0], [8, 0, 0, 0, 0, 8, 0, 0, 0], [0, 0, 0, 4, 0, 0, 0, 0, 0], [0, 0, 0, 4, 4, 4, 0, 0, 0], [0, 0, 0, 0, 4, 0, 0, 0, 0]]}, {"input": [[0, 0, 0, 8, 0, 0, 0, 0, 0], [0, 0, 0, 0, 8, 8, 0, 0, 0], [0, 0, 0, 0, 8, 0, 0, 0, 0], [0, 0, 0, 4, 0, 0, 0, 0, 0], [0, 0, 0, 4, 4, 4, 0, 0, 0], [0, 0, 0, 0, 4, 0, 0, 0, 0]], "output": [[0, 0, 8, 8, 0, 0, 0, 0, 0], [8, 8, 0, 0, 8, 8, 0, 0, 0], [0, 8, 0, 0, 8, 0, 0, 0, 0], [0, 0, 0, 4, 0, 0, 0, 0, 0], [0, 0, 0, 4, 4, 4, 0, 0, 0], [0, 0, 0, 0, 4, 0, 0, 0, 0]]}, {"input": [[0, 0, 0, 8, 0, 8, 0, 0, 0], [0, 0, 0, 0, 8, 0, 0, 0, 0], [0, 0, 0, 0, 8, 8, 0, 0, 0], [0, 0, 0, 0, 0, 4, 0, 0, 0], [0, 0, 0, 4, 4, 4, 0, 0, 0], [0, 0, 0, 0, 4, 0, 0, 0, 0]], "output": [[0, 0, 0, 8, 0, 8, 8, 0, 8], [0, 0, 0, 0, 8, 0, 0, 8, 0], [0, 0, 0, 0, 8, 8, 8, 8, 0], [0, 0, 0, 0, 0, 4, 0, 0, 0], [0, 0, 0, 4, 4, 4, 0, 0, 0], [0, 0, 0, 0, 4, 0, 0, 0, 0]]}, {"input": [[0, 0, 0, 0, 8, 0, 0, 0, 0], [0, 0, 0, 0, 0, 8, 0, 0, 0], [0, 0, 0, 8, 0, 0, 0, 0, 0], [0, 0, 0, 4, 0, 0, 0, 0, 0], [0, 0, 0, 4, 4, 4, 0, 0, 0], [0, 0, 0, 0, 4, 0, 0, 0, 0]], "output": [[0, 8, 0, 0, 8, 0, 0, 0, 0], [8, 0, 0, 0, 0, 8, 0, 0, 0], [0, 0, 8, 8, 0, 0, 0, 0, 0], [0, 0, 0, 4, 0, 0, 0, 0, 0], [0, 0, 0, 4, 4, 4, 0, 0, 0], [0, 0, 0, 0, 4, 0, 0, 0, 0]]}, {"input": [[0, 0, 0, 0, 0, 8, 0, 0, 0], [0, 0, 0, 0, 8, 8, 0, 0, 0], [0, 0, 0, 8, 0, 8, 0, 0, 0], [0, 0, 0, 4, 0, 0, 0, 0, 0], [0, 0, 0, 4, 4, 4, 0, 0, 0], [0, 0, 0, 0, 4, 0, 0, 0, 0]], "output": [[8, 0, 0, 0, 0, 8, 0, 0, 0], [8, 8, 0, 0, 8, 8, 0, 0, 0], [8, 0, 8, 8, 0, 8, 0, 0, 0], [0, 0, 0, 4, 0, 0, 0, 0, 0], [0, 0, 0, 4, 4, 4, 0, 0, 0], [0, 0, 0, 0, 4, 0, 0, 0, 0]]}, {"input": [[0, 0, 0, 0, 8, 8, 0, 0, 0], [0, 0, 0, 0, 0, 8, 0, 0, 0], [0, 0, 0, 8, 0, 0, 0, 0, 0], [0, 0, 0, 0, 0, 4, 0, 0, 0], [0, 0, 0, 4, 4, 4, 0, 0, 0], [0, 0, 0, 0, 4, 0, 0, 0, 0]], "output": [[0, 0, 0, 0, 8, 8, 8, 8, 0], [0, 0, 0, 0, 0, 8, 8, 0, 0], [0, 0, 0, 8, 0, 0, 0, 0, 8], [0, 0, 0, 0, 0, 4, 0, 0, 0], [0, 0, 0, 4, 4, 4, 0, 0, 0], [0, 0, 0, 0, 4, 0, 0, 0, 0]]}, {"input": [[0, 0, 0, 0, 8, 8, 0, 0, 0], [0, 0, 0, 8, 0, 8, 0, 0, 0], [0, 0, 0, 0, 8, 0, 0, 0, 0], [0, 0, 0, 0, 0, 4, 0, 0, 0], [0, 0, 0, 4, 4, 4, 0, 0, 0], [0, 0, 0, 0, 4, 0, 0, 0, 0]], "output": [[0, 0, 0, 0, 8, 8, 8, 8, 0], [0, 0, 0, 8, 0, 8, 8, 0, 8], [0, 0, 0, 0, 8, 0, 0, 8, 0], [0, 0, 0, 0, 0, 4, 0, 0, 0], [0, 0, 0, 4, 4, 4, 0, 0, 0], [0, 0, 0, 0, 4, 0, 0, 0, 0]]}, {"input": [[0, 0, 0, 8, 0, 0, 0, 0, 0], [0, 0, 0, 0, 8, 0, 0, 0, 0], [0, 0, 0, 0, 8, 8, 0, 0, 0], [0, 0, 0, 4, 0, 0, 0, 0, 0], [0, 0, 0, 4, 4, 4, 0, 0, 0], [0, 0, 0, 0, 4, 0, 0, 0, 0]], "output": [[0, 0, 8, 8, 0, 0, 0, 0, 0], [0, 8, 0, 0, 8, 0, 0, 0, 0], [8, 8, 0, 0, 8, 8, 0, 0, 0], [0, 0, 0, 4, 0, 0, 0, 0, 0], [0, 0, 0, 4, 4, 4, 0, 0, 0], [0, 0, 0, 0, 4, 0, 0, 0, 0]]}, {"input": [[0, 0, 0, 0, 8, 0, 0, 0, 0], [0, 0, 0, 8, 8, 0, 0, 0, 0], [0, 0, 0, 0, 0, 8, 0, 0, 0], [0, 0, 0, 4, 0, 0, 0, 0, 0], [0, 0, 0, 4, 4, 4, 0, 0, 0], [0, 0, 0, 0, 4, 0, 0, 0, 0]], "output": [[0, 8, 0, 0, 8, 0, 0, 0, 0], [0, 8, 8, 8, 8, 0, 0, 0, 0], [8, 0, 0, 0, 0, 8, 0, 0, 0], [0, 0, 0, 4, 0, 0, 0, 0, 0], [0, 0, 0, 4, 4, 4, 0, 0, 0], [0, 0, 0, 0, 4, 0, 0, 0, 0]]}, {"input": [[0, 0, 0, 8, 0, 8, 0, 0, 0], [0, 0, 0, 8, 0, 0, 0, 0, 0], [0, 0, 0, 0, 8, 0, 0, 0, 0], [0, 0, 0, 4, 0, 0, 0, 0, 0], [0, 0, 0, 4, 4, 4, 0, 0, 0], [0, 0, 0, 0, 4, 0, 0, 0, 0]], "output": [[8, 0, 8, 8, 0, 8, 0, 0, 0], [0, 0, 8, 8, 0, 0, 0, 0, 0], [0, 8, 0, 0, 8, 0, 0, 0, 0], [0, 0, 0, 4, 0, 0, 0, 0, 0], [0, 0, 0, 4, 4, 4, 0, 0, 0], [0, 0, 0, 0, 4, 0, 0, 0, 0]]}, {"input": [[0, 0, 0, 8, 0, 8, 0, 0, 0], [0, 0, 0, 0, 8, 8, 0, 0, 0], [0, 0, 0, 8, 0, 0, 0, 0, 0], [0, 0, 0, 4, 0, 0, 0, 0, 0], [0, 0, 0, 4, 4, 4, 0, 0, 0], [0, 0, 0, 0, 4, 0, 0, 0, 0]], "output": [[8, 0, 8, 8, 0, 8, 0, 0, 0], [8, 8, 0, 0, 8, 8, 0, 0, 0], [0, 0, 8, 8, 0, 0, 0, 0, 0], [0, 0, 0, 4, 0, 0, 0, 0, 0], [0, 0, 0, 4, 4, 4, 0, 0, 0], [0, 0, 0, 0, 4, 0, 0, 0, 0]]}, {"input": [[0, 0, 0, 8, 8, 0, 0, 0, 0], [0, 0, 0, 0, 0, 8, 0, 0, 0], [0, 0, 0, 0, 8, 0, 0, 0, 0], [0, 0, 0, 4, 0, 0, 0, 0, 0], [0, 0, 0, 4, 4, 4, 0, 0, 0], [0, 0, 0, 0, 4, 0, 0, 0, 0]], "output": [[0, 8, 8, 8, 8, 0, 0, 0, 0], [8, 0, 0, 0, 0, 8, 0, 0, 0], [0, 8, 0, 0, 8, 0, 0, 0, 0], [0, 0, 0, 4, 0, 0, 0, 0, 0], [0, 0, 0, 4, 4, 4, 0, 0, 0], [0, 0, 0, 0, 4, 0, 0, 0, 0]]}, {"input": [[0, 0, 0, 0, 8, 8, 0, 0, 0], [0, 0, 0, 8, 0, 0, 0, 0, 0], [0, 0, 0, 0, 8, 0, 0, 0, 0], [0, 0, 0, 0, 0, 4, 0, 0, 0], [0, 0, 0, 4, 4, 4, 0, 0, 0], [0, 0, 0, 0, 4, 0, 0, 0, 0]], "output": [[0, 0, 0, 0, 8, 8, 8, 8, 0], [0, 0, 0, 8, 0, 0, 0, 0, 8], [0, 0, 0, 0, 8, 0, 0, 8, 0], [0, 0, 0, 0, 0, 4, 0, 0, 0], [0, 0, 0, 4, 4, 4, 0, 0, 0], [0, 0, 0, 0, 4, 0, 0, 0, 0]]}, {"input": [[0, 0, 0, 0, 0, 8, 0, 0, 0], [0, 0, 0, 8, 0, 0, 0, 0, 0], [0, 0, 0, 8, 8, 0, 0, 0, 0], [0, 0, 0, 0, 0, 4, 0, 0, 0], [0, 0, 0, 4, 4, 4, 0, 0, 0], [0, 0, 0, 0, 4, 0, 0, 0, 0]], "output": [[0, 0, 0, 0, 0, 8, 8, 0, 0], [0, 0, 0, 8, 0, 0, 0, 0, 8], [0, 0, 0, 8, 8, 0, 0, 8, 8], [0, 0, 0, 0, 0, 4, 0, 0, 0], [0, 0, 0, 4, 4, 4, 0, 0, 0], [0, 0, 0, 0, 4, 0, 0, 0, 0]]}, {"input": [[0, 0, 0, 0, 8, 8, 0, 0, 0], [0, 0, 0, 0, 8, 0, 0, 0, 0], [0, 0, 0, 8, 0, 8, 0, 0, 0], [0, 0, 0, 0, 0, 4, 0, 0, 0], [0, 0, 0, 4, 4, 4, 0, 0, 0], [0, 0, 0, 0, 4, 0, 0, 0, 0]], "output": [[0, 0, 0, 0, 8, 8, 8, 8, 0], [0, 0, 0, 0, 8, 0, 0, 8, 0], [0, 0, 0, 8, 0, 8, 8, 0, 8], [0, 0, 0, 0, 0, 4, 0, 0, 0], [0, 0, 0, 4, 4, 4, 0, 0, 0], [0, 0, 0, 0, 4, 0, 0, 0, 0]]}, {"input": [[0, 0, 0, 0, 8, 0, 0, 0, 0], [0, 0, 0, 8, 0, 0, 0, 0, 0], [0, 0, 0, 8, 0, 8, 0, 0, 0], [0, 0, 0, 4, 0, 0, 0, 0, 0], [0, 0, 0, 4, 4, 4, 0, 0, 0], [0, 0, 0, 0, 4, 0, 0, 0, 0]], "output": [[0, 8, 0, 0, 8, 0, 0, 0, 0], [0, 0, 8, 8, 0, 0, 0, 0, 0], [8, 0, 8, 8, 0, 8, 0, 0, 0], [0, 0, 0, 4, 0, 0, 0, 0, 0], [0, 0, 0, 4, 4, 4, 0, 0, 0], [0, 0, 0, 0, 4, 0, 0, 0, 0]]}, {"input": [[0, 0, 0, 8, 8, 0, 0, 0, 0], [0, 0, 0, 0, 8, 0, 0, 0, 0], [0, 0, 0, 8, 0, 8, 0, 0, 0], [0, 0, 0, 4, 0, 0, 0, 0, 0], [0, 0, 0, 4, 4, 4, 0, 0, 0], [0, 0, 0, 0, 4, 0, 0, 0, 0]], "output": [[0, 8, 8, 8, 8, 0, 0, 0, 0], [0, 8, 0, 0, 8, 0, 0, 0, 0], [8, 0, 8, 8, 0, 8, 0, 0, 0], [0, 0, 0, 4, 0, 0, 0, 0, 0], [0, 0, 0, 4, 4, 4, 0, 0, 0], [0, 0, 0, 0, 4, 0, 0, 0, 0]]}, {"input": [[0, 0, 0, 8, 8, 8, 0, 0, 0], [0, 0, 0, 0, 8, 0, 0, 0, 0], [0, 0, 0, 8, 0, 0, 0, 0, 0], [0, 0, 0, 4, 0, 0, 0, 0, 0], [0, 0, 0, 4, 4, 4, 0, 0, 0], [0, 0, 0, 0, 4, 0, 0, 0, 0]], "output": [[8, 8, 8, 8, 8, 8, 0, 0, 0], [0, 8, 0, 0, 8, 0, 0, 0, 0], [0, 0, 8, 8, 0, 0, 0, 0, 0], [0, 0, 0, 4, 0, 0, 0, 0, 0], [0, 0, 0, 4, 4, 4, 0, 0, 0], [0, 0, 0, 0, 4, 0, 0, 0, 0]]}, {"input": [[0, 0, 0, 8, 0, 0, 0, 0, 0], [0, 0, 0, 0, 8, 8, 0, 0, 0], [0, 0, 0, 0, 8, 8, 0, 0, 0], [0, 0, 0, 0, 0, 4, 0, 0, 0], [0, 0, 0, 4, 4, 4, 0, 0, 0], [0, 0, 0, 0, 4, 0, 0, 0, 0]], "output": [[0, 0, 0, 8, 0, 0, 0, 0, 8], [0, 0, 0, 0, 8, 8, 8, 8, 0], [0, 0, 0, 0, 8, 8, 8, 8, 0], [0, 0, 0, 0, 0, 4, 0, 0, 0], [0, 0, 0, 4, 4, 4, 0, 0, 0], [0, 0, 0, 0, 4, 0, 0, 0, 0]]}, {"input": [[0, 0, 0, 8, 0, 0, 0, 0, 0], [0, 0, 0, 0, 8, 8, 0, 0, 0], [0, 0, 0, 8, 0, 0, 0, 0, 0], [0, 0, 0, 4, 0, 0, 0, 0, 0], [0, 0, 0, 4, 4, 4, 0, 0, 0], [0, 0, 0, 0, 4, 0, 0, 0, 0]], "output": [[0, 0, 8, 8, 0, 0, 0, 0, 0], [8, 8, 0, 0, 8, 8, 0, 0, 0], [0, 0, 8, 8, 0, 0, 0, 0, 0], [0, 0, 0, 4, 0, 0, 0, 0, 0], [0, 0, 0, 4, 4, 4, 0, 0, 0], [0, 0, 0, 0, 4, 0, 0, 0, 0]]}, {"input": [[0, 0, 0, 0, 0, 8, 0, 0, 0], [0, 0, 0, 8, 0, 8, 0, 0, 0], [0, 0, 0, 0, 8, 8, 0, 0, 0], [0, 0, 0, 4, 0, 0, 0, 0, 0], [0, 0, 0, 4, 4, 4, 0, 0, 0], [0, 0, 0, 0, 4, 0, 0, 0, 0]], "output": [[8, 0, 0, 0, 0, 8, 0, 0, 0], [8, 0, 8, 8, 0, 8, 0, 0, 0], [8, 8, 0, 0, 8, 8, 0, 0, 0], [0, 0, 0, 4, 0, 0, 0, 0, 0], [0, 0, 0, 4, 4, 4, 0, 0, 0], [0, 0, 0, 0, 4, 0, 0, 0, 0]]}, {"input": [[0, 0, 0, 0, 0, 8, 0, 0, 0], [0, 0, 0, 8, 0, 8, 0, 0, 0], [0, 0, 0, 0, 8, 0, 0, 0, 0], [0, 0, 0, 4, 0, 0, 0, 0, 0], [0, 0, 0, 4, 4, 4, 0, 0, 0], [0, 0, 0, 0, 4, 0, 0, 0, 0]], "output": [[8, 0, 0, 0, 0, 8, 0, 0, 0], [8, 0, 8, 8, 0, 8, 0, 0, 0], [0, 8, 0, 0, 8, 0, 0, 0, 0], [0, 0, 0, 4, 0, 0, 0, 0, 0], [0, 0, 0, 4, 4, 4, 0, 0, 0], [0, 0, 0, 0, 4, 0, 0, 0, 0]]}, {"input": [[0, 0, 0, 8, 0, 8, 0, 0, 0], [0, 0, 0, 8, 0, 8, 0, 0, 0], [0, 0, 0, 0, 8, 0, 0, 0, 0], [0, 0, 0, 0, 0, 4, 0, 0, 0], [0, 0, 0, 4, 4, 4, 0, 0, 0], [0, 0, 0, 0, 4, 0, 0, 0, 0]], "output": [[0, 0, 0, 8, 0, 8, 8, 0, 8], [0, 0, 0, 8, 0, 8, 8, 0, 8], [0, 0, 0, 0, 8, 0, 0, 8, 0], [0, 0, 0, 0, 0, 4, 0, 0, 0], [0, 0, 0, 4, 4, 4, 0, 0, 0], [0, 0, 0, 0, 4, 0, 0, 0, 0]]}, {"input": [[0, 0, 0, 8, 0, 0, 0, 0, 0], [0, 0, 0, 0, 8, 0, 0, 0, 0], [0, 0, 0, 8, 0, 8, 0, 0, 0], [0, 0, 0, 0, 0, 4, 0, 0, 0], [0, 0, 0, 4, 4, 4, 0, 0, 0], [0, 0, 0, 0, 4, 0, 0, 0, 0]], "output": [[0, 0, 0, 8, 0, 0, 0, 0, 8], [0, 0, 0, 0, 8, 0, 0, 8, 0], [0, 0, 0, 8, 0, 8, 8, 0, 8], [0, 0, 0, 0, 0, 4, 0, 0, 0], [0, 0, 0, 4, 4, 4, 0, 0, 0], [0, 0, 0, 0, 4, 0, 0, 0, 0]]}, {"input": [[0, 0, 0, 0, 8, 0, 0, 0, 0], [0, 0, 0, 8, 8, 0, 0, 0, 0], [0, 0, 0, 0, 8, 8, 0, 0, 0], [0, 0, 0, 0, 0, 4, 0, 0, 0], [0, 0, 0, 4, 4, 4, 0, 0, 0], [0, 0, 0, 0, 4, 0, 0, 0, 0]], "output": [[0, 0, 0, 0, 8, 0, 0, 8, 0], [0, 0, 0, 8, 8, 0, 0, 8, 8], [0, 0, 0, 0, 8, 8, 8, 8, 0], [0, 0, 0, 0, 0, 4, 0, 0, 0], [0, 0, 0, 4, 4, 4, 0, 0, 0], [0, 0, 0, 0, 4, 0, 0, 0, 0]]}, {"input": [[0, 0, 0, 8, 8, 0, 0, 0, 0], [0, 0, 0, 0, 8, 0, 0, 0, 0], [0, 0, 0, 8, 8, 8, 0, 0, 0], [0, 0, 0, 0, 0, 4, 0, 0, 0], [0, 0, 0, 4, 4, 4, 0, 0, 0], [0, 0, 0, 0, 4, 0, 0, 0, 0]], "output": [[0, 0, 0, 8, 8, 0, 0, 8, 8], [0, 0, 0, 0, 8, 0, 0, 8, 0], [0, 0, 0, 8, 8, 8, 8, 8, 8], [0, 0, 0, 0, 0, 4, 0, 0, 0], [0, 0, 0, 4, 4, 4, 0, 0, 0], [0, 0, 0, 0, 4, 0, 0, 0, 0]]}, {"input": [[0, 0, 0, 8, 0, 8, 0, 0, 0], [0, 0, 0, 0, 8, 0, 0, 0, 0], [0, 0, 0, 8, 0, 8, 0, 0, 0], [0, 0, 0, 4, 0, 0, 0, 0, 0], [0, 0, 0, 4, 4, 4, 0, 0, 0], [0, 0, 0, 0, 4, 0, 0, 0, 0]], "output": [[8, 0, 8, 8, 0, 8, 0, 0, 0], [0, 8, 0, 0, 8, 0, 0, 0, 0], [8, 0, 8, 8, 0, 8, 0, 0, 0], [0, 0, 0, 4, 0, 0, 0, 0, 0], [0, 0, 0, 4, 4, 4, 0, 0, 0], [0, 0, 0, 0, 4, 0, 0, 0, 0]]}, {"input": [[0, 0, 0, 0, 8, 0, 0, 0, 0], [0, 0, 0, 8, 0, 8, 0, 0, 0], [0, 0, 0, 8, 0, 0, 0, 0, 0], [0, 0, 0, 0, 0, 4, 0, 0, 0], [0, 0, 0, 4, 4, 4, 0, 0, 0], [0, 0, 0, 0, 4, 0, 0, 0, 0]], "output": [[0, 0, 0, 0, 8, 0, 0, 8, 0], [0, 0, 0, 8, 0, 8, 8, 0, 8], [0, 0, 0, 8, 0, 0, 0, 0, 8], [0, 0, 0, 0, 0, 4, 0, 0, 0], [0, 0, 0, 4, 4, 4, 0, 0, 0], [0, 0, 0, 0, 4, 0, 0, 0, 0]]}, {"input": [[0, 0, 0, 0, 0, 8, 0, 0, 0], [0, 0, 0, 0, 8, 0, 0, 0, 0], [0, 0, 0, 8, 0, 8, 0, 0, 0], [0, 0, 0, 0, 0, 4, 0, 0, 0], [0, 0, 0, 4, 4, 4, 0, 0, 0], [0, 0, 0, 0, 4, 0, 0, 0, 0]], "output": [[0, 0, 0, 0, 0, 8, 8, 0, 0], [0, 0, 0, 0, 8, 0, 0, 8, 0], [0, 0, 0, 8, 0, 8, 8, 0, 8], [0, 0, 0, 0, 0, 4, 0, 0, 0], [0, 0, 0, 4, 4, 4, 0, 0, 0], [0, 0, 0, 0, 4, 0, 0, 0, 0]]}, {"input": [[0, 0, 0, 0, 8, 0, 0, 0, 0], [0, 0, 0, 0, 0, 8, 0, 0, 0], [0, 0, 0, 8, 8, 0, 0, 0, 0], [0, 0, 0, 0, 0, 4, 0, 0, 0], [0, 0, 0, 4, 4, 4, 0, 0, 0], [0, 0, 0, 0, 4, 0, 0, 0, 0]], "output": [[0, 0, 0, 0, 8, 0, 0, 8, 0], [0, 0, 0, 0, 0, 8, 8, 0, 0], [0, 0, 0, 8, 8, 0, 0, 8, 8], [0, 0, 0, 0, 0, 4, 0, 0, 0], [0, 0, 0, 4, 4, 4, 0, 0, 0], [0, 0, 0, 0, 4, 0, 0, 0, 0]]}, {"input": [[0, 0, 0, 0, 0, 8, 0, 0, 0], [0, 0, 0, 0, 8, 0, 0, 0, 0], [0, 0, 0, 8, 8, 0, 0, 0, 0], [0, 0, 0, 0, 0, 4, 0, 0, 0], [0, 0, 0, 4, 4, 4, 0, 0, 0], [0, 0, 0, 0, 4, 0, 0, 0, 0]], "output": [[0, 0, 0, 0, 0, 8, 8, 0, 0], [0, 0, 0, 0, 8, 0, 0, 8, 0], [0, 0, 0, 8, 8, 0, 0, 8, 8], [0, 0, 0, 0, 0, 4, 0, 0, 0], [0, 0, 0, 4, 4, 4, 0, 0, 0], [0, 0, 0, 0, 4, 0, 0, 0, 0]]}, {"input": [[0, 0, 0, 8, 8, 0, 0, 0, 0], [0, 0, 0, 8, 0, 8, 0, 0, 0], [0, 0, 0, 0, 0, 8, 0, 0, 0], [0, 0, 0, 4, 0, 0, 0, 0, 0], [0, 0, 0, 4, 4, 4, 0, 0, 0], [0, 0, 0, 0, 4, 0, 0, 0, 0]], "output": [[0, 8, 8, 8, 8, 0, 0, 0, 0], [8, 0, 8, 8, 0, 8, 0, 0, 0], [8, 0, 0, 0, 0, 8, 0, 0, 0], [0, 0, 0, 4, 0, 0, 0, 0, 0], [0, 0, 0, 4, 4, 4, 0, 0, 0], [0, 0, 0, 0, 4, 0, 0, 0, 0]]}, {"input": [[0, 0, 0, 8, 0, 0, 0, 0, 0], [0, 0, 0, 8, 0, 8, 0, 0, 0], [0, 0, 0, 0, 8, 0, 0, 0, 0], [0, 0, 0, 0, 0, 4, 0, 0, 0], [0, 0, 0, 4, 4, 4, 0, 0, 0], [0, 0, 0, 0, 4, 0, 0, 0, 0]], "output": [[0, 0, 0, 8, 0, 0, 0, 0, 8], [0, 0, 0, 8, 0, 8, 8, 0, 8], [0, 0, 0, 0, 8, 0, 0, 8, 0], [0, 0, 0, 0, 0, 4, 0, 0, 0], [0, 0, 0, 4, 4, 4, 0, 0, 0], [0, 0, 0, 0, 4, 0, 0, 0, 0]]}, {"input": [[0, 0, 0, 8, 8, 0, 0, 0, 0], [0, 0, 0, 0, 0, 8, 0, 0, 0], [0, 0, 0, 8, 0, 0, 0, 0, 0], [0, 0, 0, 0, 0, 4, 0, 0, 0], [0, 0, 0, 4, 4, 4, 0, 0, 0], [0, 0, 0, 0, 4, 0, 0, 0, 0]], "output": [[0, 0, 0, 8, 8, 0, 0, 8, 8], [0, 0, 0, 0, 0, 8, 8, 0, 0], [0, 0, 0, 8, 0, 0, 0, 0, 8], [0, 0, 0, 0, 0, 4, 0, 0, 0], [0, 0, 0, 4, 4, 4, 0, 0, 0], [0, 0, 0, 0, 4, 0, 0, 0, 0]]}, {"input": [[0, 0, 0, 0, 8, 8, 0, 0, 0], [0, 0, 0, 8, 0, 0, 0, 0, 0], [0, 0, 0, 0, 0, 8, 0, 0, 0], [0, 0, 0, 4, 0, 0, 0, 0, 0], [0, 0, 0, 4, 4, 4, 0, 0, 0], [0, 0, 0, 0, 4, 0, 0, 0, 0]], "output": [[8, 8, 0, 0, 8, 8, 0, 0, 0], [0, 0, 8, 8, 0, 0, 0, 0, 0], [8, 0, 0, 0, 0, 8, 0, 0, 0], [0, 0, 0, 4, 0, 0, 0, 0, 0], [0, 0, 0, 4, 4, 4, 0, 0, 0], [0, 0, 0, 0, 4, 0, 0, 0, 0]]}, {"input": [[0, 0, 0, 8, 8, 8, 0, 0, 0], [0, 0, 0, 0, 0, 8, 0, 0, 0], [0, 0, 0, 8, 8, 8, 0, 0, 0], [0, 0, 0, 4, 0, 0, 0, 0, 0], [0, 0, 0, 4, 4, 4, 0, 0, 0], [0, 0, 0, 0, 4, 0, 0, 0, 0]], "output": [[8, 8, 8, 8, 8, 8, 0, 0, 0], [8, 0, 0, 0, 0, 8, 0, 0, 0], [8, 8, 8, 8, 8, 8, 0, 0, 0], [0, 0, 0, 4, 0, 0, 0, 0, 0], [0, 0, 0, 4, 4, 4, 0, 0, 0], [0, 0, 0, 0, 4, 0, 0, 0, 0]]}, {"input": [[0, 0, 0, 0, 8, 0, 0, 0, 0], [0, 0, 0, 8, 0, 0, 0, 0, 0], [0, 0, 0, 0, 8, 8, 0, 0, 0], [0, 0, 0, 4, 0, 0, 0, 0, 0], [0, 0, 0, 4, 4, 4, 0, 0, 0], [0, 0, 0, 0, 4, 0, 0, 0, 0]], "output": [[0, 8, 0, 0, 8, 0, 0, 0, 0], [0, 0, 8, 8, 0, 0, 0, 0, 0], [8, 8, 0, 0, 8, 8, 0, 0, 0], [0, 0, 0, 4, 0, 0, 0, 0, 0], [0, 0, 0, 4, 4, 4, 0, 0, 0], [0, 0, 0, 0, 4, 0, 0, 0, 0]]}, {"input": [[0, 0, 0, 0, 0, 8, 0, 0, 0], [0, 0, 0, 0, 8, 0, 0, 0, 0], [0, 0, 0, 8, 0, 0, 0, 0, 0], [0, 0, 0, 0, 0, 4, 0, 0, 0], [0, 0, 0, 4, 4, 4, 0, 0, 0], [0, 0, 0, 0, 4, 0, 0, 0, 0]], "output": [[0, 0, 0, 0, 0, 8, 8, 0, 0], [0, 0, 0, 0, 8, 0, 0, 8, 0], [0, 0, 0, 8, 0, 0, 0, 0, 8], [0, 0, 0, 0, 0, 4, 0, 0, 0], [0, 0, 0, 4, 4, 4, 0, 0, 0], [0, 0, 0, 0, 4, 0, 0, 0, 0]]}, {"input": [[0, 0, 0, 0, 0, 8, 0, 0, 0], [0, 0, 0, 8, 8, 0, 0, 0, 0], [0, 0, 0, 0, 0, 8, 0, 0, 0], [0, 0, 0, 0, 0, 4, 0, 0, 0], [0, 0, 0, 4, 4, 4, 0, 0, 0], [0, 0, 0, 0, 4, 0, 0, 0, 0]], "output": [[0, 0, 0, 0, 0, 8, 8, 0, 0], [0, 0, 0, 8, 8, 0, 0, 8, 8], [0, 0, 0, 0, 0, 8, 8, 0, 0], [0, 0, 0, 0, 0, 4, 0, 0, 0], [0, 0, 0, 4, 4, 4, 0, 0, 0], [0, 0, 0, 0, 4, 0, 0, 0, 0]]}, {"input": [[0, 0, 0, 8, 8, 8, 0, 0, 0], [0, 0, 0, 0, 0, 8, 0, 0, 0], [0, 0, 0, 8, 0, 0, 0, 0, 0], [0, 0, 0, 4, 0, 0, 0, 0, 0], [0, 0, 0, 4, 4, 4, 0, 0, 0], [0, 0, 0, 0, 4, 0, 0, 0, 0]], "output": [[8, 8, 8, 8, 8, 8, 0, 0, 0], [8, 0, 0, 0, 0, 8, 0, 0, 0], [0, 0, 8, 8, 0, 0, 0, 0, 0], [0, 0, 0, 4, 0, 0, 0, 0, 0], [0, 0, 0, 4, 4, 4, 0, 0, 0], [0, 0, 0, 0, 4, 0, 0, 0, 0]]}, {"input": [[0, 0, 0, 8, 8, 0, 0, 0, 0], [0, 0, 0, 0, 0, 8, 0, 0, 0], [0, 0, 0, 0, 0, 8, 0, 0, 0], [0, 0, 0, 0, 0, 4, 0, 0, 0], [0, 0, 0, 4, 4, 4, 0, 0, 0], [0, 0, 0, 0, 4, 0, 0, 0, 0]], "output": [[0, 0, 0, 8, 8, 0, 0, 8, 8], [0, 0, 0, 0, 0, 8, 8, 0, 0], [0, 0, 0, 0, 0, 8, 8, 0, 0], [0, 0, 0, 0, 0, 4, 0, 0, 0], [0, 0, 0, 4, 4, 4, 0, 0, 0], [0, 0, 0, 0, 4, 0, 0, 0, 0]]}, {"input": [[0, 0, 0, 0, 8, 0, 0, 0, 0], [0, 0, 0, 8, 0, 8, 0, 0, 0], [0, 0, 0, 0, 0, 8, 0, 0, 0], [0, 0, 0, 0, 0, 4, 0, 0, 0], [0, 0, 0, 4, 4, 4, 0, 0, 0], [0, 0, 0, 0, 4, 0, 0, 0, 0]], "output": [[0, 0, 0, 0, 8, 0, 0, 8, 0], [0, 0, 0, 8, 0, 8, 8, 0, 8], [0, 0, 0, 0, 0, 8, 8, 0, 0], [0, 0, 0, 0, 0, 4, 0, 0, 0], [0, 0, 0, 4, 4, 4, 0, 0, 0], [0, 0, 0, 0, 4, 0, 0, 0, 0]]}, {"input": [[0, 0, 0, 8, 0, 0, 0, 0, 0], [0, 0, 0, 8, 8, 0, 0, 0, 0], [0, 0, 0, 8, 0, 8, 0, 0, 0], [0, 0, 0, 4, 0, 0, 0, 0, 0], [0, 0, 0, 4, 4, 4, 0, 0, 0], [0, 0, 0, 0, 4, 0, 0, 0, 0]], "output": [[0, 0, 8, 8, 0, 0, 0, 0, 0], [0, 8, 8, 8, 8, 0, 0, 0, 0], [8, 0, 8, 8, 0, 8, 0, 0, 0], [0, 0, 0, 4, 0, 0, 0, 0, 0], [0, 0, 0, 4, 4, 4, 0, 0, 0], [0, 0, 0, 0, 4, 0, 0, 0, 0]]}, {"input": [[0, 0, 0, 8, 0, 8, 0, 0, 0], [0, 0, 0, 8, 0, 8, 0, 0, 0], [0, 0, 0, 0, 8, 0, 0, 0, 0], [0, 0, 0, 4, 0, 0, 0, 0, 0], [0, 0, 0, 4, 4, 4, 0, 0, 0], [0, 0, 0, 0, 4, 0, 0, 0, 0]], "output": [[8, 0, 8, 8, 0, 8, 0, 0, 0], [8, 0, 8, 8, 0, 8, 0, 0, 0], [0, 8, 0, 0, 8, 0, 0, 0, 0], [0, 0, 0, 4, 0, 0, 0, 0, 0], [0, 0, 0, 4, 4, 4, 0, 0, 0], [0, 0, 0, 0, 4, 0, 0, 0, 0]]}, {"input": [[0, 0, 0, 8, 0, 0, 0, 0, 0], [0, 0, 0, 0, 0, 8, 0, 0, 0], [0, 0, 0, 8, 8, 0, 0, 0, 0], [0, 0, 0, 0, 0, 4, 0, 0, 0], [0, 0, 0, 4, 4, 4, 0, 0, 0], [0, 0, 0, 0, 4, 0, 0, 0, 0]], "output": [[0, 0, 0, 8, 0, 0, 0, 0, 8], [0, 0, 0, 0, 0, 8, 8, 0, 0], [0, 0, 0, 8, 8, 0, 0, 8, 8], [0, 0, 0, 0, 0, 4, 0, 0, 0], [0, 0, 0, 4, 4, 4, 0, 0, 0], [0, 0, 0, 0, 4, 0, 0, 0, 0]]}, {"input": [[0, 0, 0, 0, 8, 0, 0, 0, 0], [0, 0, 0, 8, 0, 8, 0, 0, 0], [0, 0, 0, 0, 8, 8, 0, 0, 0], [0, 0, 0, 4, 0, 0, 0, 0, 0], [0, 0, 0, 4, 4, 4, 0, 0, 0], [0, 0, 0, 0, 4, 0, 0, 0, 0]], "output": [[0, 8, 0, 0, 8, 0, 0, 0, 0], [8, 0, 8, 8, 0, 8, 0, 0, 0], [8, 8, 0, 0, 8, 8, 0, 0, 0], [0, 0, 0, 4, 0, 0, 0, 0, 0], [0, 0, 0, 4, 4, 4, 0, 0, 0], [0, 0, 0, 0, 4, 0, 0, 0, 0]]}, {"input": [[0, 0, 0, 8, 8, 8, 0, 0, 0], [0, 0, 0, 0, 8, 0, 0, 0, 0], [0, 0, 0, 0, 0, 8, 0, 0, 0], [0, 0, 0, 0, 0, 4, 0, 0, 0], [0, 0, 0, 4, 4, 4, 0, 0, 0], [0, 0, 0, 0, 4, 0, 0, 0, 0]], "output": [[0, 0, 0, 8, 8, 8, 8, 8, 8], [0, 0, 0, 0, 8, 0, 0, 8, 0], [0, 0, 0, 0, 0, 8, 8, 0, 0], [0, 0, 0, 0, 0, 4, 0, 0, 0], [0, 0, 0, 4, 4, 4, 0, 0, 0], [0, 0, 0, 0, 4, 0, 0, 0, 0]]}, {"input": [[0, 0, 0, 0, 8, 0, 0, 0, 0], [0, 0, 0, 8, 0, 0, 0, 0, 0], [0, 0, 0, 8, 8, 8, 0, 0, 0], [0, 0, 0, 4, 0, 0, 0, 0, 0], [0, 0, 0, 4, 4, 4, 0, 0, 0], [0, 0, 0, 0, 4, 0, 0, 0, 0]], "output": [[0, 8, 0, 0, 8, 0, 0, 0, 0], [0, 0, 8, 8, 0, 0, 0, 0, 0], [8, 8, 8, 8, 8, 8, 0, 0, 0], [0, 0, 0, 4, 0, 0, 0, 0, 0], [0, 0, 0, 4, 4, 4, 0, 0, 0], [0, 0, 0, 0, 4, 0, 0, 0, 0]]}, {"input": [[0, 0, 0, 0, 8, 8, 0, 0, 0], [0, 0, 0, 8, 0, 8, 0, 0, 0], [0, 0, 0, 8, 0, 0, 0, 0, 0], [0, 0, 0, 0, 0, 4, 0, 0, 0], [0, 0, 0, 4, 4, 4, 0, 0, 0], [0, 0, 0, 0, 4, 0, 0, 0, 0]], "output": [[0, 0, 0, 0, 8, 8, 8, 8, 0], [0, 0, 0, 8, 0, 8, 8, 0, 8], [0, 0, 0, 8, 0, 0, 0, 0, 8], [0, 0, 0, 0, 0, 4, 0, 0, 0], [0, 0, 0, 4, 4, 4, 0, 0, 0], [0, 0, 0, 0, 4, 0, 0, 0, 0]]}, {"input": [[0, 0, 0, 8, 0, 0, 0, 0, 0], [0, 0, 0, 0, 8, 8, 0, 0, 0], [0, 0, 0, 8, 0, 8, 0, 0, 0], [0, 0, 0, 0, 0, 4, 0, 0, 0], [0, 0, 0, 4, 4, 4, 0, 0, 0], [0, 0, 0, 0, 4, 0, 0, 0, 0]], "output": [[0, 0, 0, 8, 0, 0, 0, 0, 8], [0, 0, 0, 0, 8, 8, 8, 8, 0], [0, 0, 0, 8, 0, 8, 8, 0, 8], [0, 0, 0, 0, 0, 4, 0, 0, 0], [0, 0, 0, 4, 4, 4, 0, 0, 0], [0, 0, 0, 0, 4, 0, 0, 0, 0]]}, {"input": [[0, 0, 0, 0, 8, 0, 0, 0, 0], [0, 0, 0, 8, 0, 8, 0, 0, 0], [0, 0, 0, 0, 8, 0, 0, 0, 0], [0, 0, 0, 0, 0, 4, 0, 0, 0], [0, 0, 0, 4, 4, 4, 0, 0, 0], [0, 0, 0, 0, 4, 0, 0, 0, 0]], "output": [[0, 0, 0, 0, 8, 0, 0, 8, 0], [0, 0, 0, 8, 0, 8, 8, 0, 8], [0, 0, 0, 0, 8, 0, 0, 8, 0], [0, 0, 0, 0, 0, 4, 0, 0, 0], [0, 0, 0, 4, 4, 4, 0, 0, 0], [0, 0, 0, 0, 4, 0, 0, 0, 0]]}, {"input": [[0, 0, 0, 8, 0, 8, 0, 0, 0], [0, 0, 0, 0, 0, 8, 0, 0, 0], [0, 0, 0, 8, 8, 0, 0, 0, 0], [0, 0, 0, 0, 0, 4, 0, 0, 0], [0, 0, 0, 4, 4, 4, 0, 0, 0], [0, 0, 0, 0, 4, 0, 0, 0, 0]], "output": [[0, 0, 0, 8, 0, 8, 8, 0, 8], [0, 0, 0, 0, 0, 8, 8, 0, 0], [0, 0, 0, 8, 8, 0, 0, 8, 8], [0, 0, 0, 0, 0, 4, 0, 0, 0], [0, 0, 0, 4, 4, 4, 0, 0, 0], [0, 0, 0, 0, 4, 0, 0, 0, 0]]}, {"input": [[0, 0, 0, 0, 8, 0, 0, 0, 0], [0, 0, 0, 8, 8, 0, 0, 0, 0], [0, 0, 0, 8, 0, 8, 0, 0, 0], [0, 0, 0, 4, 0, 0, 0, 0, 0], [0, 0, 0, 4, 4, 4, 0, 0, 0], [0, 0, 0, 0, 4, 0, 0, 0, 0]], "output": [[0, 8, 0, 0, 8, 0, 0, 0, 0], [0, 8, 8, 8, 8, 0, 0, 0, 0], [8, 0, 8, 8, 0, 8, 0, 0, 0], [0, 0, 0, 4, 0, 0, 0, 0, 0], [0, 0, 0, 4, 4, 4, 0, 0, 0], [0, 0, 0, 0, 4, 0, 0, 0, 0]]}, {"input": [[0, 0, 0, 8, 0, 8, 0, 0, 0], [0, 0, 0, 0, 8, 0, 0, 0, 0], [0, 0, 0, 0, 8, 8, 0, 0, 0], [0, 0, 0, 4, 0, 0, 0, 0, 0], [0, 0, 0, 4, 4, 4, 0, 0, 0], [0, 0, 0, 0, 4, 0, 0, 0, 0]], "output": [[8, 0, 8, 8, 0, 8, 0, 0, 0], [0, 8, 0, 0, 8, 0, 0, 0, 0], [8, 8, 0, 0, 8, 8, 0, 0, 0], [0, 0, 0, 4, 0, 0, 0, 0, 0], [0, 0, 0, 4, 4, 4, 0, 0, 0], [0, 0, 0, 0, 4, 0, 0, 0, 0]]}, {"input": [[0, 0, 0, 0, 8, 8, 0, 0, 0], [0, 0, 0, 0, 8, 0, 0, 0, 0], [0, 0, 0, 8, 8, 8, 0, 0, 0], [0, 0, 0, 0, 0, 4, 0, 0, 0], [0, 0, 0, 4, 4, 4, 0, 0, 0], [0, 0, 0, 0, 4, 0, 0, 0, 0]], "output": [[0, 0, 0, 0, 8, 8, 8, 8, 0], [0, 0, 0, 0, 8, 0, 0, 8, 0], [0, 0, 0, 8, 8, 8, 8, 8, 8], [0, 0, 0, 0, 0, 4, 0, 0, 0], [0, 0, 0, 4, 4, 4, 0, 0, 0], [0, 0, 0, 0, 4, 0, 0, 0, 0]]}, {"input": [[0, 0, 0, 0, 8, 0, 0, 0, 0], [0, 0, 0, 8, 8, 0, 0, 0, 0], [0, 0, 0, 0, 0, 8, 0, 0, 0], [0, 0, 0, 0, 0, 4, 0, 0, 0], [0, 0, 0, 4, 4, 4, 0, 0, 0], [0, 0, 0, 0, 4, 0, 0, 0, 0]], "output": [[0, 0, 0, 0, 8, 0, 0, 8, 0], [0, 0, 0, 8, 8, 0, 0, 8, 8], [0, 0, 0, 0, 0, 8, 8, 0, 0], [0, 0, 0, 0, 0, 4, 0, 0, 0], [0, 0, 0, 4, 4, 4, 0, 0, 0], [0, 0, 0, 0, 4, 0, 0, 0, 0]]}, {"input": [[0, 0, 0, 8, 8, 8, 0, 0, 0], [0, 0, 0, 8, 0, 0, 0, 0, 0], [0, 0, 0, 8, 0, 8, 0, 0, 0], [0, 0, 0, 0, 0, 4, 0, 0, 0], [0, 0, 0, 4, 4, 4, 0, 0, 0], [0, 0, 0, 0, 4, 0, 0, 0, 0]], "output": [[0, 0, 0, 8, 8, 8, 8, 8, 8], [0, 0, 0, 8, 0, 0, 0, 0, 8], [0, 0, 0, 8, 0, 8, 8, 0, 8], [0, 0, 0, 0, 0, 4, 0, 0, 0], [0, 0, 0, 4, 4, 4, 0, 0, 0], [0, 0, 0, 0, 4, 0, 0, 0, 0]]}, {"input": [[0, 0, 0, 8, 0, 0, 0, 0, 0], [0, 0, 0, 0, 8, 8, 0, 0, 0], [0, 0, 0, 0, 8, 0, 0, 0, 0], [0, 0, 0, 0, 0, 4, 0, 0, 0], [0, 0, 0, 4, 4, 4, 0, 0, 0], [0, 0, 0, 0, 4, 0, 0, 0, 0]], "output": [[0, 0, 0, 8, 0, 0, 0, 0, 8], [0, 0, 0, 0, 8, 8, 8, 8, 0], [0, 0, 0, 0, 8, 0, 0, 8, 0], [0, 0, 0, 0, 0, 4, 0, 0, 0], [0, 0, 0, 4, 4, 4, 0, 0, 0], [0, 0, 0, 0, 4, 0, 0, 0, 0]]}, {"input": [[0, 0, 0, 8, 8, 0, 0, 0, 0], [0, 0, 0, 8, 0, 8, 0, 0, 0], [0, 0, 0, 0, 8, 0, 0, 0, 0], [0, 0, 0, 0, 0, 4, 0, 0, 0], [0, 0, 0, 4, 4, 4, 0, 0, 0], [0, 0, 0, 0, 4, 0, 0, 0, 0]], "output": [[0, 0, 0, 8, 8, 0, 0, 8, 8], [0, 0, 0, 8, 0, 8, 8, 0, 8], [0, 0, 0, 0, 8, 0, 0, 8, 0], [0, 0, 0, 0, 0, 4, 0, 0, 0], [0, 0, 0, 4, 4, 4, 0, 0, 0], [0, 0, 0, 0, 4, 0, 0, 0, 0]]}, {"input": [[0, 0, 0, 8, 0, 0, 0, 0, 0], [0, 0, 0, 8, 0, 0, 0, 0, 0], [0, 0, 0, 0, 8, 8, 0, 0, 0], [0, 0, 0, 0, 0, 4, 0, 0, 0], [0, 0, 0, 4, 4, 4, 0, 0, 0], [0, 0, 0, 0, 4, 0, 0, 0, 0]], "output": [[0, 0, 0, 8, 0, 0, 0, 0, 8], [0, 0, 0, 8, 0, 0, 0, 0, 8], [0, 0, 0, 0, 8, 8, 8, 8, 0], [0, 0, 0, 0, 0, 4, 0, 0, 0], [0, 0, 0, 4, 4, 4, 0, 0, 0], [0, 0, 0, 0, 4, 0, 0, 0, 0]]}, {"input": [[0, 0, 0, 8, 0, 0, 0, 0, 0], [0, 0, 0, 8, 8, 0, 0, 0, 0], [0, 0, 0, 8, 0, 8, 0, 0, 0], [0, 0, 0, 0, 0, 4, 0, 0, 0], [0, 0, 0, 4, 4, 4, 0, 0, 0], [0, 0, 0, 0, 4, 0, 0, 0, 0]], "output": [[0, 0, 0, 8, 0, 0, 0, 0, 8], [0, 0, 0, 8, 8, 0, 0, 8, 8], [0, 0, 0, 8, 0, 8, 8, 0, 8], [0, 0, 0, 0, 0, 4, 0, 0, 0], [0, 0, 0, 4, 4, 4, 0, 0, 0], [0, 0, 0, 0, 4, 0, 0, 0, 0]]}, {"input": [[0, 0, 0, 0, 0, 8, 0, 0, 0], [0, 0, 0, 8, 8, 0, 0, 0, 0], [0, 0, 0, 0, 8, 8, 0, 0, 0], [0, 0, 0, 4, 0, 0, 0, 0, 0], [0, 0, 0, 4, 4, 4, 0, 0, 0], [0, 0, 0, 0, 4, 0, 0, 0, 0]], "output": [[8, 0, 0, 0, 0, 8, 0, 0, 0], [0, 8, 8, 8, 8, 0, 0, 0, 0], [8, 8, 0, 0, 8, 8, 0, 0, 0], [0, 0, 0, 4, 0, 0, 0, 0, 0], [0, 0, 0, 4, 4, 4, 0, 0, 0], [0, 0, 0, 0, 4, 0, 0, 0, 0]]}, {"input": [[0, 0, 0, 8, 8, 0, 0, 0, 0], [0, 0, 0, 8, 8, 0, 0, 0, 0], [0, 0, 0, 0, 0, 8, 0, 0, 0], [0, 0, 0, 0, 0, 4, 0, 0, 0], [0, 0, 0, 4, 4, 4, 0, 0, 0], [0, 0, 0, 0, 4, 0, 0, 0, 0]], "output": [[0, 0, 0, 8, 8, 0, 0, 8, 8], [0, 0, 0, 8, 8, 0, 0, 8, 8], [0, 0, 0, 0, 0, 8, 8, 0, 0], [0, 0, 0, 0, 0, 4, 0, 0, 0], [0, 0, 0, 4, 4, 4, 0, 0, 0], [0, 0, 0, 0, 4, 0, 0, 0, 0]]}, {"input": [[0, 0, 0, 0, 8, 8, 0, 0, 0], [0, 0, 0, 0, 8, 0, 0, 0, 0], [0, 0, 0, 8, 8, 8, 0, 0, 0], [0, 0, 0, 4, 0, 0, 0, 0, 0], [0, 0, 0, 4, 4, 4, 0, 0, 0], [0, 0, 0, 0, 4, 0, 0, 0, 0]], "output": [[8, 8, 0, 0, 8, 8, 0, 0, 0], [0, 8, 0, 0, 8, 0, 0, 0, 0], [8, 8, 8, 8, 8, 8, 0, 0, 0], [0, 0, 0, 4, 0, 0, 0, 0, 0], [0, 0, 0, 4, 4, 4, 0, 0, 0], [0, 0, 0, 0, 4, 0, 0, 0, 0]]}, {"input": [[0, 0, 0, 8, 8, 0, 0, 0, 0], [0, 0, 0, 0, 0, 8, 0, 0, 0], [0, 0, 0, 8, 0, 8, 0, 0, 0], [0, 0, 0, 4, 0, 0, 0, 0, 0], [0, 0, 0, 4, 4, 4, 0, 0, 0], [0, 0, 0, 0, 4, 0, 0, 0, 0]], "output": [[0, 8, 8, 8, 8, 0, 0, 0, 0], [8, 0, 0, 0, 0, 8, 0, 0, 0], [8, 0, 8, 8, 0, 8, 0, 0, 0], [0, 0, 0, 4, 0, 0, 0, 0, 0], [0, 0, 0, 4, 4, 4, 0, 0, 0], [0, 0, 0, 0, 4, 0, 0, 0, 0]]}, {"input": [[0, 0, 0, 0, 8, 0, 0, 0, 0], [0, 0, 0, 8, 0, 8, 0, 0, 0], [0, 0, 0, 8, 8, 0, 0, 0, 0], [0, 0, 0, 4, 0, 0, 0, 0, 0], [0, 0, 0, 4, 4, 4, 0, 0, 0], [0, 0, 0, 0, 4, 0, 0, 0, 0]], "output": [[0, 8, 0, 0, 8, 0, 0, 0, 0], [8, 0, 8, 8, 0, 8, 0, 0, 0], [0, 8, 8, 8, 8, 0, 0, 0, 0], [0, 0, 0, 4, 0, 0, 0, 0, 0], [0, 0, 0, 4, 4, 4, 0, 0, 0], [0, 0, 0, 0, 4, 0, 0, 0, 0]]}, {"input": [[0, 0, 0, 0, 0, 8, 0, 0, 0], [0, 0, 0, 8, 8, 0, 0, 0, 0], [0, 0, 0, 0, 0, 8, 0, 0, 0], [0, 0, 0, 4, 0, 0, 0, 0, 0], [0, 0, 0, 4, 4, 4, 0, 0, 0], [0, 0, 0, 0, 4, 0, 0, 0, 0]], "output": [[8, 0, 0, 0, 0, 8, 0, 0, 0], [0, 8, 8, 8, 8, 0, 0, 0, 0], [8, 0, 0, 0, 0, 8, 0, 0, 0], [0, 0, 0, 4, 0, 0, 0, 0, 0], [0, 0, 0, 4, 4, 4, 0, 0, 0], [0, 0, 0, 0, 4, 0, 0, 0, 0]]}, {"input": [[0, 0, 0, 8, 0, 8, 0, 0, 0], [0, 0, 0, 8, 0, 0, 0, 0, 0], [0, 0, 0, 0, 8, 0, 0, 0, 0], [0, 0, 0, 0, 0, 4, 0, 0, 0], [0, 0, 0, 4, 4, 4, 0, 0, 0], [0, 0, 0, 0, 4, 0, 0, 0, 0]], "output": [[0, 0, 0, 8, 0, 8, 8, 0, 8], [0, 0, 0, 8, 0, 0, 0, 0, 8], [0, 0, 0, 0, 8, 0, 0, 8, 0], [0, 0, 0, 0, 0, 4, 0, 0, 0], [0, 0, 0, 4, 4, 4, 0, 0, 0], [0, 0, 0, 0, 4, 0, 0, 0, 0]]}, {"input": [[0, 0, 0, 8, 0, 8, 0, 0, 0], [0, 0, 0, 8, 8, 8, 0, 0, 0], [0, 0, 0, 8, 0, 0, 0, 0, 0], [0, 0, 0, 0, 0, 4, 0, 0, 0], [0, 0, 0, 4, 4, 4, 0, 0, 0], [0, 0, 0, 0, 4, 0, 0, 0, 0]], "output": [[0, 0, 0, 8, 0, 8, 8, 0, 8], [0, 0, 0, 8, 8, 8, 8, 8, 8], [0, 0, 0, 8, 0, 0, 0, 0, 8], [0, 0, 0, 0, 0, 4, 0, 0, 0], [0, 0, 0, 4, 4, 4, 0, 0, 0], [0, 0, 0, 0, 4, 0, 0, 0, 0]]}, {"input": [[0, 0, 0, 8, 0, 0, 0, 0, 0], [0, 0, 0, 0, 8, 8, 0, 0, 0], [0, 0, 0, 0, 0, 8, 0, 0, 0], [0, 0, 0, 4, 0, 0, 0, 0, 0], [0, 0, 0, 4, 4, 4, 0, 0, 0], [0, 0, 0, 0, 4, 0, 0, 0, 0]], "output": [[0, 0, 8, 8, 0, 0, 0, 0, 0], [8, 8, 0, 0, 8, 8, 0, 0, 0], [8, 0, 0, 0, 0, 8, 0, 0, 0], [0, 0, 0, 4, 0, 0, 0, 0, 0], [0, 0, 0, 4, 4, 4, 0, 0, 0], [0, 0, 0, 0, 4, 0, 0, 0, 0]]}, {"input": [[0, 0, 0, 0, 8, 8, 0, 0, 0], [0, 0, 0, 8, 0, 8, 0, 0, 0], [0, 0, 0, 8, 0, 0, 0, 0, 0], [0, 0, 0, 4, 0, 0, 0, 0, 0], [0, 0, 0, 4, 4, 4, 0, 0, 0], [0, 0, 0, 0, 4, 0, 0, 0, 0]], "output": [[8, 8, 0, 0, 8, 8, 0, 0, 0], [8, 0, 8, 8, 0, 8, 0, 0, 0], [0, 0, 8, 8, 0, 0, 0, 0, 0], [0, 0, 0, 4, 0, 0, 0, 0, 0], [0, 0, 0, 4, 4, 4, 0, 0, 0], [0, 0, 0, 0, 4, 0, 0, 0, 0]]}, {"input": [[0, 0, 0, 8, 8, 0, 0, 0, 0], [0, 0, 0, 0, 0, 8, 0, 0, 0], [0, 0, 0, 8, 8, 0, 0, 0, 0], [0, 0, 0, 0, 0, 4, 0, 0, 0], [0, 0, 0, 4, 4, 4, 0, 0, 0], [0, 0, 0, 0, 4, 0, 0, 0, 0]], "output": [[0, 0, 0, 8, 8, 0, 0, 8, 8], [0, 0, 0, 0, 0, 8, 8, 0, 0], [0, 0, 0, 8, 8, 0, 0, 8, 8], [0, 0, 0, 0, 0, 4, 0, 0, 0], [0, 0, 0, 4, 4, 4, 0, 0, 0], [0, 0, 0, 0, 4, 0, 0, 0, 0]]}, {"input": [[0, 0, 0, 8, 0, 0, 0, 0, 0], [0, 0, 0, 8, 8, 0, 0, 0, 0], [0, 0, 0, 8, 8, 8, 0, 0, 0], [0, 0, 0, 4, 0, 0, 0, 0, 0], [0, 0, 0, 4, 4, 4, 0, 0, 0], [0, 0, 0, 0, 4, 0, 0, 0, 0]], "output": [[0, 0, 8, 8, 0, 0, 0, 0, 0], [0, 8, 8, 8, 8, 0, 0, 0, 0], [8, 8, 8, 8, 8, 8, 0, 0, 0], [0, 0, 0, 4, 0, 0, 0, 0, 0], [0, 0, 0, 4, 4, 4, 0, 0, 0], [0, 0, 0, 0, 4, 0, 0, 0, 0]]}, {"input": [[0, 0, 0, 8, 8, 0, 0, 0, 0], [0, 0, 0, 0, 8, 8, 0, 0, 0], [0, 0, 0, 8, 0, 0, 0, 0, 0], [0, 0, 0, 4, 0, 0, 0, 0, 0], [0, 0, 0, 4, 4, 4, 0, 0, 0], [0, 0, 0, 0, 4, 0, 0, 0, 0]], "output": [[0, 8, 8, 8, 8, 0, 0, 0, 0], [8, 8, 0, 0, 8, 8, 0, 0, 0], [0, 0, 8, 8, 0, 0, 0, 0, 0], [0, 0, 0, 4, 0, 0, 0, 0, 0], [0, 0, 0, 4, 4, 4, 0, 0, 0], [0, 0, 0, 0, 4, 0, 0, 0, 0]]}, {"input": [[0, 0, 0, 8, 0, 8, 0, 0, 0], [0, 0, 0, 8, 0, 0, 0, 0, 0], [0, 0, 0, 0, 8, 8, 0, 0, 0], [0, 0, 0, 4, 0, 0, 0, 0, 0], [0, 0, 0, 4, 4, 4, 0, 0, 0], [0, 0, 0, 0, 4, 0, 0, 0, 0]], "output": [[8, 0, 8, 8, 0, 8, 0, 0, 0], [0, 0, 8, 8, 0, 0, 0, 0, 0], [8, 8, 0, 0, 8, 8, 0, 0, 0], [0, 0, 0, 4, 0, 0, 0, 0, 0], [0, 0, 0, 4, 4, 4, 0, 0, 0], [0, 0, 0, 0, 4, 0, 0, 0, 0]]}, {"input": [[0, 0, 0, 8, 8, 0, 0, 0, 0], [0, 0, 0, 0, 8, 0, 0, 0, 0], [0, 0, 0, 8, 0, 8, 0, 0, 0], [0, 0, 0, 0, 0, 4, 0, 0, 0], [0, 0, 0, 4, 4, 4, 0, 0, 0], [0, 0, 0, 0, 4, 0, 0, 0, 0]], "output": [[0, 0, 0, 8, 8, 0, 0, 8, 8], [0, 0, 0, 0, 8, 0, 0, 8, 0], [0, 0, 0, 8, 0, 8, 8, 0, 8], [0, 0, 0, 0, 0, 4, 0, 0, 0], [0, 0, 0, 4, 4, 4, 0, 0, 0], [0, 0, 0, 0, 4, 0, 0, 0, 0]]}, {"input": [[0, 0, 0, 8, 0, 8, 0, 0, 0], [0, 0, 0, 0, 8, 8, 0, 0, 0], [0, 0, 0, 8, 0, 0, 0, 0, 0], [0, 0, 0, 0, 0, 4, 0, 0, 0], [0, 0, 0, 4, 4, 4, 0, 0, 0], [0, 0, 0, 0, 4, 0, 0, 0, 0]], "output": [[0, 0, 0, 8, 0, 8, 8, 0, 8], [0, 0, 0, 0, 8, 8, 8, 8, 0], [0, 0, 0, 8, 0, 0, 0, 0, 8], [0, 0, 0, 0, 0, 4, 0, 0, 0], [0, 0, 0, 4, 4, 4, 0, 0, 0], [0, 0, 0, 0, 4, 0, 0, 0, 0]]}, {"input": [[0, 0, 0, 0, 8, 0, 0, 0, 0], [0, 0, 0, 8, 0, 8, 0, 0, 0], [0, 0, 0, 8, 0, 8, 0, 0, 0], [0, 0, 0, 4, 0, 0, 0, 0, 0], [0, 0, 0, 4, 4, 4, 0, 0, 0], [0, 0, 0, 0, 4, 0, 0, 0, 0]], "output": [[0, 8, 0, 0, 8, 0, 0, 0, 0], [8, 0, 8, 8, 0, 8, 0, 0, 0], [8, 0, 8, 8, 0, 8, 0, 0, 0], [0, 0, 0, 4, 0, 0, 0, 0, 0], [0, 0, 0, 4, 4, 4, 0, 0, 0], [0, 0, 0, 0, 4, 0, 0, 0, 0]]}, {"input": [[0, 0, 0, 8, 0, 0, 0, 0, 0], [0, 0, 0, 8, 0, 0, 0, 0, 0], [0, 0, 0, 0, 8, 8, 0, 0, 0], [0, 0, 0, 4, 0, 0, 0, 0, 0], [0, 0, 0, 4, 4, 4, 0, 0, 0], [0, 0, 0, 0, 4, 0, 0, 0, 0]], "output": [[0, 0, 8, 8, 0, 0, 0, 0, 0], [0, 0, 8, 8, 0, 0, 0, 0, 0], [8, 8, 0, 0, 8, 8, 0, 0, 0], [0, 0, 0, 4, 0, 0, 0, 0, 0], [0, 0, 0, 4, 4, 4, 0, 0, 0], [0, 0, 0, 0, 4, 0, 0, 0, 0]]}, {"input": [[0, 0, 0, 8, 8, 8, 0, 0, 0], [0, 0, 0, 8, 0, 0, 0, 0, 0], [0, 0, 0, 0, 8, 0, 0, 0, 0], [0, 0, 0, 0, 0, 4, 0, 0, 0], [0, 0, 0, 4, 4, 4, 0, 0, 0], [0, 0, 0, 0, 4, 0, 0, 0, 0]], "output": [[0, 0, 0, 8, 8, 8, 8, 8, 8], [0, 0, 0, 8, 0, 0, 0, 0, 8], [0, 0, 0, 0, 8, 0, 0, 8, 0], [0, 0, 0, 0, 0, 4, 0, 0, 0], [0, 0, 0, 4, 4, 4, 0, 0, 0], [0, 0, 0, 0, 4, 0, 0, 0, 0]]}, {"input": [[0, 0, 0, 8, 8, 0, 0, 0, 0], [0, 0, 0, 8, 0, 8, 0, 0, 0], [0, 0, 0, 8, 0, 0, 0, 0, 0], [0, 0, 0, 4, 0, 0, 0, 0, 0], [0, 0, 0, 4, 4, 4, 0, 0, 0], [0, 0, 0, 0, 4, 0, 0, 0, 0]], "output": [[0, 8, 8, 8, 8, 0, 0, 0, 0], [8, 0, 8, 8, 0, 8, 0, 0, 0], [0, 0, 8, 8, 0, 0, 0, 0, 0], [0, 0, 0, 4, 0, 0, 0, 0, 0], [0, 0, 0, 4, 4, 4, 0, 0, 0], [0, 0, 0, 0, 4, 0, 0, 0, 0]]}, {"input": [[0, 0, 0, 0, 8, 8, 0, 0, 0], [0, 0, 0, 8, 0, 0, 0, 0, 0], [0, 0, 0, 8, 0, 0, 0, 0, 0], [0, 0, 0, 4, 0, 0, 0, 0, 0], [0, 0, 0, 4, 4, 4, 0, 0, 0], [0, 0, 0, 0, 4, 0, 0, 0, 0]], "output": [[8, 8, 0, 0, 8, 8, 0, 0, 0], [0, 0, 8, 8, 0, 0, 0, 0, 0], [0, 0, 8, 8, 0, 0, 0, 0, 0], [0, 0, 0, 4, 0, 0, 0, 0, 0], [0, 0, 0, 4, 4, 4, 0, 0, 0], [0, 0, 0, 0, 4, 0, 0, 0, 0]]}, {"input": [[0, 0, 0, 0, 8, 0, 0, 0, 0], [0, 0, 0, 0, 0, 8, 0, 0, 0], [0, 0, 0, 8, 0, 8, 0, 0, 0], [0, 0, 0, 4, 0, 0, 0, 0, 0], [0, 0, 0, 4, 4, 4, 0, 0, 0], [0, 0, 0, 0, 4, 0, 0, 0, 0]], "output": [[0, 8, 0, 0, 8, 0, 0, 0, 0], [8, 0, 0, 0, 0, 8, 0, 0, 0], [8, 0, 8, 8, 0, 8, 0, 0, 0], [0, 0, 0, 4, 0, 0, 0, 0, 0], [0, 0, 0, 4, 4, 4, 0, 0, 0], [0, 0, 0, 0, 4, 0, 0, 0, 0]]}, {"input": [[0, 0, 0, 8, 0, 8, 0, 0, 0], [0, 0, 0, 0, 8, 8, 0, 0, 0], [0, 0, 0, 0, 0, 8, 0, 0, 0], [0, 0, 0, 4, 0, 0, 0, 0, 0], [0, 0, 0, 4, 4, 4, 0, 0, 0], [0, 0, 0, 0, 4, 0, 0, 0, 0]], "output": [[8, 0, 8, 8, 0, 8, 0, 0, 0], [8, 8, 0, 0, 8, 8, 0, 0, 0], [8, 0, 0, 0, 0, 8, 0, 0, 0], [0, 0, 0, 4, 0, 0, 0, 0, 0], [0, 0, 0, 4, 4, 4, 0, 0, 0], [0, 0, 0, 0, 4, 0, 0, 0, 0]]}, {"input": [[0, 0, 0, 8, 8, 8, 0, 0, 0], [0, 0, 0, 8, 0, 8, 0, 0, 0], [0, 0, 0, 0, 0, 8, 0, 0, 0], [0, 0, 0, 4, 0, 0, 0, 0, 0], [0, 0, 0, 4, 4, 4, 0, 0, 0], [0, 0, 0, 0, 4, 0, 0, 0, 0]], "output": [[8, 8, 8, 8, 8, 8, 0, 0, 0], [8, 0, 8, 8, 0, 8, 0, 0, 0], [8, 0, 0, 0, 0, 8, 0, 0, 0], [0, 0, 0, 4, 0, 0, 0, 0, 0], [0, 0, 0, 4, 4, 4, 0, 0, 0], [0, 0, 0, 0, 4, 0, 0, 0, 0]]}, {"input": [[0, 0, 0, 8, 0, 8, 0, 0, 0], [0, 0, 0, 0, 8, 8, 0, 0, 0], [0, 0, 0, 0, 8, 0, 0, 0, 0], [0, 0, 0, 4, 0, 0, 0, 0, 0], [0, 0, 0, 4, 4, 4, 0, 0, 0], [0, 0, 0, 0, 4, 0, 0, 0, 0]], "output": [[8, 0, 8, 8, 0, 8, 0, 0, 0], [8, 8, 0, 0, 8, 8, 0, 0, 0], [0, 8, 0, 0, 8, 0, 0, 0, 0], [0, 0, 0, 4, 0, 0, 0, 0, 0], [0, 0, 0, 4, 4, 4, 0, 0, 0], [0, 0, 0, 0, 4, 0, 0, 0, 0]]}, {"input": [[0, 0, 0, 0, 8, 8, 0, 0, 0], [0, 0, 0, 8, 8, 0, 0, 0, 0], [0, 0, 0, 0, 0, 8, 0, 0, 0], [0, 0, 0, 4, 0, 0, 0, 0, 0], [0, 0, 0, 4, 4, 4, 0, 0, 0], [0, 0, 0, 0, 4, 0, 0, 0, 0]], "output": [[8, 8, 0, 0, 8, 8, 0, 0, 0], [0, 8, 8, 8, 8, 0, 0, 0, 0], [8, 0, 0, 0, 0, 8, 0, 0, 0], [0, 0, 0, 4, 0, 0, 0, 0, 0], [0, 0, 0, 4, 4, 4, 0, 0, 0], [0, 0, 0, 0, 4, 0, 0, 0, 0]]}, {"input": [[0, 0, 0, 0, 8, 8, 0, 0, 0], [0, 0, 0, 8, 0, 0, 0, 0, 0], [0, 0, 0, 0, 8, 8, 0, 0, 0], [0, 0, 0, 0, 0, 4, 0, 0, 0], [0, 0, 0, 4, 4, 4, 0, 0, 0], [0, 0, 0, 0, 4, 0, 0, 0, 0]], "output": [[0, 0, 0, 0, 8, 8, 8, 8, 0], [0, 0, 0, 8, 0, 0, 0, 0, 8], [0, 0, 0, 0, 8, 8, 8, 8, 0], [0, 0, 0, 0, 0, 4, 0, 0, 0], [0, 0, 0, 4, 4, 4, 0, 0, 0], [0, 0, 0, 0, 4, 0, 0, 0, 0]]}, {"input": [[0, 0, 0, 8, 0, 8, 0, 0, 0], [0, 0, 0, 0, 8, 0, 0, 0, 0], [0, 0, 0, 8, 0, 0, 0, 0, 0], [0, 0, 0, 4, 0, 0, 0, 0, 0], [0, 0, 0, 4, 4, 4, 0, 0, 0], [0, 0, 0, 0, 4, 0, 0, 0, 0]], "output": [[8, 0, 8, 8, 0, 8, 0, 0, 0], [0, 8, 0, 0, 8, 0, 0, 0, 0], [0, 0, 8, 8, 0, 0, 0, 0, 0], [0, 0, 0, 4, 0, 0, 0, 0, 0], [0, 0, 0, 4, 4, 4, 0, 0, 0], [0, 0, 0, 0, 4, 0, 0, 0, 0]]}, {"input": [[0, 0, 0, 8, 0, 8, 0, 0, 0], [0, 0, 0, 8, 0, 0, 0, 0, 0], [0, 0, 0, 8, 8, 0, 0, 0, 0], [0, 0, 0, 0, 0, 4, 0, 0, 0], [0, 0, 0, 4, 4, 4, 0, 0, 0], [0, 0, 0, 0, 4, 0, 0, 0, 0]], "output": [[0, 0, 0, 8, 0, 8, 8, 0, 8], [0, 0, 0, 8, 0, 0, 0, 0, 8], [0, 0, 0, 8, 8, 0, 0, 8, 8], [0, 0, 0, 0, 0, 4, 0, 0, 0], [0, 0, 0, 4, 4, 4, 0, 0, 0], [0, 0, 0, 0, 4, 0, 0, 0, 0]]}, {"input": [[0, 0, 0, 0, 0, 8, 0, 0, 0], [0, 0, 0, 8, 8, 0, 0, 0, 0], [0, 0, 0, 8, 0, 0, 0, 0, 0], [0, 0, 0, 0, 0, 4, 0, 0, 0], [0, 0, 0, 4, 4, 4, 0, 0, 0], [0, 0, 0, 0, 4, 0, 0, 0, 0]], "output": [[0, 0, 0, 0, 0, 8, 8, 0, 0], [0, 0, 0, 8, 8, 0, 0, 8, 8], [0, 0, 0, 8, 0, 0, 0, 0, 8], [0, 0, 0, 0, 0, 4, 0, 0, 0], [0, 0, 0, 4, 4, 4, 0, 0, 0], [0, 0, 0, 0, 4, 0, 0, 0, 0]]}, {"input": [[0, 0, 0, 8, 0, 8, 0, 0, 0], [0, 0, 0, 8, 0, 0, 0, 0, 0], [0, 0, 0, 8, 8, 8, 0, 0, 0], [0, 0, 0, 4, 0, 0, 0, 0, 0], [0, 0, 0, 4, 4, 4, 0, 0, 0], [0, 0, 0, 0, 4, 0, 0, 0, 0]], "output": [[8, 0, 8, 8, 0, 8, 0, 0, 0], [0, 0, 8, 8, 0, 0, 0, 0, 0], [8, 8, 8, 8, 8, 8, 0, 0, 0], [0, 0, 0, 4, 0, 0, 0, 0, 0], [0, 0, 0, 4, 4, 4, 0, 0, 0], [0, 0, 0, 0, 4, 0, 0, 0, 0]]}, {"input": [[0, 0, 0, 8, 0, 0, 0, 0, 0], [0, 0, 0, 8, 0, 8, 0, 0, 0], [0, 0, 0, 8, 8, 0, 0, 0, 0], [0, 0, 0, 0, 0, 4, 0, 0, 0], [0, 0, 0, 4, 4, 4, 0, 0, 0], [0, 0, 0, 0, 4, 0, 0, 0, 0]], "output": [[0, 0, 0, 8, 0, 0, 0, 0, 8], [0, 0, 0, 8, 0, 8, 8, 0, 8], [0, 0, 0, 8, 8, 0, 0, 8, 8], [0, 0, 0, 0, 0, 4, 0, 0, 0], [0, 0, 0, 4, 4, 4, 0, 0, 0], [0, 0, 0, 0, 4, 0, 0, 0, 0]]}, {"input": [[0, 0, 0, 0, 0, 8, 0, 0, 0], [0, 0, 0, 0, 0, 8, 0, 0, 0], [0, 0, 0, 8, 8, 0, 0, 0, 0], [0, 0, 0, 4, 0, 0, 0, 0, 0], [0, 0, 0, 4, 4, 4, 0, 0, 0], [0, 0, 0, 0, 4, 0, 0, 0, 0]], "output": [[8, 0, 0, 0, 0, 8, 0, 0, 0], [8, 0, 0, 0, 0, 8, 0, 0, 0], [0, 8, 8, 8, 8, 0, 0, 0, 0], [0, 0, 0, 4, 0, 0, 0, 0, 0], [0, 0, 0, 4, 4, 4, 0, 0, 0], [0, 0, 0, 0, 4, 0, 0, 0, 0]]}, {"input": [[0, 0, 0, 0, 8, 8, 0, 0, 0], [0, 0, 0, 8, 8, 0, 0, 0, 0], [0, 0, 0, 0, 0, 8, 0, 0, 0], [0, 0, 0, 0, 0, 4, 0, 0, 0], [0, 0, 0, 4, 4, 4, 0, 0, 0], [0, 0, 0, 0, 4, 0, 0, 0, 0]], "output": [[0, 0, 0, 0, 8, 8, 8, 8, 0], [0, 0, 0, 8, 8, 0, 0, 8, 8], [0, 0, 0, 0, 0, 8, 8, 0, 0], [0, 0, 0, 0, 0, 4, 0, 0, 0], [0, 0, 0, 4, 4, 4, 0, 0, 0], [0, 0, 0, 0, 4, 0, 0, 0, 0]]}, {"input": [[0, 0, 0, 0, 8, 8, 0, 0, 0], [0, 0, 0, 0, 8, 8, 0, 0, 0], [0, 0, 0, 8, 8, 0, 0, 0, 0], [0, 0, 0, 0, 0, 4, 0, 0, 0], [0, 0, 0, 4, 4, 4, 0, 0, 0], [0, 0, 0, 0, 4, 0, 0, 0, 0]], "output": [[0, 0, 0, 0, 8, 8, 8, 8, 0], [0, 0, 0, 0, 8, 8, 8, 8, 0], [0, 0, 0, 8, 8, 0, 0, 8, 8], [0, 0, 0, 0, 0, 4, 0, 0, 0], [0, 0, 0, 4, 4, 4, 0, 0, 0], [0, 0, 0, 0, 4, 0, 0, 0, 0]]}, {"input": [[0, 0, 0, 8, 0, 0, 0, 0, 0], [0, 0, 0, 0, 0, 8, 0, 0, 0], [0, 0, 0, 0, 8, 8, 0, 0, 0], [0, 0, 0, 4, 0, 0, 0, 0, 0], [0, 0, 0, 4, 4, 4, 0, 0, 0], [0, 0, 0, 0, 4, 0, 0, 0, 0]], "output": [[0, 0, 8, 8, 0, 0, 0, 0, 0], [8, 0, 0, 0, 0, 8, 0, 0, 0], [8, 8, 0, 0, 8, 8, 0, 0, 0], [0, 0, 0, 4, 0, 0, 0, 0, 0], [0, 0, 0, 4, 4, 4, 0, 0, 0], [0, 0, 0, 0, 4, 0, 0, 0, 0]]}, {"input": [[0, 0, 0, 8, 8, 8, 0, 0, 0], [0, 0, 0, 0, 8, 8, 0, 0, 0], [0, 0, 0, 0, 8, 0, 0, 0, 0], [0, 0, 0, 0, 0, 4, 0, 0, 0], [0, 0, 0, 4, 4, 4, 0, 0, 0], [0, 0, 0, 0, 4, 0, 0, 0, 0]], "output": [[0, 0, 0, 8, 8, 8, 8, 8, 8], [0, 0, 0, 0, 8, 8, 8, 8, 0], [0, 0, 0, 0, 8, 0, 0, 8, 0], [0, 0, 0, 0, 0, 4, 0, 0, 0], [0, 0, 0, 4, 4, 4, 0, 0, 0], [0, 0, 0, 0, 4, 0, 0, 0, 0]]}, {"input": [[0, 0, 0, 8, 8, 8, 0, 0, 0], [0, 0, 0, 8, 0, 0, 0, 0, 0], [0, 0, 0, 8, 0, 8, 0, 0, 0], [0, 0, 0, 4, 0, 0, 0, 0, 0], [0, 0, 0, 4, 4, 4, 0, 0, 0], [0, 0, 0, 0, 4, 0, 0, 0, 0]], "output": [[8, 8, 8, 8, 8, 8, 0, 0, 0], [0, 0, 8, 8, 0, 0, 0, 0, 0], [8, 0, 8, 8, 0, 8, 0, 0, 0], [0, 0, 0, 4, 0, 0, 0, 0, 0], [0, 0, 0, 4, 4, 4, 0, 0, 0], [0, 0, 0, 0, 4, 0, 0, 0, 0]]}, {"input": [[0, 0, 0, 0, 0, 8, 0, 0, 0], [0, 0, 0, 8, 8, 0, 0, 0, 0], [0, 0, 0, 8, 0, 8, 0, 0, 0], [0, 0, 0, 0, 0, 4, 0, 0, 0], [0, 0, 0, 4, 4, 4, 0, 0, 0], [0, 0, 0, 0, 4, 0, 0, 0, 0]], "output": [[0, 0, 0, 0, 0, 8, 8, 0, 0], [0, 0, 0, 8, 8, 0, 0, 8, 8], [0, 0, 0, 8, 0, 8, 8, 0, 8], [0, 0, 0, 0, 0, 4, 0, 0, 0], [0, 0, 0, 4, 4, 4, 0, 0, 0], [0, 0, 0, 0, 4, 0, 0, 0, 0]]}, {"input": [[0, 0, 0, 0, 8, 0, 0, 0, 0], [0, 0, 0, 8, 8, 8, 0, 0, 0], [0, 0, 0, 8, 0, 8, 0, 0, 0], [0, 0, 0, 4, 0, 0, 0, 0, 0], [0, 0, 0, 4, 4, 4, 0, 0, 0], [0, 0, 0, 0, 4, 0, 0, 0, 0]], "output": [[0, 8, 0, 0, 8, 0, 0, 0, 0], [8, 8, 8, 8, 8, 8, 0, 0, 0], [8, 0, 8, 8, 0, 8, 0, 0, 0], [0, 0, 0, 4, 0, 0, 0, 0, 0], [0, 0, 0, 4, 4, 4, 0, 0, 0], [0, 0, 0, 0, 4, 0, 0, 0, 0]]}, {"input": [[0, 0, 0, 8, 8, 0, 0, 0, 0], [0, 0, 0, 0, 8, 0, 0, 0, 0], [0, 0, 0, 0, 0, 8, 0, 0, 0], [0, 0, 0, 4, 0, 0, 0, 0, 0], [0, 0, 0, 4, 4, 4, 0, 0, 0], [0, 0, 0, 0, 4, 0, 0, 0, 0]], "output": [[0, 8, 8, 8, 8, 0, 0, 0, 0], [0, 8, 0, 0, 8, 0, 0, 0, 0], [8, 0, 0, 0, 0, 8, 0, 0, 0], [0, 0, 0, 4, 0, 0, 0, 0, 0], [0, 0, 0, 4, 4, 4, 0, 0, 0], [0, 0, 0, 0, 4, 0, 0, 0, 0]]}, {"input": [[0, 0, 0, 0, 0, 8, 0, 0, 0], [0, 0, 0, 0, 8, 8, 0, 0, 0], [0, 0, 0, 8, 0, 0, 0, 0, 0], [0, 0, 0, 0, 0, 4, 0, 0, 0], [0, 0, 0, 4, 4, 4, 0, 0, 0], [0, 0, 0, 0, 4, 0, 0, 0, 0]], "output": [[0, 0, 0, 0, 0, 8, 8, 0, 0], [0, 0, 0, 0, 8, 8, 8, 8, 0], [0, 0, 0, 8, 0, 0, 0, 0, 8], [0, 0, 0, 0, 0, 4, 0, 0, 0], [0, 0, 0, 4, 4, 4, 0, 0, 0], [0, 0, 0, 0, 4, 0, 0, 0, 0]]}, {"input": [[0, 0, 0, 8, 8, 8, 0, 0, 0], [0, 0, 0, 8, 0, 0, 0, 0, 0], [0, 0, 0, 0, 0, 8, 0, 0, 0], [0, 0, 0, 4, 0, 0, 0, 0, 0], [0, 0, 0, 4, 4, 4, 0, 0, 0], [0, 0, 0, 0, 4, 0, 0, 0, 0]], "output": [[8, 8, 8, 8, 8, 8, 0, 0, 0], [0, 0, 8, 8, 0, 0, 0, 0, 0], [8, 0, 0, 0, 0, 8, 0, 0, 0], [0, 0, 0, 4, 0, 0, 0, 0, 0], [0, 0, 0, 4, 4, 4, 0, 0, 0], [0, 0, 0, 0, 4, 0, 0, 0, 0]]}, {"input": [[0, 0, 0, 8, 0, 0, 0, 0, 0], [0, 0, 0, 0, 8, 8, 0, 0, 0], [0, 0, 0, 8, 8, 8, 0, 0, 0], [0, 0, 0, 4, 0, 0, 0, 0, 0], [0, 0, 0, 4, 4, 4, 0, 0, 0], [0, 0, 0, 0, 4, 0, 0, 0, 0]], "output": [[0, 0, 8, 8, 0, 0, 0, 0, 0], [8, 8, 0, 0, 8, 8, 0, 0, 0], [8, 8, 8, 8, 8, 8, 0, 0, 0], [0, 0, 0, 4, 0, 0, 0, 0, 0], [0, 0, 0, 4, 4, 4, 0, 0, 0], [0, 0, 0, 0, 4, 0, 0, 0, 0]]}, {"input": [[0, 0, 0, 8, 0, 0, 0, 0, 0], [0, 0, 0, 0, 8, 0, 0, 0, 0], [0, 0, 0, 8, 0, 8, 0, 0, 0], [0, 0, 0, 4, 0, 0, 0, 0, 0], [0, 0, 0, 4, 4, 4, 0, 0, 0], [0, 0, 0, 0, 4, 0, 0, 0, 0]], "output": [[0, 0, 8, 8, 0, 0, 0, 0, 0], [0, 8, 0, 0, 8, 0, 0, 0, 0], [8, 0, 8, 8, 0, 8, 0, 0, 0], [0, 0, 0, 4, 0, 0, 0, 0, 0], [0, 0, 0, 4, 4, 4, 0, 0, 0], [0, 0, 0, 0, 4, 0, 0, 0, 0]]}, {"input": [[0, 0, 0, 0, 8, 0, 0, 0, 0], [0, 0, 0, 8, 0, 8, 0, 0, 0], [0, 0, 0, 0, 0, 8, 0, 0, 0], [0, 0, 0, 4, 0, 0, 0, 0, 0], [0, 0, 0, 4, 4, 4, 0, 0, 0], [0, 0, 0, 0, 4, 0, 0, 0, 0]], "output": [[0, 8, 0, 0, 8, 0, 0, 0, 0], [8, 0, 8, 8, 0, 8, 0, 0, 0], [8, 0, 0, 0, 0, 8, 0, 0, 0], [0, 0, 0, 4, 0, 0, 0, 0, 0], [0, 0, 0, 4, 4, 4, 0, 0, 0], [0, 0, 0, 0, 4, 0, 0, 0, 0]]}, {"input": [[0, 0, 0, 8, 8, 0, 0, 0, 0], [0, 0, 0, 8, 0, 0, 0, 0, 0], [0, 0, 0, 8, 0, 8, 0, 0, 0], [0, 0, 0, 0, 0, 4, 0, 0, 0], [0, 0, 0, 4, 4, 4, 0, 0, 0], [0, 0, 0, 0, 4, 0, 0, 0, 0]], "output": [[0, 0, 0, 8, 8, 0, 0, 8, 8], [0, 0, 0, 8, 0, 0, 0, 0, 8], [0, 0, 0, 8, 0, 8, 8, 0, 8], [0, 0, 0, 0, 0, 4, 0, 0, 0], [0, 0, 0, 4, 4, 4, 0, 0, 0], [0, 0, 0, 0, 4, 0, 0, 0, 0]]}, {"input": [[0, 0, 0, 0, 8, 8, 0, 0, 0], [0, 0, 0, 8, 0, 0, 0, 0, 0], [0, 0, 0, 8, 0, 0, 0, 0, 0], [0, 0, 0, 0, 0, 4, 0, 0, 0], [0, 0, 0, 4, 4, 4, 0, 0, 0], [0, 0, 0, 0, 4, 0, 0, 0, 0]], "output": [[0, 0, 0, 0, 8, 8, 8, 8, 0], [0, 0, 0, 8, 0, 0, 0, 0, 8], [0, 0, 0, 8, 0, 0, 0, 0, 8], [0, 0, 0, 0, 0, 4, 0, 0, 0], [0, 0, 0, 4, 4, 4, 0, 0, 0], [0, 0, 0, 0, 4, 0, 0, 0, 0]]}, {"input": [[0, 0, 0, 0, 0, 8, 0, 0, 0], [0, 0, 0, 0, 8, 0, 0, 0, 0], [0, 0, 0, 8, 8, 8, 0, 0, 0], [0, 0, 0, 4, 0, 0, 0, 0, 0], [0, 0, 0, 4, 4, 4, 0, 0, 0], [0, 0, 0, 0, 4, 0, 0, 0, 0]], "output": [[8, 0, 0, 0, 0, 8, 0, 0, 0], [0, 8, 0, 0, 8, 0, 0, 0, 0], [8, 8, 8, 8, 8, 8, 0, 0, 0], [0, 0, 0, 4, 0, 0, 0, 0, 0], [0, 0, 0, 4, 4, 4, 0, 0, 0], [0, 0, 0, 0, 4, 0, 0, 0, 0]]}, {"input": [[0, 0, 0, 8, 8, 0, 0, 0, 0], [0, 0, 0, 0, 0, 8, 0, 0, 0], [0, 0, 0, 0, 8, 8, 0, 0, 0], [0, 0, 0, 4, 0, 0, 0, 0, 0], [0, 0, 0, 4, 4, 4, 0, 0, 0], [0, 0, 0, 0, 4, 0, 0, 0, 0]], "output": [[0, 8, 8, 8, 8, 0, 0, 0, 0], [8, 0, 0, 0, 0, 8, 0, 0, 0], [8, 8, 0, 0, 8, 8, 0, 0, 0], [0, 0, 0, 4, 0, 0, 0, 0, 0], [0, 0, 0, 4, 4, 4, 0, 0, 0], [0, 0, 0, 0, 4, 0, 0, 0, 0]]}, {"input": [[0, 0, 0, 8, 8, 8, 0, 0, 0], [0, 0, 0, 0, 8, 0, 0, 0, 0], [0, 0, 0, 8, 8, 0, 0, 0, 0], [0, 0, 0, 4, 0, 0, 0, 0, 0], [0, 0, 0, 4, 4, 4, 0, 0, 0], [0, 0, 0, 0, 4, 0, 0, 0, 0]], "output": [[8, 8, 8, 8, 8, 8, 0, 0, 0], [0, 8, 0, 0, 8, 0, 0, 0, 0], [0, 8, 8, 8, 8, 0, 0, 0, 0], [0, 0, 0, 4, 0, 0, 0, 0, 0], [0, 0, 0, 4, 4, 4, 0, 0, 0], [0, 0, 0, 0, 4, 0, 0, 0, 0]]}, {"input": [[0, 0, 0, 0, 8, 8, 0, 0, 0], [0, 0, 0, 0, 0, 8, 0, 0, 0], [0, 0, 0, 8, 0, 8, 0, 0, 0], [0, 0, 0, 4, 0, 0, 0, 0, 0], [0, 0, 0, 4, 4, 4, 0, 0, 0], [0, 0, 0, 0, 4, 0, 0, 0, 0]], "output": [[8, 8, 0, 0, 8, 8, 0, 0, 0], [8, 0, 0, 0, 0, 8, 0, 0, 0], [8, 0, 8, 8, 0, 8, 0, 0, 0], [0, 0, 0, 4, 0, 0, 0, 0, 0], [0, 0, 0, 4, 4, 4, 0, 0, 0], [0, 0, 0, 0, 4, 0, 0, 0, 0]]}, {"input": [[0, 0, 0, 8, 0, 8, 0, 0, 0], [0, 0, 0, 0, 8, 0, 0, 0, 0], [0, 0, 0, 8, 8, 0, 0, 0, 0], [0, 0, 0, 4, 0, 0, 0, 0, 0], [0, 0, 0, 4, 4, 4, 0, 0, 0], [0, 0, 0, 0, 4, 0, 0, 0, 0]], "output": [[8, 0, 8, 8, 0, 8, 0, 0, 0], [0, 8, 0, 0, 8, 0, 0, 0, 0], [0, 8, 8, 8, 8, 0, 0, 0, 0], [0, 0, 0, 4, 0, 0, 0, 0, 0], [0, 0, 0, 4, 4, 4, 0, 0, 0], [0, 0, 0, 0, 4, 0, 0, 0, 0]]}, {"input": [[0, 0, 0, 0, 8, 8, 0, 0, 0], [0, 0, 0, 0, 8, 0, 0, 0, 0], [0, 0, 0, 8, 0, 0, 0, 0, 0], [0, 0, 0, 4, 0, 0, 0, 0, 0], [0, 0, 0, 4, 4, 4, 0, 0, 0], [0, 0, 0, 0, 4, 0, 0, 0, 0]], "output": [[8, 8, 0, 0, 8, 8, 0, 0, 0], [0, 8, 0, 0, 8, 0, 0, 0, 0], [0, 0, 8, 8, 0, 0, 0, 0, 0], [0, 0, 0, 4, 0, 0, 0, 0, 0], [0, 0, 0, 4, 4, 4, 0, 0, 0], [0, 0, 0, 0, 4, 0, 0, 0, 0]]}, {"input": [[0, 0, 0, 8, 0, 0, 0, 0, 0], [0, 0, 0, 0, 8, 8, 0, 0, 0], [0, 0, 0, 8, 8, 0, 0, 0, 0], [0, 0, 0, 0, 0, 4, 0, 0, 0], [0, 0, 0, 4, 4, 4, 0, 0, 0], [0, 0, 0, 0, 4, 0, 0, 0, 0]], "output": [[0, 0, 0, 8, 0, 0, 0, 0, 8], [0, 0, 0, 0, 8, 8, 8, 8, 0], [0, 0, 0, 8, 8, 0, 0, 8, 8], [0, 0, 0, 0, 0, 4, 0, 0, 0], [0, 0, 0, 4, 4, 4, 0, 0, 0], [0, 0, 0, 0, 4, 0, 0, 0, 0]]}, {"input": [[0, 0, 0, 0, 8, 0, 0, 0, 0], [0, 0, 0, 8, 0, 8, 0, 0, 0], [0, 0, 0, 0, 8, 0, 0, 0, 0], [0, 0, 0, 4, 0, 0, 0, 0, 0], [0, 0, 0, 4, 4, 4, 0, 0, 0], [0, 0, 0, 0, 4, 0, 0, 0, 0]], "output": [[0, 8, 0, 0, 8, 0, 0, 0, 0], [8, 0, 8, 8, 0, 8, 0, 0, 0], [0, 8, 0, 0, 8, 0, 0, 0, 0], [0, 0, 0, 4, 0, 0, 0, 0, 0], [0, 0, 0, 4, 4, 4, 0, 0, 0], [0, 0, 0, 0, 4, 0, 0, 0, 0]]}, {"input": [[0, 0, 0, 0, 0, 8, 0, 0, 0], [0, 0, 0, 8, 8, 0, 0, 0, 0], [0, 0, 0, 0, 8, 8, 0, 0, 0], [0, 0, 0, 0, 0, 4, 0, 0, 0], [0, 0, 0, 4, 4, 4, 0, 0, 0], [0, 0, 0, 0, 4, 0, 0, 0, 0]], "output": [[0, 0, 0, 0, 0, 8, 8, 0, 0], [0, 0, 0, 8, 8, 0, 0, 8, 8], [0, 0, 0, 0, 8, 8, 8, 8, 0], [0, 0, 0, 0, 0, 4, 0, 0, 0], [0, 0, 0, 4, 4, 4, 0, 0, 0], [0, 0, 0, 0, 4, 0, 0, 0, 0]]}, {"input": [[0, 0, 0, 0, 8, 8, 0, 0, 0], [0, 0, 0, 0, 8, 8, 0, 0, 0], [0, 0, 0, 8, 0, 0, 0, 0, 0], [0, 0, 0, 0, 0, 4, 0, 0, 0], [0, 0, 0, 4, 4, 4, 0, 0, 0], [0, 0, 0, 0, 4, 0, 0, 0, 0]], "output": [[0, 0, 0, 0, 8, 8, 8, 8, 0], [0, 0, 0, 0, 8, 8, 8, 8, 0], [0, 0, 0, 8, 0, 0, 0, 0, 8], [0, 0, 0, 0, 0, 4, 0, 0, 0], [0, 0, 0, 4, 4, 4, 0, 0, 0], [0, 0, 0, 0, 4, 0, 0, 0, 0]]}, {"input": [[0, 0, 0, 0, 8, 8, 0, 0, 0], [0, 0, 0, 0, 0, 8, 0, 0, 0], [0, 0, 0, 8, 0, 8, 0, 0, 0], [0, 0, 0, 0, 0, 4, 0, 0, 0], [0, 0, 0, 4, 4, 4, 0, 0, 0], [0, 0, 0, 0, 4, 0, 0, 0, 0]], "output": [[0, 0, 0, 0, 8, 8, 8, 8, 0], [0, 0, 0, 0, 0, 8, 8, 0, 0], [0, 0, 0, 8, 0, 8, 8, 0, 8], [0, 0, 0, 0, 0, 4, 0, 0, 0], [0, 0, 0, 4, 4, 4, 0, 0, 0], [0, 0, 0, 0, 4, 0, 0, 0, 0]]}, {"input": [[0, 0, 0, 0, 0, 8, 0, 0, 0], [0, 0, 0, 8, 0, 8, 0, 0, 0], [0, 0, 0, 8, 8, 0, 0, 0, 0], [0, 0, 0, 0, 0, 4, 0, 0, 0], [0, 0, 0, 4, 4, 4, 0, 0, 0], [0, 0, 0, 0, 4, 0, 0, 0, 0]], "output": [[0, 0, 0, 0, 0, 8, 8, 0, 0], [0, 0, 0, 8, 0, 8, 8, 0, 8], [0, 0, 0, 8, 8, 0, 0, 8, 8], [0, 0, 0, 0, 0, 4, 0, 0, 0], [0, 0, 0, 4, 4, 4, 0, 0, 0], [0, 0, 0, 0, 4, 0, 0, 0, 0]]}, {"input": [[0, 0, 0, 8, 0, 8, 0, 0, 0], [0, 0, 0, 8, 8, 0, 0, 0, 0], [0, 0, 0, 0, 8, 0, 0, 0, 0], [0, 0, 0, 4, 0, 0, 0, 0, 0], [0, 0, 0, 4, 4, 4, 0, 0, 0], [0, 0, 0, 0, 4, 0, 0, 0, 0]], "output": [[8, 0, 8, 8, 0, 8, 0, 0, 0], [0, 8, 8, 8, 8, 0, 0, 0, 0], [0, 8, 0, 0, 8, 0, 0, 0, 0], [0, 0, 0, 4, 0, 0, 0, 0, 0], [0, 0, 0, 4, 4, 4, 0, 0, 0], [0, 0, 0, 0, 4, 0, 0, 0, 0]]}, {"input": [[0, 0, 0, 8, 0, 0, 0, 0, 0], [0, 0, 0, 0, 8, 8, 0, 0, 0], [0, 0, 0, 8, 0, 8, 0, 0, 0], [0, 0, 0, 4, 0, 0, 0, 0, 0], [0, 0, 0, 4, 4, 4, 0, 0, 0], [0, 0, 0, 0, 4, 0, 0, 0, 0]], "output": [[0, 0, 8, 8, 0, 0, 0, 0, 0], [8, 8, 0, 0, 8, 8, 0, 0, 0], [8, 0, 8, 8, 0, 8, 0, 0, 0], [0, 0, 0, 4, 0, 0, 0, 0, 0], [0, 0, 0, 4, 4, 4, 0, 0, 0], [0, 0, 0, 0, 4, 0, 0, 0, 0]]}, {"input": [[0, 0, 0, 8, 8, 8, 0, 0, 0], [0, 0, 0, 8, 8, 0, 0, 0, 0], [0, 0, 0, 0, 8, 0, 0, 0, 0], [0, 0, 0, 4, 0, 0, 0, 0, 0], [0, 0, 0, 4, 4, 4, 0, 0, 0], [0, 0, 0, 0, 4, 0, 0, 0, 0]], "output": [[8, 8, 8, 8, 8, 8, 0, 0, 0], [0, 8, 8, 8, 8, 0, 0, 0, 0], [0, 8, 0, 0, 8, 0, 0, 0, 0], [0, 0, 0, 4, 0, 0, 0, 0, 0], [0, 0, 0, 4, 4, 4, 0, 0, 0], [0, 0, 0, 0, 4, 0, 0, 0, 0]]}, {"input": [[0, 0, 0, 8, 0, 8, 0, 0, 0], [0, 0, 0, 8, 0, 0, 0, 0, 0], [0, 0, 0, 0, 8, 8, 0, 0, 0], [0, 0, 0, 0, 0, 4, 0, 0, 0], [0, 0, 0, 4, 4, 4, 0, 0, 0], [0, 0, 0, 0, 4, 0, 0, 0, 0]], "output": [[0, 0, 0, 8, 0, 8, 8, 0, 8], [0, 0, 0, 8, 0, 0, 0, 0, 8], [0, 0, 0, 0, 8, 8, 8, 8, 0], [0, 0, 0, 0, 0, 4, 0, 0, 0], [0, 0, 0, 4, 4, 4, 0, 0, 0], [0, 0, 0, 0, 4, 0, 0, 0, 0]]}, {"input": [[0, 0, 0, 0, 8, 8, 0, 0, 0], [0, 0, 0, 8, 0, 8, 0, 0, 0], [0, 0, 0, 0, 8, 0, 0, 0, 0], [0, 0, 0, 4, 0, 0, 0, 0, 0], [0, 0, 0, 4, 4, 4, 0, 0, 0], [0, 0, 0, 0, 4, 0, 0, 0, 0]], "output": [[8, 8, 0, 0, 8, 8, 0, 0, 0], [8, 0, 8, 8, 0, 8, 0, 0, 0], [0, 8, 0, 0, 8, 0, 0, 0, 0], [0, 0, 0, 4, 0, 0, 0, 0, 0], [0, 0, 0, 4, 4, 4, 0, 0, 0], [0, 0, 0, 0, 4, 0, 0, 0, 0]]}, {"input": [[0, 0, 0, 8, 0, 8, 0, 0, 0], [0, 0, 0, 0, 8, 8, 0, 0, 0], [0, 0, 0, 0, 8, 0, 0, 0, 0], [0, 0, 0, 0, 0, 4, 0, 0, 0], [0, 0, 0, 4, 4, 4, 0, 0, 0], [0, 0, 0, 0, 4, 0, 0, 0, 0]], "output": [[0, 0, 0, 8, 0, 8, 8, 0, 8], [0, 0, 0, 0, 8, 8, 8, 8, 0], [0, 0, 0, 0, 8, 0, 0, 8, 0], [0, 0, 0, 0, 0, 4, 0, 0, 0], [0, 0, 0, 4, 4, 4, 0, 0, 0], [0, 0, 0, 0, 4, 0, 0, 0, 0]]}, {"input": [[0, 0, 0, 8, 0, 0, 0, 0, 0], [0, 0, 0, 8, 8, 0, 0, 0, 0], [0, 0, 0, 0, 8, 8, 0, 0, 0], [0, 0, 0, 4, 0, 0, 0, 0, 0], [0, 0, 0, 4, 4, 4, 0, 0, 0], [0, 0, 0, 0, 4, 0, 0, 0, 0]], "output": [[0, 0, 8, 8, 0, 0, 0, 0, 0], [0, 8, 8, 8, 8, 0, 0, 0, 0], [8, 8, 0, 0, 8, 8, 0, 0, 0], [0, 0, 0, 4, 0, 0, 0, 0, 0], [0, 0, 0, 4, 4, 4, 0, 0, 0], [0, 0, 0, 0, 4, 0, 0, 0, 0]]}, {"input": [[0, 0, 0, 0, 8, 0, 0, 0, 0], [0, 0, 0, 8, 0, 8, 0, 0, 0], [0, 0, 0, 8, 0, 8, 0, 0, 0], [0, 0, 0, 0, 0, 4, 0, 0, 0], [0, 0, 0, 4, 4, 4, 0, 0, 0], [0, 0, 0, 0, 4, 0, 0, 0, 0]], "output": [[0, 0, 0, 0, 8, 0, 0, 8, 0], [0, 0, 0, 8, 0, 8, 8, 0, 8], [0, 0, 0, 8, 0, 8, 8, 0, 8], [0, 0, 0, 0, 0, 4, 0, 0, 0], [0, 0, 0, 4, 4, 4, 0, 0, 0], [0, 0, 0, 0, 4, 0, 0, 0, 0]]}, {"input": [[0, 0, 0, 0, 8, 8, 0, 0, 0], [0, 0, 0, 0, 0, 8, 0, 0, 0], [0, 0, 0, 8, 8, 0, 0, 0, 0], [0, 0, 0, 0, 0, 4, 0, 0, 0], [0, 0, 0, 4, 4, 4, 0, 0, 0], [0, 0, 0, 0, 4, 0, 0, 0, 0]], "output": [[0, 0, 0, 0, 8, 8, 8, 8, 0], [0, 0, 0, 0, 0, 8, 8, 0, 0], [0, 0, 0, 8, 8, 0, 0, 8, 8], [0, 0, 0, 0, 0, 4, 0, 0, 0], [0, 0, 0, 4, 4, 4, 0, 0, 0], [0, 0, 0, 0, 4, 0, 0, 0, 0]]}, {"input": [[0, 0, 0, 8, 0, 0, 0, 0, 0], [0, 0, 0, 0, 8, 8, 0, 0, 0], [0, 0, 0, 8, 8, 0, 0, 0, 0], [0, 0, 0, 4, 0, 0, 0, 0, 0], [0, 0, 0, 4, 4, 4, 0, 0, 0], [0, 0, 0, 0, 4, 0, 0, 0, 0]], "output": [[0, 0, 8, 8, 0, 0, 0, 0, 0], [8, 8, 0, 0, 8, 8, 0, 0, 0], [0, 8, 8, 8, 8, 0, 0, 0, 0], [0, 0, 0, 4, 0, 0, 0, 0, 0], [0, 0, 0, 4, 4, 4, 0, 0, 0], [0, 0, 0, 0, 4, 0, 0, 0, 0]]}, {"input": [[0, 0, 0, 8, 0, 8, 0, 0, 0], [0, 0, 0, 0, 8, 0, 0, 0, 0], [0, 0, 0, 8, 0, 8, 0, 0, 0], [0, 0, 0, 0, 0, 4, 0, 0, 0], [0, 0, 0, 4, 4, 4, 0, 0, 0], [0, 0, 0, 0, 4, 0, 0, 0, 0]], "output": [[0, 0, 0, 8, 0, 8, 8, 0, 8], [0, 0, 0, 0, 8, 0, 0, 8, 0], [0, 0, 0, 8, 0, 8, 8, 0, 8], [0, 0, 0, 0, 0, 4, 0, 0, 0], [0, 0, 0, 4, 4, 4, 0, 0, 0], [0, 0, 0, 0, 4, 0, 0, 0, 0]]}, {"input": [[0, 0, 0, 0, 8, 8, 0, 0, 0], [0, 0, 0, 8, 0, 0, 0, 0, 0], [0, 0, 0, 8, 8, 0, 0, 0, 0], [0, 0, 0, 4, 0, 0, 0, 0, 0], [0, 0, 0, 4, 4, 4, 0, 0, 0], [0, 0, 0, 0, 4, 0, 0, 0, 0]], "output": [[8, 8, 0, 0, 8, 8, 0, 0, 0], [0, 0, 8, 8, 0, 0, 0, 0, 0], [0, 8, 8, 8, 8, 0, 0, 0, 0], [0, 0, 0, 4, 0, 0, 0, 0, 0], [0, 0, 0, 4, 4, 4, 0, 0, 0], [0, 0, 0, 0, 4, 0, 0, 0, 0]]}, {"input": [[0, 0, 0, 0, 0, 8, 0, 0, 0], [0, 0, 0, 8, 8, 8, 0, 0, 0], [0, 0, 0, 0, 8, 0, 0, 0, 0], [0, 0, 0, 0, 0, 4, 0, 0, 0], [0, 0, 0, 4, 4, 4, 0, 0, 0], [0, 0, 0, 0, 4, 0, 0, 0, 0]], "output": [[0, 0, 0, 0, 0, 8, 8, 0, 0], [0, 0, 0, 8, 8, 8, 8, 8, 8], [0, 0, 0, 0, 8, 0, 0, 8, 0], [0, 0, 0, 0, 0, 4, 0, 0, 0], [0, 0, 0, 4, 4, 4, 0, 0, 0], [0, 0, 0, 0, 4, 0, 0, 0, 0]]}, {"input": [[0, 0, 0, 8, 8, 8, 0, 0, 0], [0, 0, 0, 0, 0, 8, 0, 0, 0], [0, 0, 0, 0, 8, 0, 0, 0, 0], [0, 0, 0, 0, 0, 4, 0, 0, 0], [0, 0, 0, 4, 4, 4, 0, 0, 0], [0, 0, 0, 0, 4, 0, 0, 0, 0]], "output": [[0, 0, 0, 8, 8, 8, 8, 8, 8], [0, 0, 0, 0, 0, 8, 8, 0, 0], [0, 0, 0, 0, 8, 0, 0, 8, 0], [0, 0, 0, 0, 0, 4, 0, 0, 0], [0, 0, 0, 4, 4, 4, 0, 0, 0], [0, 0, 0, 0, 4, 0, 0, 0, 0]]}, {"input": [[0, 0, 0, 0, 8, 0, 0, 0, 0], [0, 0, 0, 8, 0, 8, 0, 0, 0], [0, 0, 0, 0, 8, 8, 0, 0, 0], [0, 0, 0, 0, 0, 4, 0, 0, 0], [0, 0, 0, 4, 4, 4, 0, 0, 0], [0, 0, 0, 0, 4, 0, 0, 0, 0]], "output": [[0, 0, 0, 0, 8, 0, 0, 8, 0], [0, 0, 0, 8, 0, 8, 8, 0, 8], [0, 0, 0, 0, 8, 8, 8, 8, 0], [0, 0, 0, 0, 0, 4, 0, 0, 0], [0, 0, 0, 4, 4, 4, 0, 0, 0], [0, 0, 0, 0, 4, 0, 0, 0, 0]]}, {"input": [[0, 0, 0, 8, 8, 8, 0, 0, 0], [0, 0, 0, 0, 8, 0, 0, 0, 0], [0, 0, 0, 0, 0, 8, 0, 0, 0], [0, 0, 0, 4, 0, 0, 0, 0, 0], [0, 0, 0, 4, 4, 4, 0, 0, 0], [0, 0, 0, 0, 4, 0, 0, 0, 0]], "output": [[8, 8, 8, 8, 8, 8, 0, 0, 0], [0, 8, 0, 0, 8, 0, 0, 0, 0], [8, 0, 0, 0, 0, 8, 0, 0, 0], [0, 0, 0, 4, 0, 0, 0, 0, 0], [0, 0, 0, 4, 4, 4, 0, 0, 0], [0, 0, 0, 0, 4, 0, 0, 0, 0]]}, {"input": [[0, 0, 0, 8, 0, 0, 0, 0, 0], [0, 0, 0, 0, 0, 8, 0, 0, 0], [0, 0, 0, 8, 8, 8, 0, 0, 0], [0, 0, 0, 0, 0, 4, 0, 0, 0], [0, 0, 0, 4, 4, 4, 0, 0, 0], [0, 0, 0, 0, 4, 0, 0, 0, 0]], "output": [[0, 0, 0, 8, 0, 0, 0, 0, 8], [0, 0, 0, 0, 0, 8, 8, 0, 0], [0, 0, 0, 8, 8, 8, 8, 8, 8], [0, 0, 0, 0, 0, 4, 0, 0, 0], [0, 0, 0, 4, 4, 4, 0, 0, 0], [0, 0, 0, 0, 4, 0, 0, 0, 0]]}, {"input": [[0, 0, 0, 0, 8, 8, 0, 0, 0], [0, 0, 0, 8, 8, 0, 0, 0, 0], [0, 0, 0, 8, 0, 0, 0, 0, 0], [0, 0, 0, 4, 0, 0, 0, 0, 0], [0, 0, 0, 4, 4, 4, 0, 0, 0], [0, 0, 0, 0, 4, 0, 0, 0, 0]], "output": [[8, 8, 0, 0, 8, 8, 0, 0, 0], [0, 8, 8, 8, 8, 0, 0, 0, 0], [0, 0, 8, 8, 0, 0, 0, 0, 0], [0, 0, 0, 4, 0, 0, 0, 0, 0], [0, 0, 0, 4, 4, 4, 0, 0, 0], [0, 0, 0, 0, 4, 0, 0, 0, 0]]}, {"input": [[0, 0, 0, 8, 8, 0, 0, 0, 0], [0, 0, 0, 8, 0, 0, 0, 0, 0], [0, 0, 0, 8, 8, 8, 0, 0, 0], [0, 0, 0, 4, 0, 0, 0, 0, 0], [0, 0, 0, 4, 4, 4, 0, 0, 0], [0, 0, 0, 0, 4, 0, 0, 0, 0]], "output": [[0, 8, 8, 8, 8, 0, 0, 0, 0], [0, 0, 8, 8, 0, 0, 0, 0, 0], [8, 8, 8, 8, 8, 8, 0, 0, 0], [0, 0, 0, 4, 0, 0, 0, 0, 0], [0, 0, 0, 4, 4, 4, 0, 0, 0], [0, 0, 0, 0, 4, 0, 0, 0, 0]]}, {"input": [[0, 0, 0, 0, 8, 0, 0, 0, 0], [0, 0, 0, 8, 8, 8, 0, 0, 0], [0, 0, 0, 0, 8, 8, 0, 0, 0], [0, 0, 0, 0, 0, 4, 0, 0, 0], [0, 0, 0, 4, 4, 4, 0, 0, 0], [0, 0, 0, 0, 4, 0, 0, 0, 0]], "output": [[0, 0, 0, 0, 8, 0, 0, 8, 0], [0, 0, 0, 8, 8, 8, 8, 8, 8], [0, 0, 0, 0, 8, 8, 8, 8, 0], [0, 0, 0, 0, 0, 4, 0, 0, 0], [0, 0, 0, 4, 4, 4, 0, 0, 0], [0, 0, 0, 0, 4, 0, 0, 0, 0]]}, {"input": [[0, 0, 0, 0, 8, 8, 0, 0, 0], [0, 0, 0, 0, 0, 8, 0, 0, 0], [0, 0, 0, 8, 8, 0, 0, 0, 0], [0, 0, 0, 4, 0, 0, 0, 0, 0], [0, 0, 0, 4, 4, 4, 0, 0, 0], [0, 0, 0, 0, 4, 0, 0, 0, 0]], "output": [[8, 8, 0, 0, 8, 8, 0, 0, 0], [8, 0, 0, 0, 0, 8, 0, 0, 0], [0, 8, 8, 8, 8, 0, 0, 0, 0], [0, 0, 0, 4, 0, 0, 0, 0, 0], [0, 0, 0, 4, 4, 4, 0, 0, 0], [0, 0, 0, 0, 4, 0, 0, 0, 0]]}, {"input": [[0, 0, 0, 8, 8, 8, 0, 0, 0], [0, 0, 0, 8, 0, 8, 0, 0, 0], [0, 0, 0, 8, 0, 0, 0, 0, 0], [0, 0, 0, 0, 0, 4, 0, 0, 0], [0, 0, 0, 4, 4, 4, 0, 0, 0], [0, 0, 0, 0, 4, 0, 0, 0, 0]], "output": [[0, 0, 0, 8, 8, 8, 8, 8, 8], [0, 0, 0, 8, 0, 8, 8, 0, 8], [0, 0, 0, 8, 0, 0, 0, 0, 8], [0, 0, 0, 0, 0, 4, 0, 0, 0], [0, 0, 0, 4, 4, 4, 0, 0, 0], [0, 0, 0, 0, 4, 0, 0, 0, 0]]}, {"input": [[0, 0, 0, 0, 8, 8, 0, 0, 0], [0, 0, 0, 8, 0, 8, 0, 0, 0], [0, 0, 0, 0, 0, 8, 0, 0, 0], [0, 0, 0, 0, 0, 4, 0, 0, 0], [0, 0, 0, 4, 4, 4, 0, 0, 0], [0, 0, 0, 0, 4, 0, 0, 0, 0]], "output": [[0, 0, 0, 0, 8, 8, 8, 8, 0], [0, 0, 0, 8, 0, 8, 8, 0, 8], [0, 0, 0, 0, 0, 8, 8, 0, 0], [0, 0, 0, 0, 0, 4, 0, 0, 0], [0, 0, 0, 4, 4, 4, 0, 0, 0], [0, 0, 0, 0, 4, 0, 0, 0, 0]]}, {"input": [[0, 0, 0, 8, 0, 8, 0, 0, 0], [0, 0, 0, 0, 0, 8, 0, 0, 0], [0, 0, 0, 0, 8, 8, 0, 0, 0], [0, 0, 0, 0, 0, 4, 0, 0, 0], [0, 0, 0, 4, 4, 4, 0, 0, 0], [0, 0, 0, 0, 4, 0, 0, 0, 0]], "output": [[0, 0, 0, 8, 0, 8, 8, 0, 8], [0, 0, 0, 0, 0, 8, 8, 0, 0], [0, 0, 0, 0, 8, 8, 8, 8, 0], [0, 0, 0, 0, 0, 4, 0, 0, 0], [0, 0, 0, 4, 4, 4, 0, 0, 0], [0, 0, 0, 0, 4, 0, 0, 0, 0]]}, {"input": [[0, 0, 0, 0, 0, 8, 0, 0, 0], [0, 0, 0, 8, 8, 0, 0, 0, 0], [0, 0, 0, 8, 0, 8, 0, 0, 0], [0, 0, 0, 4, 0, 0, 0, 0, 0], [0, 0, 0, 4, 4, 4, 0, 0, 0], [0, 0, 0, 0, 4, 0, 0, 0, 0]], "output": [[8, 0, 0, 0, 0, 8, 0, 0, 0], [0, 8, 8, 8, 8, 0, 0, 0, 0], [8, 0, 8, 8, 0, 8, 0, 0, 0], [0, 0, 0, 4, 0, 0, 0, 0, 0], [0, 0, 0, 4, 4, 4, 0, 0, 0], [0, 0, 0, 0, 4, 0, 0, 0, 0]]}, {"input": [[0, 0, 0, 8, 8, 0, 0, 0, 0], [0, 0, 0, 8, 0, 0, 0, 0, 0], [0, 0, 0, 8, 8, 8, 0, 0, 0], [0, 0, 0, 0, 0, 4, 0, 0, 0], [0, 0, 0, 4, 4, 4, 0, 0, 0], [0, 0, 0, 0, 4, 0, 0, 0, 0]], "output": [[0, 0, 0, 8, 8, 0, 0, 8, 8], [0, 0, 0, 8, 0, 0, 0, 0, 8], [0, 0, 0, 8, 8, 8, 8, 8, 8], [0, 0, 0, 0, 0, 4, 0, 0, 0], [0, 0, 0, 4, 4, 4, 0, 0, 0], [0, 0, 0, 0, 4, 0, 0, 0, 0]]}, {"input": [[0, 0, 0, 0, 8, 8, 0, 0, 0], [0, 0, 0, 0, 8, 0, 0, 0, 0], [0, 0, 0, 8, 0, 8, 0, 0, 0], [0, 0, 0, 4, 0, 0, 0, 0, 0], [0, 0, 0, 4, 4, 4, 0, 0, 0], [0, 0, 0, 0, 4, 0, 0, 0, 0]], "output": [[8, 8, 0, 0, 8, 8, 0, 0, 0], [0, 8, 0, 0, 8, 0, 0, 0, 0], [8, 0, 8, 8, 0, 8, 0, 0, 0], [0, 0, 0, 4, 0, 0, 0, 0, 0], [0, 0, 0, 4, 4, 4, 0, 0, 0], [0, 0, 0, 0, 4, 0, 0, 0, 0]]}, {"input": [[0, 0, 0, 8, 8, 0, 0, 0, 0], [0, 0, 0, 0, 0, 8, 0, 0, 0], [0, 0, 0, 8, 8, 0, 0, 0, 0], [0, 0, 0, 4, 0, 0, 0, 0, 0], [0, 0, 0, 4, 4, 4, 0, 0, 0], [0, 0, 0, 0, 4, 0, 0, 0, 0]], "output": [[0, 8, 8, 8, 8, 0, 0, 0, 0], [8, 0, 0, 0, 0, 8, 0, 0, 0], [0, 8, 8, 8, 8, 0, 0, 0, 0], [0, 0, 0, 4, 0, 0, 0, 0, 0], [0, 0, 0, 4, 4, 4, 0, 0, 0], [0, 0, 0, 0, 4, 0, 0, 0, 0]]}, {"input": [[0, 0, 0, 8, 8, 8, 0, 0, 0], [0, 0, 0, 8, 0, 0, 0, 0, 0], [0, 0, 0, 0, 8, 0, 0, 0, 0], [0, 0, 0, 4, 0, 0, 0, 0, 0], [0, 0, 0, 4, 4, 4, 0, 0, 0], [0, 0, 0, 0, 4, 0, 0, 0, 0]], "output": [[8, 8, 8, 8, 8, 8, 0, 0, 0], [0, 0, 8, 8, 0, 0, 0, 0, 0], [0, 8, 0, 0, 8, 0, 0, 0, 0], [0, 0, 0, 4, 0, 0, 0, 0, 0], [0, 0, 0, 4, 4, 4, 0, 0, 0], [0, 0, 0, 0, 4, 0, 0, 0, 0]]}, {"input": [[0, 0, 0, 8, 0, 8, 0, 0, 0], [0, 0, 0, 8, 8, 0, 0, 0, 0], [0, 0, 0, 0, 0, 8, 0, 0, 0], [0, 0, 0, 4, 0, 0, 0, 0, 0], [0, 0, 0, 4, 4, 4, 0, 0, 0], [0, 0, 0, 0, 4, 0, 0, 0, 0]], "output": [[8, 0, 8, 8, 0, 8, 0, 0, 0], [0, 8, 8, 8, 8, 0, 0, 0, 0], [8, 0, 0, 0, 0, 8, 0, 0, 0], [0, 0, 0, 4, 0, 0, 0, 0, 0], [0, 0, 0, 4, 4, 4, 0, 0, 0], [0, 0, 0, 0, 4, 0, 0, 0, 0]]}, {"input": [[0, 0, 0, 8, 8, 0, 0, 0, 0], [0, 0, 0, 8, 8, 0, 0, 0, 0], [0, 0, 0, 0, 8, 8, 0, 0, 0], [0, 0, 0, 0, 0, 4, 0, 0, 0], [0, 0, 0, 4, 4, 4, 0, 0, 0], [0, 0, 0, 0, 4, 0, 0, 0, 0]], "output": [[0, 0, 0, 8, 8, 0, 0, 8, 8], [0, 0, 0, 8, 8, 0, 0, 8, 8], [0, 0, 0, 0, 8, 8, 8, 8, 0], [0, 0, 0, 0, 0, 4, 0, 0, 0], [0, 0, 0, 4, 4, 4, 0, 0, 0], [0, 0, 0, 0, 4, 0, 0, 0, 0]]}, {"input": [[0, 0, 0, 8, 0, 8, 0, 0, 0], [0, 0, 0, 0, 8, 8, 0, 0, 0], [0, 0, 0, 0, 0, 8, 0, 0, 0], [0, 0, 0, 0, 0, 4, 0, 0, 0], [0, 0, 0, 4, 4, 4, 0, 0, 0], [0, 0, 0, 0, 4, 0, 0, 0, 0]], "output": [[0, 0, 0, 8, 0, 8, 8, 0, 8], [0, 0, 0, 0, 8, 8, 8, 8, 0], [0, 0, 0, 0, 0, 8, 8, 0, 0], [0, 0, 0, 0, 0, 4, 0, 0, 0], [0, 0, 0, 4, 4, 4, 0, 0, 0], [0, 0, 0, 0, 4, 0, 0, 0, 0]]}, {"input": [[0, 0, 0, 0, 0, 8, 0, 0, 0], [0, 0, 0, 0, 8, 0, 0, 0, 0], [0, 0, 0, 8, 0, 8, 0, 0, 0], [0, 0, 0, 4, 0, 0, 0, 0, 0], [0, 0, 0, 4, 4, 4, 0, 0, 0], [0, 0, 0, 0, 4, 0, 0, 0, 0]], "output": [[8, 0, 0, 0, 0, 8, 0, 0, 0], [0, 8, 0, 0, 8, 0, 0, 0, 0], [8, 0, 8, 8, 0, 8, 0, 0, 0], [0, 0, 0, 4, 0, 0, 0, 0, 0], [0, 0, 0, 4, 4, 4, 0, 0, 0], [0, 0, 0, 0, 4, 0, 0, 0, 0]]}, {"input": [[0, 0, 0, 8, 8, 0, 0, 0, 0], [0, 0, 0, 8, 8, 0, 0, 0, 0], [0, 0, 0, 0, 0, 8, 0, 0, 0], [0, 0, 0, 4, 0, 0, 0, 0, 0], [0, 0, 0, 4, 4, 4, 0, 0, 0], [0, 0, 0, 0, 4, 0, 0, 0, 0]], "output": [[0, 8, 8, 8, 8, 0, 0, 0, 0], [0, 8, 8, 8, 8, 0, 0, 0, 0], [8, 0, 0, 0, 0, 8, 0, 0, 0], [0, 0, 0, 4, 0, 0, 0, 0, 0], [0, 0, 0, 4, 4, 4, 0, 0, 0], [0, 0, 0, 0, 4, 0, 0, 0, 0]]}, {"input": [[0, 0, 0, 8, 0, 0, 0, 0, 0], [0, 0, 0, 0, 8, 0, 0, 0, 0], [0, 0, 0, 8, 8, 8, 0, 0, 0], [0, 0, 0, 0, 0, 4, 0, 0, 0], [0, 0, 0, 4, 4, 4, 0, 0, 0], [0, 0, 0, 0, 4, 0, 0, 0, 0]], "output": [[0, 0, 0, 8, 0, 0, 0, 0, 8], [0, 0, 0, 0, 8, 0, 0, 8, 0], [0, 0, 0, 8, 8, 8, 8, 8, 8], [0, 0, 0, 0, 0, 4, 0, 0, 0], [0, 0, 0, 4, 4, 4, 0, 0, 0], [0, 0, 0, 0, 4, 0, 0, 0, 0]]}, {"input": [[0, 0, 0, 0, 8, 0, 0, 0, 0], [0, 0, 0, 8, 8, 0, 0, 0, 0], [0, 0, 0, 0, 8, 8, 0, 0, 0], [0, 0, 0, 4, 0, 0, 0, 0, 0], [0, 0, 0, 4, 4, 4, 0, 0, 0], [0, 0, 0, 0, 4, 0, 0, 0, 0]], "output": [[0, 8, 0, 0, 8, 0, 0, 0, 0], [0, 8, 8, 8, 8, 0, 0, 0, 0], [8, 8, 0, 0, 8, 8, 0, 0, 0], [0, 0, 0, 4, 0, 0, 0, 0, 0], [0, 0, 0, 4, 4, 4, 0, 0, 0], [0, 0, 0, 0, 4, 0, 0, 0, 0]]}, {"input": [[0, 0, 0, 0, 8, 0, 0, 0, 0], [0, 0, 0, 8, 0, 8, 0, 0, 0], [0, 0, 0, 8, 8, 0, 0, 0, 0], [0, 0, 0, 0, 0, 4, 0, 0, 0], [0, 0, 0, 4, 4, 4, 0, 0, 0], [0, 0, 0, 0, 4, 0, 0, 0, 0]], "output": [[0, 0, 0, 0, 8, 0, 0, 8, 0], [0, 0, 0, 8, 0, 8, 8, 0, 8], [0, 0, 0, 8, 8, 0, 0, 8, 8], [0, 0, 0, 0, 0, 4, 0, 0, 0], [0, 0, 0, 4, 4, 4, 0, 0, 0], [0, 0, 0, 0, 4, 0, 0, 0, 0]]}, {"input": [[0, 0, 0, 8, 0, 8, 0, 0, 0], [0, 0, 0, 0, 8, 0, 0, 0, 0], [0, 0, 0, 8, 8, 8, 0, 0, 0], [0, 0, 0, 4, 0, 0, 0, 0, 0], [0, 0, 0, 4, 4, 4, 0, 0, 0], [0, 0, 0, 0, 4, 0, 0, 0, 0]], "output": [[8, 0, 8, 8, 0, 8, 0, 0, 0], [0, 8, 0, 0, 8, 0, 0, 0, 0], [8, 8, 8, 8, 8, 8, 0, 0, 0], [0, 0, 0, 4, 0, 0, 0, 0, 0], [0, 0, 0, 4, 4, 4, 0, 0, 0], [0, 0, 0, 0, 4, 0, 0, 0, 0]]}, {"input": [[0, 0, 0, 0, 0, 8, 0, 0, 0], [0, 0, 0, 8, 0, 0, 0, 0, 0], [0, 0, 0, 8, 8, 8, 0, 0, 0], [0, 0, 0, 4, 0, 0, 0, 0, 0], [0, 0, 0, 4, 4, 4, 0, 0, 0], [0, 0, 0, 0, 4, 0, 0, 0, 0]], "output": [[8, 0, 0, 0, 0, 8, 0, 0, 0], [0, 0, 8, 8, 0, 0, 0, 0, 0], [8, 8, 8, 8, 8, 8, 0, 0, 0], [0, 0, 0, 4, 0, 0, 0, 0, 0], [0, 0, 0, 4, 4, 4, 0, 0, 0], [0, 0, 0, 0, 4, 0, 0, 0, 0]]}, {"input": [[0, 0, 0, 0, 8, 8, 0, 0, 0], [0, 0, 0, 8, 0, 0, 0, 0, 0], [0, 0, 0, 8, 8, 8, 0, 0, 0], [0, 0, 0, 4, 0, 0, 0, 0, 0], [0, 0, 0, 4, 4, 4, 0, 0, 0], [0, 0, 0, 0, 4, 0, 0, 0, 0]], "output": [[8, 8, 0, 0, 8, 8, 0, 0, 0], [0, 0, 8, 8, 0, 0, 0, 0, 0], [8, 8, 8, 8, 8, 8, 0, 0, 0], [0, 0, 0, 4, 0, 0, 0, 0, 0], [0, 0, 0, 4, 4, 4, 0, 0, 0], [0, 0, 0, 0, 4, 0, 0, 0, 0]]}, {"input": [[0, 0, 0, 0, 8, 8, 0, 0, 0], [0, 0, 0, 8, 8, 8, 0, 0, 0], [0, 0, 0, 0, 8, 0, 0, 0, 0], [0, 0, 0, 0, 0, 4, 0, 0, 0], [0, 0, 0, 4, 4, 4, 0, 0, 0], [0, 0, 0, 0, 4, 0, 0, 0, 0]], "output": [[0, 0, 0, 0, 8, 8, 8, 8, 0], [0, 0, 0, 8, 8, 8, 8, 8, 8], [0, 0, 0, 0, 8, 0, 0, 8, 0], [0, 0, 0, 0, 0, 4, 0, 0, 0], [0, 0, 0, 4, 4, 4, 0, 0, 0], [0, 0, 0, 0, 4, 0, 0, 0, 0]]}, {"input": [[0, 0, 0, 8, 8, 0, 0, 0, 0], [0, 0, 0, 0, 8, 8, 0, 0, 0], [0, 0, 0, 8, 0, 0, 0, 0, 0], [0, 0, 0, 0, 0, 4, 0, 0, 0], [0, 0, 0, 4, 4, 4, 0, 0, 0], [0, 0, 0, 0, 4, 0, 0, 0, 0]], "output": [[0, 0, 0, 8, 8, 0, 0, 8, 8], [0, 0, 0, 0, 8, 8, 8, 8, 0], [0, 0, 0, 8, 0, 0, 0, 0, 8], [0, 0, 0, 0, 0, 4, 0, 0, 0], [0, 0, 0, 4, 4, 4, 0, 0, 0], [0, 0, 0, 0, 4, 0, 0, 0, 0]]}, {"input": [[0, 0, 0, 8, 0, 0, 0, 0, 0], [0, 0, 0, 8, 8, 8, 0, 0, 0], [0, 0, 0, 8, 8, 8, 0, 0, 0], [0, 0, 0, 0, 0, 4, 0, 0, 0], [0, 0, 0, 4, 4, 4, 0, 0, 0], [0, 0, 0, 0, 4, 0, 0, 0, 0]], "output": [[0, 0, 0, 8, 0, 0, 0, 0, 8], [0, 0, 0, 8, 8, 8, 8, 8, 8], [0, 0, 0, 8, 8, 8, 8, 8, 8], [0, 0, 0, 0, 0, 4, 0, 0, 0], [0, 0, 0, 4, 4, 4, 0, 0, 0], [0, 0, 0, 0, 4, 0, 0, 0, 0]]}, {"input": [[0, 0, 0, 8, 8, 0, 0, 0, 0], [0, 0, 0, 8, 8, 8, 0, 0, 0], [0, 0, 0, 0, 8, 0, 0, 0, 0], [0, 0, 0, 4, 0, 0, 0, 0, 0], [0, 0, 0, 4, 4, 4, 0, 0, 0], [0, 0, 0, 0, 4, 0, 0, 0, 0]], "output": [[0, 8, 8, 8, 8, 0, 0, 0, 0], [8, 8, 8, 8, 8, 8, 0, 0, 0], [0, 8, 0, 0, 8, 0, 0, 0, 0], [0, 0, 0, 4, 0, 0, 0, 0, 0], [0, 0, 0, 4, 4, 4, 0, 0, 0], [0, 0, 0, 0, 4, 0, 0, 0, 0]]}, {"input": [[0, 0, 0, 0, 0, 8, 0, 0, 0], [0, 0, 0, 8, 0, 0, 0, 0, 0], [0, 0, 0, 8, 8, 8, 0, 0, 0], [0, 0, 0, 0, 0, 4, 0, 0, 0], [0, 0, 0, 4, 4, 4, 0, 0, 0], [0, 0, 0, 0, 4, 0, 0, 0, 0]], "output": [[0, 0, 0, 0, 0, 8, 8, 0, 0], [0, 0, 0, 8, 0, 0, 0, 0, 8], [0, 0, 0, 8, 8, 8, 8, 8, 8], [0, 0, 0, 0, 0, 4, 0, 0, 0], [0, 0, 0, 4, 4, 4, 0, 0, 0], [0, 0, 0, 0, 4, 0, 0, 0, 0]]}, {"input": [[0, 0, 0, 0, 0, 8, 0, 0, 0], [0, 0, 0, 0, 8, 8, 0, 0, 0], [0, 0, 0, 8, 0, 8, 0, 0, 0], [0, 0, 0, 0, 0, 4, 0, 0, 0], [0, 0, 0, 4, 4, 4, 0, 0, 0], [0, 0, 0, 0, 4, 0, 0, 0, 0]], "output": [[0, 0, 0, 0, 0, 8, 8, 0, 0], [0, 0, 0, 0, 8, 8, 8, 8, 0], [0, 0, 0, 8, 0, 8, 8, 0, 8], [0, 0, 0, 0, 0, 4, 0, 0, 0], [0, 0, 0, 4, 4, 4, 0, 0, 0], [0, 0, 0, 0, 4, 0, 0, 0, 0]]}, {"input": [[0, 0, 0, 8, 0, 8, 0, 0, 0], [0, 0, 0, 0, 0, 8, 0, 0, 0], [0, 0, 0, 0, 8, 8, 0, 0, 0], [0, 0, 0, 4, 0, 0, 0, 0, 0], [0, 0, 0, 4, 4, 4, 0, 0, 0], [0, 0, 0, 0, 4, 0, 0, 0, 0]], "output": [[8, 0, 8, 8, 0, 8, 0, 0, 0], [8, 0, 0, 0, 0, 8, 0, 0, 0], [8, 8, 0, 0, 8, 8, 0, 0, 0], [0, 0, 0, 4, 0, 0, 0, 0, 0], [0, 0, 0, 4, 4, 4, 0, 0, 0], [0, 0, 0, 0, 4, 0, 0, 0, 0]]}, {"input": [[0, 0, 0, 8, 0, 8, 0, 0, 0], [0, 0, 0, 8, 0, 0, 0, 0, 0], [0, 0, 0, 8, 8, 0, 0, 0, 0], [0, 0, 0, 4, 0, 0, 0, 0, 0], [0, 0, 0, 4, 4, 4, 0, 0, 0], [0, 0, 0, 0, 4, 0, 0, 0, 0]], "output": [[8, 0, 8, 8, 0, 8, 0, 0, 0], [0, 0, 8, 8, 0, 0, 0, 0, 0], [0, 8, 8, 8, 8, 0, 0, 0, 0], [0, 0, 0, 4, 0, 0, 0, 0, 0], [0, 0, 0, 4, 4, 4, 0, 0, 0], [0, 0, 0, 0, 4, 0, 0, 0, 0]]}, {"input": [[0, 0, 0, 8, 8, 8, 0, 0, 0], [0, 0, 0, 0, 0, 8, 0, 0, 0], [0, 0, 0, 0, 8, 0, 0, 0, 0], [0, 0, 0, 4, 0, 0, 0, 0, 0], [0, 0, 0, 4, 4, 4, 0, 0, 0], [0, 0, 0, 0, 4, 0, 0, 0, 0]], "output": [[8, 8, 8, 8, 8, 8, 0, 0, 0], [8, 0, 0, 0, 0, 8, 0, 0, 0], [0, 8, 0, 0, 8, 0, 0, 0, 0], [0, 0, 0, 4, 0, 0, 0, 0, 0], [0, 0, 0, 4, 4, 4, 0, 0, 0], [0, 0, 0, 0, 4, 0, 0, 0, 0]]}, {"input": [[0, 0, 0, 0, 8, 8, 0, 0, 0], [0, 0, 0, 8, 0, 8, 0, 0, 0], [0, 0, 0, 0, 0, 8, 0, 0, 0], [0, 0, 0, 4, 0, 0, 0, 0, 0], [0, 0, 0, 4, 4, 4, 0, 0, 0], [0, 0, 0, 0, 4, 0, 0, 0, 0]], "output": [[8, 8, 0, 0, 8, 8, 0, 0, 0], [8, 0, 8, 8, 0, 8, 0, 0, 0], [8, 0, 0, 0, 0, 8, 0, 0, 0], [0, 0, 0, 4, 0, 0, 0, 0, 0], [0, 0, 0, 4, 4, 4, 0, 0, 0], [0, 0, 0, 0, 4, 0, 0, 0, 0]]}, {"input": [[0, 0, 0, 0, 8, 8, 0, 0, 0], [0, 0, 0, 0, 8, 8, 0, 0, 0], [0, 0, 0, 8, 8, 0, 0, 0, 0], [0, 0, 0, 4, 0, 0, 0, 0, 0], [0, 0, 0, 4, 4, 4, 0, 0, 0], [0, 0, 0, 0, 4, 0, 0, 0, 0]], "output": [[8, 8, 0, 0, 8, 8, 0, 0, 0], [8, 8, 0, 0, 8, 8, 0, 0, 0], [0, 8, 8, 8, 8, 0, 0, 0, 0], [0, 0, 0, 4, 0, 0, 0, 0, 0], [0, 0, 0, 4, 4, 4, 0, 0, 0], [0, 0, 0, 0, 4, 0, 0, 0, 0]]}, {"input": [[0, 0, 0, 0, 8, 8, 0, 0, 0], [0, 0, 0, 8, 0, 0, 0, 0, 0], [0, 0, 0, 8, 0, 8, 0, 0, 0], [0, 0, 0, 0, 0, 4, 0, 0, 0], [0, 0, 0, 4, 4, 4, 0, 0, 0], [0, 0, 0, 0, 4, 0, 0, 0, 0]], "output": [[0, 0, 0, 0, 8, 8, 8, 8, 0], [0, 0, 0, 8, 0, 0, 0, 0, 8], [0, 0, 0, 8, 0, 8, 8, 0, 8], [0, 0, 0, 0, 0, 4, 0, 0, 0], [0, 0, 0, 4, 4, 4, 0, 0, 0], [0, 0, 0, 0, 4, 0, 0, 0, 0]]}, {"input": [[0, 0, 0, 0, 0, 8, 0, 0, 0], [0, 0, 0, 8, 0, 8, 0, 0, 0], [0, 0, 0, 8, 8, 0, 0, 0, 0], [0, 0, 0, 4, 0, 0, 0, 0, 0], [0, 0, 0, 4, 4, 4, 0, 0, 0], [0, 0, 0, 0, 4, 0, 0, 0, 0]], "output": [[8, 0, 0, 0, 0, 8, 0, 0, 0], [8, 0, 8, 8, 0, 8, 0, 0, 0], [0, 8, 8, 8, 8, 0, 0, 0, 0], [0, 0, 0, 4, 0, 0, 0, 0, 0], [0, 0, 0, 4, 4, 4, 0, 0, 0], [0, 0, 0, 0, 4, 0, 0, 0, 0]]}, {"input": [[0, 0, 0, 8, 0, 0, 0, 0, 0], [0, 0, 0, 0, 8, 8, 0, 0, 0], [0, 0, 0, 8, 8, 8, 0, 0, 0], [0, 0, 0, 0, 0, 4, 0, 0, 0], [0, 0, 0, 4, 4, 4, 0, 0, 0], [0, 0, 0, 0, 4, 0, 0, 0, 0]], "output": [[0, 0, 0, 8, 0, 0, 0, 0, 8], [0, 0, 0, 0, 8, 8, 8, 8, 0], [0, 0, 0, 8, 8, 8, 8, 8, 8], [0, 0, 0, 0, 0, 4, 0, 0, 0], [0, 0, 0, 4, 4, 4, 0, 0, 0], [0, 0, 0, 0, 4, 0, 0, 0, 0]]}, {"input": [[0, 0, 0, 0, 8, 0, 0, 0, 0], [0, 0, 0, 0, 8, 8, 0, 0, 0], [0, 0, 0, 8, 0, 8, 0, 0, 0], [0, 0, 0, 4, 0, 0, 0, 0, 0], [0, 0, 0, 4, 4, 4, 0, 0, 0], [0, 0, 0, 0, 4, 0, 0, 0, 0]], "output": [[0, 8, 0, 0, 8, 0, 0, 0, 0], [8, 8, 0, 0, 8, 8, 0, 0, 0], [8, 0, 8, 8, 0, 8, 0, 0, 0], [0, 0, 0, 4, 0, 0, 0, 0, 0], [0, 0, 0, 4, 4, 4, 0, 0, 0], [0, 0, 0, 0, 4, 0, 0, 0, 0]]}]